/*
 Navicat Premium Data Transfer

 Source Server         : 本地mysql8
 Source Server Type    : MySQL
 Source Server Version : 80011
 Source Host           : localhost:3307
 Source Schema         : srt_cloud

 Target Server Type    : MySQL
 Target Server Version : 80011
 File Encoding         : 65001

 Date: 23/01/2023 12:07:23
*/

SET NAMES utf8mb4;
SET FOREIGN_KEY_CHECKS = 0;

-- ----------------------------
-- Table structure for data_access
-- ----------------------------
DROP TABLE IF EXISTS `data_access`;
CREATE TABLE `data_access`  (
  `id` bigint(11) NOT NULL AUTO_INCREMENT COMMENT '主键id',
  `task_name` varchar(50) CHARACTER SET utf8mb4 COLLATE utf8mb4_general_ci NOT NULL COMMENT '任务名称',
  `description` varchar(300) CHARACTER SET utf8mb4 COLLATE utf8mb4_general_ci NULL DEFAULT NULL COMMENT '描述',
  `project_id` bigint(11) NOT NULL COMMENT '项目id',
  `source_database_id` bigint(11) NOT NULL COMMENT '源端数据库id',
  `target_database_id` bigint(11) NULL DEFAULT NULL COMMENT '目的端数据库id（同步方式为1有此值）',
  `access_mode` int(1) NOT NULL COMMENT '接入方式 1-接入ods 2-自定义接入',
  `task_type` int(1) NOT NULL COMMENT '任务类型 1-实时同步 2-一次性全量同步 3-一次性全量周期性增量',
  `cron` varchar(200) CHARACTER SET utf8mb4 COLLATE utf8mb4_general_ci NULL DEFAULT NULL COMMENT 'cron表达式（秒 分 时 日 月 星期 年，例如 0 0 3 * * ? 表示每天凌晨三点执行）',
  `status` int(1) NOT NULL DEFAULT 0 COMMENT '发布状态 0-未发布 1-已发布',
  `run_status` int(1) NOT NULL DEFAULT 1 COMMENT '最新状态 1-等待中 2-运行中 3-正常结束 4-异常结束',
  `data_access_json` longtext CHARACTER SET utf8mb4 COLLATE utf8mb4_general_ci NOT NULL COMMENT '数据接入基础配置json',
  `start_time` datetime(0) NULL DEFAULT NULL COMMENT '最近开始时间',
  `end_time` datetime(0) NULL DEFAULT NULL COMMENT '最近结束时间',
  `release_time` datetime(0) NULL DEFAULT NULL COMMENT '发布时间',
  `note` varchar(300) CHARACTER SET utf8mb4 COLLATE utf8mb4_general_ci NULL DEFAULT NULL COMMENT '备注',
  `release_user_id` bigint(11) NULL DEFAULT NULL COMMENT '发布人id',
  `next_run_time` datetime(0) NULL DEFAULT NULL COMMENT '下次执行时间',
  `version` int(11) NULL DEFAULT NULL COMMENT '版本号',
  `deleted` tinyint(4) NULL DEFAULT NULL COMMENT '删除标识  0：正常   1：已删除',
  `creator` bigint(20) NULL DEFAULT NULL COMMENT '创建者',
  `create_time` datetime(0) NULL DEFAULT NULL COMMENT '创建时间',
  `updater` bigint(20) NULL DEFAULT NULL COMMENT '更新者',
  `update_time` datetime(0) NULL DEFAULT NULL COMMENT '更新时间',
  PRIMARY KEY (`id`) USING BTREE
) ENGINE = InnoDB AUTO_INCREMENT = 120009 CHARACTER SET = utf8mb4 COLLATE = utf8mb4_general_ci COMMENT = '数据集成-数据接入' ROW_FORMAT = Dynamic;

-- ----------------------------
-- Records of data_access
-- ----------------------------
INSERT INTO `data_access` VALUES (120008, '人口测试数据-》中台库', '人口测试数据-》中台库', 10002, 5, NULL, 1, 3, '0/30 * * * * ? *', 0, 3, '{\"source\":[{\"url\":\"jdbc:mysql://127.0.0.1:3307/srt_cloud_test?useUnicode=true&characterEncoding=utf-8&zeroDateTimeBehavior=convertToNull&useSSL=false&serverTimezone=GMT%2B8&allowPublicKeyRetrieval=true\",\"driverClassName\":\"com.mysql.jdbc.Driver\",\"username\":\"root\",\"password\":\"root\",\"connectionTimeout\":60000,\"maxLifeTime\":3600000,\"fetchSize\":1000,\"tableType\":null,\"sourceSchema\":\"srt_cloud_test\",\"includeOrExclude\":1,\"sourceIncludes\":\"people\",\"sourceExcludes\":\"\",\"regexTableMapper\":[],\"regexColumnMapper\":[]}],\"target\":{\"url\":\"jdbc:mysql://192.168.18.11:3307/srt_data_warehouse_p_10002?useUnicode=true&characterEncoding=UTF-8&serverTimezone=Asia/Shanghai&nullCatalogMeansCurrent=true\",\"driverClassName\":\"com.mysql.jdbc.Driver\",\"username\":\"srt_data_warehouse_p_10002\",\"password\":\"BschnvGuVatChHQ7\",\"connectionTimeout\":60000,\"maxLifeTime\":3600000,\"targetSchema\":\"srt_data_warehouse_p_10002\",\"targetDrop\":true,\"syncExist\":true,\"onlyCreate\":false,\"indexCreate\":true,\"tablePrefix\":\"ods_\",\"lowercase\":true,\"uppercase\":false,\"createTableAutoIncrement\":true,\"writerEngineInsert\":false,\"changeDataSync\":true}}', '2023-01-22 20:48:00', '2023-01-22 20:48:00', NULL, NULL, NULL, '2023-01-22 20:48:30', 1, 0, 10000, '2023-01-21 11:51:07', 10000, '2023-01-22 20:46:34');

-- ----------------------------
-- Table structure for data_access_task
-- ----------------------------
DROP TABLE IF EXISTS `data_access_task`;
CREATE TABLE `data_access_task`  (
  `id` bigint(20) NOT NULL AUTO_INCREMENT COMMENT '主键id',
  `data_access_id` bigint(20) NOT NULL COMMENT '数据接入任务id',
  `run_status` int(1) NOT NULL COMMENT '运行状态（ 1-等待中 2-运行中 3-正常结束 4-异常结束）',
  `start_time` datetime(0) NOT NULL COMMENT '开始时间',
  `end_time` datetime(0) NULL DEFAULT NULL COMMENT '结束时间',
  `error_info` varchar(2000) CHARACTER SET utf8mb4 COLLATE utf8mb4_bin NULL DEFAULT NULL COMMENT '错误信息',
  `data_count` bigint(20) NULL DEFAULT 0 COMMENT '更新数据量',
  `table_success_count` bigint(11) NULL DEFAULT NULL COMMENT '成功表数量',
  `table_fail_count` bigint(11) NULL DEFAULT NULL COMMENT '失败表数量',
  `byte_count` varchar(50) CHARACTER SET utf8mb4 COLLATE utf8mb4_bin NULL DEFAULT NULL COMMENT '更新大小',
  `project_id` bigint(20) NOT NULL COMMENT '项目id',
  `version` int(11) NULL DEFAULT NULL COMMENT '版本号',
  `deleted` tinyint(4) NULL DEFAULT NULL COMMENT '删除标识  0：正常   1：已删除',
  `creator` bigint(20) NULL DEFAULT NULL COMMENT '创建者',
  `create_time` datetime(0) NULL DEFAULT NULL COMMENT '创建时间',
  `updater` bigint(20) NULL DEFAULT NULL COMMENT '更新者',
  `update_time` datetime(0) NULL DEFAULT NULL COMMENT '更新时间',
  PRIMARY KEY (`id`) USING BTREE,
  INDEX `access_id_index`(`data_access_id`) USING BTREE
) ENGINE = InnoDB AUTO_INCREMENT = 384 CHARACTER SET = utf8mb4 COLLATE = utf8mb4_bin COMMENT = '数据接入任务记录' ROW_FORMAT = Dynamic;

-- ----------------------------
-- Records of data_access_task
-- ----------------------------
INSERT INTO `data_access_task` VALUES (34, 120008, 3, '2023-01-20 14:10:30', '2023-01-20 14:10:31', NULL, 3, 1, 0, '192B ', 10002, 0, 0, NULL, '2023-01-20 14:10:30', NULL, '2023-01-20 14:10:32');
INSERT INTO `data_access_task` VALUES (35, 120008, 3, '2023-01-20 14:11:00', '2023-01-20 14:11:00', NULL, 0, 1, 0, '0B ', 10002, 0, 0, NULL, '2023-01-20 14:11:00', NULL, '2023-01-20 14:11:00');
INSERT INTO `data_access_task` VALUES (36, 120008, 3, '2023-01-20 14:11:30', '2023-01-20 14:11:31', NULL, 0, 1, 0, '0B ', 10002, 0, 0, NULL, '2023-01-20 14:11:30', NULL, '2023-01-20 14:11:31');
INSERT INTO `data_access_task` VALUES (37, 120008, 3, '2023-01-20 16:06:16', '2023-01-20 16:06:18', NULL, 3, 1, 0, '192B ', 10002, 0, 0, NULL, '2023-01-20 16:06:17', NULL, '2023-01-20 16:06:18');
INSERT INTO `data_access_task` VALUES (38, 120008, 3, '2023-01-20 16:10:41', '2023-01-20 16:10:42', NULL, 0, 1, 0, '0B ', 10002, 0, 0, NULL, '2023-01-20 16:10:42', NULL, '2023-01-20 16:10:42');
INSERT INTO `data_access_task` VALUES (39, 120008, 3, '2023-01-20 16:11:00', '2023-01-20 16:11:00', NULL, 0, 1, 0, '0B ', 10002, 0, 0, NULL, '2023-01-20 16:11:00', NULL, '2023-01-20 16:11:01');
INSERT INTO `data_access_task` VALUES (40, 120008, 3, '2023-01-20 16:11:40', '2023-01-20 16:11:41', NULL, 3, 1, 0, '192B ', 10002, 0, 0, NULL, '2023-01-20 16:11:41', NULL, '2023-01-20 16:11:41');
INSERT INTO `data_access_task` VALUES (41, 120008, 3, '2023-01-20 16:35:33', '2023-01-20 16:35:34', NULL, 3, 1, 0, '192B ', 10002, 0, 0, NULL, '2023-01-20 16:35:34', NULL, '2023-01-20 16:35:34');
INSERT INTO `data_access_task` VALUES (42, 120008, 3, '2023-01-20 16:36:43', '2023-01-20 16:36:44', NULL, 3, 1, 0, '192B ', 10002, 0, 0, NULL, '2023-01-20 16:36:44', NULL, '2023-01-20 16:36:44');
INSERT INTO `data_access_task` VALUES (43, 120008, 3, '2023-01-21 09:11:32', '2023-01-21 09:11:36', NULL, 4, 1, 0, '256B ', 10002, 0, 0, NULL, '2023-01-21 09:11:33', NULL, '2023-01-21 09:11:36');
INSERT INTO `data_access_task` VALUES (44, 120008, 3, '2023-01-21 09:12:00', '2023-01-21 09:12:00', NULL, 4, 1, 0, '256B ', 10002, 0, 0, NULL, '2023-01-21 09:12:00', NULL, '2023-01-21 09:12:01');
INSERT INTO `data_access_task` VALUES (45, 120008, 3, '2023-01-21 09:12:30', '2023-01-21 09:12:30', NULL, 4, 1, 0, '256B ', 10002, 0, 0, NULL, '2023-01-21 09:12:30', NULL, '2023-01-21 09:12:31');
INSERT INTO `data_access_task` VALUES (46, 120008, 3, '2023-01-21 09:13:00', '2023-01-21 09:13:00', NULL, 4, 1, 0, '256B ', 10002, 0, 0, NULL, '2023-01-21 09:13:00', NULL, '2023-01-21 09:13:01');
INSERT INTO `data_access_task` VALUES (47, 120008, 3, '2023-01-21 09:13:30', '2023-01-21 09:13:30', NULL, 4, 1, 0, '256B ', 10002, 0, 0, NULL, '2023-01-21 09:13:30', NULL, '2023-01-21 09:13:31');
INSERT INTO `data_access_task` VALUES (48, 120008, 3, '2023-01-21 09:14:00', '2023-01-21 09:14:00', NULL, 4, 1, 0, '256B ', 10002, 0, 0, NULL, '2023-01-21 09:14:00', NULL, '2023-01-21 09:14:01');
INSERT INTO `data_access_task` VALUES (49, 120008, 3, '2023-01-21 09:14:30', '2023-01-21 09:14:30', NULL, 4, 1, 0, '256B ', 10002, 0, 0, NULL, '2023-01-21 09:14:30', NULL, '2023-01-21 09:14:31');
INSERT INTO `data_access_task` VALUES (50, 120008, 3, '2023-01-21 09:15:00', '2023-01-21 09:15:00', NULL, 4, 1, 0, '256B ', 10002, 0, 0, NULL, '2023-01-21 09:15:00', NULL, '2023-01-21 09:15:01');
INSERT INTO `data_access_task` VALUES (51, 120008, 3, '2023-01-21 09:15:30', '2023-01-21 09:15:30', NULL, 4, 1, 0, '256B ', 10002, 0, 0, NULL, '2023-01-21 09:15:30', NULL, '2023-01-21 09:15:31');
INSERT INTO `data_access_task` VALUES (52, 120008, 3, '2023-01-21 09:16:00', '2023-01-21 09:16:01', NULL, 4, 1, 0, '256B ', 10002, 0, 0, NULL, '2023-01-21 09:16:00', NULL, '2023-01-21 09:16:01');
INSERT INTO `data_access_task` VALUES (53, 120008, 3, '2023-01-21 09:16:30', '2023-01-21 09:16:31', NULL, 4, 1, 0, '256B ', 10002, 0, 0, NULL, '2023-01-21 09:16:30', NULL, '2023-01-21 09:16:31');
INSERT INTO `data_access_task` VALUES (54, 120008, 3, '2023-01-21 09:17:00', '2023-01-21 09:17:00', NULL, 4, 1, 0, '256B ', 10002, 0, 0, NULL, '2023-01-21 09:17:00', NULL, '2023-01-21 09:17:01');
INSERT INTO `data_access_task` VALUES (55, 120008, 3, '2023-01-21 09:17:30', '2023-01-21 09:17:30', NULL, 4, 1, 0, '256B ', 10002, 0, 0, NULL, '2023-01-21 09:17:30', NULL, '2023-01-21 09:17:31');
INSERT INTO `data_access_task` VALUES (56, 120008, 3, '2023-01-21 09:18:00', '2023-01-21 09:18:00', NULL, 4, 1, 0, '256B ', 10002, 0, 0, NULL, '2023-01-21 09:18:00', NULL, '2023-01-21 09:18:01');
INSERT INTO `data_access_task` VALUES (57, 120008, 3, '2023-01-21 09:18:30', '2023-01-21 09:18:30', NULL, 4, 1, 0, '256B ', 10002, 0, 0, NULL, '2023-01-21 09:18:30', NULL, '2023-01-21 09:18:31');
INSERT INTO `data_access_task` VALUES (58, 120008, 3, '2023-01-21 09:19:00', '2023-01-21 09:19:00', NULL, 4, 1, 0, '256B ', 10002, 0, 0, NULL, '2023-01-21 09:19:00', NULL, '2023-01-21 09:19:01');
INSERT INTO `data_access_task` VALUES (59, 120008, 3, '2023-01-21 09:19:30', '2023-01-21 09:19:30', NULL, 4, 1, 0, '256B ', 10002, 0, 0, NULL, '2023-01-21 09:19:30', NULL, '2023-01-21 09:19:31');
INSERT INTO `data_access_task` VALUES (60, 120008, 3, '2023-01-21 09:20:00', '2023-01-21 09:20:01', NULL, 4, 1, 0, '256B ', 10002, 0, 0, NULL, '2023-01-21 09:20:01', NULL, '2023-01-21 09:20:02');
INSERT INTO `data_access_task` VALUES (61, 120008, 3, '2023-01-21 09:20:30', '2023-01-21 09:20:30', NULL, 4, 1, 0, '256B ', 10002, 0, 0, NULL, '2023-01-21 09:20:30', NULL, '2023-01-21 09:20:31');
INSERT INTO `data_access_task` VALUES (62, 120008, 3, '2023-01-21 09:21:00', '2023-01-21 09:21:01', NULL, 4, 1, 0, '256B ', 10002, 0, 0, NULL, '2023-01-21 09:21:00', NULL, '2023-01-21 09:21:01');
INSERT INTO `data_access_task` VALUES (63, 120008, 3, '2023-01-21 09:21:30', '2023-01-21 09:21:30', NULL, 4, 1, 0, '256B ', 10002, 0, 0, NULL, '2023-01-21 09:21:30', NULL, '2023-01-21 09:21:31');
INSERT INTO `data_access_task` VALUES (64, 120008, 3, '2023-01-21 09:22:00', '2023-01-21 09:22:00', NULL, 4, 1, 0, '256B ', 10002, 0, 0, NULL, '2023-01-21 09:22:00', NULL, '2023-01-21 09:22:01');
INSERT INTO `data_access_task` VALUES (65, 120008, 3, '2023-01-21 09:22:30', '2023-01-21 09:22:30', NULL, 4, 1, 0, '256B ', 10002, 0, 0, NULL, '2023-01-21 09:22:30', NULL, '2023-01-21 09:22:31');
INSERT INTO `data_access_task` VALUES (66, 120008, 3, '2023-01-21 09:23:00', '2023-01-21 09:23:00', NULL, 4, 1, 0, '256B ', 10002, 0, 0, NULL, '2023-01-21 09:23:00', NULL, '2023-01-21 09:23:01');
INSERT INTO `data_access_task` VALUES (67, 120008, 3, '2023-01-21 09:23:30', '2023-01-21 09:23:30', NULL, 4, 1, 0, '256B ', 10002, 0, 0, NULL, '2023-01-21 09:23:30', NULL, '2023-01-21 09:23:31');
INSERT INTO `data_access_task` VALUES (68, 120008, 3, '2023-01-21 09:24:00', '2023-01-21 09:24:00', NULL, 4, 1, 0, '256B ', 10002, 0, 0, NULL, '2023-01-21 09:24:00', NULL, '2023-01-21 09:24:01');
INSERT INTO `data_access_task` VALUES (69, 120008, 3, '2023-01-21 09:24:30', '2023-01-21 09:24:30', NULL, 4, 1, 0, '256B ', 10002, 0, 0, NULL, '2023-01-21 09:24:30', NULL, '2023-01-21 09:24:31');
INSERT INTO `data_access_task` VALUES (70, 120008, 3, '2023-01-21 09:25:00', '2023-01-21 09:25:00', NULL, 4, 1, 0, '256B ', 10002, 0, 0, NULL, '2023-01-21 09:25:00', NULL, '2023-01-21 09:25:01');
INSERT INTO `data_access_task` VALUES (71, 120008, 3, '2023-01-21 09:25:30', '2023-01-21 09:25:31', NULL, 4, 1, 0, '256B ', 10002, 0, 0, NULL, '2023-01-21 09:25:30', NULL, '2023-01-21 09:25:32');
INSERT INTO `data_access_task` VALUES (72, 120008, 3, '2023-01-21 09:26:00', '2023-01-21 09:26:00', NULL, 4, 1, 0, '256B ', 10002, 0, 0, NULL, '2023-01-21 09:26:00', NULL, '2023-01-21 09:26:01');
INSERT INTO `data_access_task` VALUES (73, 120008, 3, '2023-01-21 09:26:30', '2023-01-21 09:26:30', NULL, 4, 1, 0, '256B ', 10002, 0, 0, NULL, '2023-01-21 09:26:30', NULL, '2023-01-21 09:26:31');
INSERT INTO `data_access_task` VALUES (74, 120008, 3, '2023-01-21 09:27:00', '2023-01-21 09:27:00', NULL, 4, 1, 0, '256B ', 10002, 0, 0, NULL, '2023-01-21 09:27:00', NULL, '2023-01-21 09:27:01');
INSERT INTO `data_access_task` VALUES (75, 120008, 3, '2023-01-21 09:27:30', '2023-01-21 09:27:32', NULL, 4, 1, 0, '256B ', 10002, 0, 0, NULL, '2023-01-21 09:27:30', NULL, '2023-01-21 09:27:32');
INSERT INTO `data_access_task` VALUES (76, 120008, 3, '2023-01-21 09:28:00', '2023-01-21 09:28:00', NULL, 4, 1, 0, '256B ', 10002, 0, 0, NULL, '2023-01-21 09:28:00', NULL, '2023-01-21 09:28:01');
INSERT INTO `data_access_task` VALUES (77, 120008, 3, '2023-01-21 09:28:30', '2023-01-21 09:28:30', NULL, 4, 1, 0, '256B ', 10002, 0, 0, NULL, '2023-01-21 09:28:30', NULL, '2023-01-21 09:28:31');
INSERT INTO `data_access_task` VALUES (78, 120008, 3, '2023-01-21 09:29:00', '2023-01-21 09:29:00', NULL, 4, 1, 0, '256B ', 10002, 0, 0, NULL, '2023-01-21 09:29:00', NULL, '2023-01-21 09:29:01');
INSERT INTO `data_access_task` VALUES (79, 120008, 3, '2023-01-21 09:29:30', '2023-01-21 09:29:30', NULL, 4, 1, 0, '256B ', 10002, 0, 0, NULL, '2023-01-21 09:29:30', NULL, '2023-01-21 09:29:31');
INSERT INTO `data_access_task` VALUES (80, 120008, 3, '2023-01-21 09:30:00', '2023-01-21 09:30:00', NULL, 4, 1, 0, '256B ', 10002, 0, 0, NULL, '2023-01-21 09:30:00', NULL, '2023-01-21 09:30:01');
INSERT INTO `data_access_task` VALUES (81, 120008, 3, '2023-01-21 09:30:30', '2023-01-21 09:30:30', NULL, 4, 1, 0, '256B ', 10002, 0, 0, NULL, '2023-01-21 09:30:30', NULL, '2023-01-21 09:30:31');
INSERT INTO `data_access_task` VALUES (82, 120008, 3, '2023-01-21 09:31:00', '2023-01-21 09:31:00', NULL, 4, 1, 0, '256B ', 10002, 0, 0, NULL, '2023-01-21 09:31:00', NULL, '2023-01-21 09:31:01');
INSERT INTO `data_access_task` VALUES (83, 120008, 3, '2023-01-21 09:31:30', '2023-01-21 09:31:32', NULL, 4, 1, 0, '256B ', 10002, 0, 0, NULL, '2023-01-21 09:31:30', NULL, '2023-01-21 09:31:32');
INSERT INTO `data_access_task` VALUES (84, 120008, 3, '2023-01-21 09:32:00', '2023-01-21 09:32:00', NULL, 4, 1, 0, '256B ', 10002, 0, 0, NULL, '2023-01-21 09:32:00', NULL, '2023-01-21 09:32:01');
INSERT INTO `data_access_task` VALUES (85, 120008, 3, '2023-01-21 09:32:30', '2023-01-21 09:32:30', NULL, 4, 1, 0, '256B ', 10002, 0, 0, NULL, '2023-01-21 09:32:30', NULL, '2023-01-21 09:32:31');
INSERT INTO `data_access_task` VALUES (86, 120008, 3, '2023-01-21 09:33:00', '2023-01-21 09:33:00', NULL, 4, 1, 0, '256B ', 10002, 0, 0, NULL, '2023-01-21 09:33:00', NULL, '2023-01-21 09:33:01');
INSERT INTO `data_access_task` VALUES (87, 120008, 3, '2023-01-21 09:33:30', '2023-01-21 09:33:31', NULL, 4, 1, 0, '256B ', 10002, 0, 0, NULL, '2023-01-21 09:33:30', NULL, '2023-01-21 09:33:31');
INSERT INTO `data_access_task` VALUES (88, 120008, 3, '2023-01-21 09:34:00', '2023-01-21 09:34:00', NULL, 4, 1, 0, '256B ', 10002, 0, 0, NULL, '2023-01-21 09:34:00', NULL, '2023-01-21 09:34:01');
INSERT INTO `data_access_task` VALUES (89, 120008, 3, '2023-01-21 09:34:30', '2023-01-21 09:34:30', NULL, 4, 1, 0, '256B ', 10002, 0, 0, NULL, '2023-01-21 09:34:30', NULL, '2023-01-21 09:34:31');
INSERT INTO `data_access_task` VALUES (90, 120008, 3, '2023-01-21 09:35:00', '2023-01-21 09:35:03', NULL, 4, 1, 0, '256B ', 10002, 0, 0, NULL, '2023-01-21 09:35:00', NULL, '2023-01-21 09:35:04');
INSERT INTO `data_access_task` VALUES (91, 120008, 3, '2023-01-21 09:35:30', '2023-01-21 09:35:31', NULL, 4, 1, 0, '256B ', 10002, 0, 0, NULL, '2023-01-21 09:35:30', NULL, '2023-01-21 09:35:31');
INSERT INTO `data_access_task` VALUES (92, 120008, 3, '2023-01-21 09:36:00', '2023-01-21 09:36:00', NULL, 4, 1, 0, '256B ', 10002, 0, 0, NULL, '2023-01-21 09:36:00', NULL, '2023-01-21 09:36:01');
INSERT INTO `data_access_task` VALUES (93, 120008, 3, '2023-01-21 09:36:30', '2023-01-21 09:36:31', NULL, 4, 1, 0, '256B ', 10002, 0, 0, NULL, '2023-01-21 09:36:30', NULL, '2023-01-21 09:36:31');
INSERT INTO `data_access_task` VALUES (94, 120008, 3, '2023-01-21 09:37:00', '2023-01-21 09:37:00', NULL, 4, 1, 0, '256B ', 10002, 0, 0, NULL, '2023-01-21 09:37:00', NULL, '2023-01-21 09:37:01');
INSERT INTO `data_access_task` VALUES (95, 120008, 3, '2023-01-21 09:37:30', '2023-01-21 09:37:30', NULL, 4, 1, 0, '256B ', 10002, 0, 0, NULL, '2023-01-21 09:37:30', NULL, '2023-01-21 09:37:31');
INSERT INTO `data_access_task` VALUES (96, 120008, 3, '2023-01-21 09:38:00', '2023-01-21 09:38:01', NULL, 4, 1, 0, '256B ', 10002, 0, 0, NULL, '2023-01-21 09:38:00', NULL, '2023-01-21 09:38:01');
INSERT INTO `data_access_task` VALUES (97, 120008, 3, '2023-01-21 09:38:30', '2023-01-21 09:38:30', NULL, 4, 1, 0, '256B ', 10002, 0, 0, NULL, '2023-01-21 09:38:30', NULL, '2023-01-21 09:38:31');
INSERT INTO `data_access_task` VALUES (98, 120008, 3, '2023-01-21 09:39:00', '2023-01-21 09:39:01', NULL, 4, 1, 0, '256B ', 10002, 0, 0, NULL, '2023-01-21 09:39:00', NULL, '2023-01-21 09:39:01');
INSERT INTO `data_access_task` VALUES (99, 120008, 3, '2023-01-21 09:39:30', '2023-01-21 09:39:31', NULL, 4, 1, 0, '256B ', 10002, 0, 0, NULL, '2023-01-21 09:39:30', NULL, '2023-01-21 09:39:32');
INSERT INTO `data_access_task` VALUES (100, 120008, 3, '2023-01-21 09:40:00', '2023-01-21 09:40:01', NULL, 4, 1, 0, '256B ', 10002, 0, 0, NULL, '2023-01-21 09:40:00', NULL, '2023-01-21 09:40:02');
INSERT INTO `data_access_task` VALUES (101, 120008, 3, '2023-01-21 09:40:30', '2023-01-21 09:40:30', NULL, 4, 1, 0, '256B ', 10002, 0, 0, NULL, '2023-01-21 09:40:30', NULL, '2023-01-21 09:40:31');
INSERT INTO `data_access_task` VALUES (102, 120008, 3, '2023-01-21 09:41:00', '2023-01-21 09:41:00', NULL, 4, 1, 0, '256B ', 10002, 0, 0, NULL, '2023-01-21 09:41:00', NULL, '2023-01-21 09:41:01');
INSERT INTO `data_access_task` VALUES (103, 120008, 3, '2023-01-21 09:41:30', '2023-01-21 09:41:31', NULL, 4, 1, 0, '256B ', 10002, 0, 0, NULL, '2023-01-21 09:41:30', NULL, '2023-01-21 09:41:31');
INSERT INTO `data_access_task` VALUES (104, 120008, 3, '2023-01-21 09:42:00', '2023-01-21 09:42:00', NULL, 4, 1, 0, '256B ', 10002, 0, 0, NULL, '2023-01-21 09:42:00', NULL, '2023-01-21 09:42:01');
INSERT INTO `data_access_task` VALUES (105, 120008, 3, '2023-01-21 09:42:30', '2023-01-21 09:42:30', NULL, 4, 1, 0, '256B ', 10002, 0, 0, NULL, '2023-01-21 09:42:30', NULL, '2023-01-21 09:42:31');
INSERT INTO `data_access_task` VALUES (106, 120008, 3, '2023-01-21 09:43:00', '2023-01-21 09:43:00', NULL, 4, 1, 0, '256B ', 10002, 0, 0, NULL, '2023-01-21 09:43:00', NULL, '2023-01-21 09:43:01');
INSERT INTO `data_access_task` VALUES (107, 120008, 3, '2023-01-21 09:43:30', '2023-01-21 09:43:30', NULL, 4, 1, 0, '256B ', 10002, 0, 0, NULL, '2023-01-21 09:43:30', NULL, '2023-01-21 09:43:31');
INSERT INTO `data_access_task` VALUES (108, 120008, 3, '2023-01-21 09:44:00', '2023-01-21 09:44:00', NULL, 4, 1, 0, '256B ', 10002, 0, 0, NULL, '2023-01-21 09:44:00', NULL, '2023-01-21 09:44:01');
INSERT INTO `data_access_task` VALUES (109, 120008, 3, '2023-01-21 09:44:30', '2023-01-21 09:44:31', NULL, 4, 1, 0, '256B ', 10002, 0, 0, NULL, '2023-01-21 09:44:30', NULL, '2023-01-21 09:44:31');
INSERT INTO `data_access_task` VALUES (110, 120008, 3, '2023-01-21 09:45:00', '2023-01-21 09:45:00', NULL, 4, 1, 0, '256B ', 10002, 0, 0, NULL, '2023-01-21 09:45:00', NULL, '2023-01-21 09:45:01');
INSERT INTO `data_access_task` VALUES (111, 120008, 3, '2023-01-21 09:45:30', '2023-01-21 09:45:30', NULL, 4, 1, 0, '256B ', 10002, 0, 0, NULL, '2023-01-21 09:45:30', NULL, '2023-01-21 09:45:31');
INSERT INTO `data_access_task` VALUES (112, 120008, 3, '2023-01-21 09:46:00', '2023-01-21 09:46:01', NULL, 4, 1, 0, '256B ', 10002, 0, 0, NULL, '2023-01-21 09:46:00', NULL, '2023-01-21 09:46:01');
INSERT INTO `data_access_task` VALUES (113, 120008, 3, '2023-01-21 09:46:30', '2023-01-21 09:46:30', NULL, 4, 1, 0, '256B ', 10002, 0, 0, NULL, '2023-01-21 09:46:30', NULL, '2023-01-21 09:46:31');
INSERT INTO `data_access_task` VALUES (114, 120008, 3, '2023-01-21 09:47:00', '2023-01-21 09:47:00', NULL, 4, 1, 0, '256B ', 10002, 0, 0, NULL, '2023-01-21 09:47:00', NULL, '2023-01-21 09:47:01');
INSERT INTO `data_access_task` VALUES (115, 120008, 3, '2023-01-21 09:47:30', '2023-01-21 09:47:31', NULL, 4, 1, 0, '256B ', 10002, 0, 0, NULL, '2023-01-21 09:47:30', NULL, '2023-01-21 09:47:31');
INSERT INTO `data_access_task` VALUES (116, 120008, 3, '2023-01-21 09:48:00', '2023-01-21 09:48:00', NULL, 4, 1, 0, '256B ', 10002, 0, 0, NULL, '2023-01-21 09:48:00', NULL, '2023-01-21 09:48:01');
INSERT INTO `data_access_task` VALUES (117, 120008, 3, '2023-01-21 09:48:30', '2023-01-21 09:48:30', NULL, 4, 1, 0, '256B ', 10002, 0, 0, NULL, '2023-01-21 09:48:30', NULL, '2023-01-21 09:48:31');
INSERT INTO `data_access_task` VALUES (118, 120008, 3, '2023-01-21 09:49:00', '2023-01-21 09:49:00', NULL, 4, 1, 0, '256B ', 10002, 0, 0, NULL, '2023-01-21 09:49:00', NULL, '2023-01-21 09:49:01');
INSERT INTO `data_access_task` VALUES (119, 120008, 3, '2023-01-21 09:49:30', '2023-01-21 09:49:30', NULL, 4, 1, 0, '256B ', 10002, 0, 0, NULL, '2023-01-21 09:49:30', NULL, '2023-01-21 09:49:31');
INSERT INTO `data_access_task` VALUES (120, 120008, 3, '2023-01-21 09:50:00', '2023-01-21 09:50:00', NULL, 4, 1, 0, '256B ', 10002, 0, 0, NULL, '2023-01-21 09:50:00', NULL, '2023-01-21 09:50:01');
INSERT INTO `data_access_task` VALUES (121, 120008, 3, '2023-01-21 09:50:30', '2023-01-21 09:50:30', NULL, 4, 1, 0, '256B ', 10002, 0, 0, NULL, '2023-01-21 09:50:30', NULL, '2023-01-21 09:50:31');
INSERT INTO `data_access_task` VALUES (122, 120008, 3, '2023-01-21 09:51:00', '2023-01-21 09:51:00', NULL, 4, 1, 0, '256B ', 10002, 0, 0, NULL, '2023-01-21 09:51:00', NULL, '2023-01-21 09:51:01');
INSERT INTO `data_access_task` VALUES (123, 120008, 3, '2023-01-21 09:51:30', '2023-01-21 09:51:30', NULL, 4, 1, 0, '256B ', 10002, 0, 0, NULL, '2023-01-21 09:51:30', NULL, '2023-01-21 09:51:31');
INSERT INTO `data_access_task` VALUES (124, 120008, 3, '2023-01-21 09:52:00', '2023-01-21 09:52:00', NULL, 4, 1, 0, '256B ', 10002, 0, 0, NULL, '2023-01-21 09:52:00', NULL, '2023-01-21 09:52:01');
INSERT INTO `data_access_task` VALUES (125, 120008, 3, '2023-01-21 09:52:30', '2023-01-21 09:52:30', NULL, 4, 1, 0, '256B ', 10002, 0, 0, NULL, '2023-01-21 09:52:30', NULL, '2023-01-21 09:52:31');
INSERT INTO `data_access_task` VALUES (126, 120008, 3, '2023-01-21 09:53:00', '2023-01-21 09:53:00', NULL, 4, 1, 0, '256B ', 10002, 0, 0, NULL, '2023-01-21 09:53:00', NULL, '2023-01-21 09:53:01');
INSERT INTO `data_access_task` VALUES (127, 120008, 3, '2023-01-21 09:53:30', '2023-01-21 09:53:30', NULL, 4, 1, 0, '256B ', 10002, 0, 0, NULL, '2023-01-21 09:53:30', NULL, '2023-01-21 09:53:31');
INSERT INTO `data_access_task` VALUES (128, 120008, 3, '2023-01-21 09:54:00', '2023-01-21 09:54:02', NULL, 4, 1, 0, '256B ', 10002, 0, 0, NULL, '2023-01-21 09:54:00', NULL, '2023-01-21 09:54:02');
INSERT INTO `data_access_task` VALUES (129, 120008, 3, '2023-01-21 09:54:30', '2023-01-21 09:54:30', NULL, 4, 1, 0, '256B ', 10002, 0, 0, NULL, '2023-01-21 09:54:30', NULL, '2023-01-21 09:54:31');
INSERT INTO `data_access_task` VALUES (130, 120008, 3, '2023-01-21 09:55:00', '2023-01-21 09:55:00', NULL, 4, 1, 0, '256B ', 10002, 0, 0, NULL, '2023-01-21 09:55:00', NULL, '2023-01-21 09:55:01');
INSERT INTO `data_access_task` VALUES (131, 120008, 3, '2023-01-21 09:55:30', '2023-01-21 09:55:30', NULL, 4, 1, 0, '256B ', 10002, 0, 0, NULL, '2023-01-21 09:55:30', NULL, '2023-01-21 09:55:31');
INSERT INTO `data_access_task` VALUES (132, 120008, 3, '2023-01-21 09:56:00', '2023-01-21 09:56:00', NULL, 4, 1, 0, '256B ', 10002, 0, 0, NULL, '2023-01-21 09:56:00', NULL, '2023-01-21 09:56:00');
INSERT INTO `data_access_task` VALUES (133, 120008, 3, '2023-01-21 09:56:30', '2023-01-21 09:56:30', NULL, 4, 1, 0, '256B ', 10002, 0, 0, NULL, '2023-01-21 09:56:30', NULL, '2023-01-21 09:56:31');
INSERT INTO `data_access_task` VALUES (134, 120008, 3, '2023-01-21 09:57:00', '2023-01-21 09:57:00', NULL, 4, 1, 0, '256B ', 10002, 0, 0, NULL, '2023-01-21 09:57:00', NULL, '2023-01-21 09:57:00');
INSERT INTO `data_access_task` VALUES (135, 120008, 3, '2023-01-21 09:57:30', '2023-01-21 09:57:30', NULL, 4, 1, 0, '256B ', 10002, 0, 0, NULL, '2023-01-21 09:57:30', NULL, '2023-01-21 09:57:31');
INSERT INTO `data_access_task` VALUES (136, 120008, 3, '2023-01-21 09:58:00', '2023-01-21 09:58:00', NULL, 4, 1, 0, '256B ', 10002, 0, 0, NULL, '2023-01-21 09:58:00', NULL, '2023-01-21 09:58:01');
INSERT INTO `data_access_task` VALUES (137, 120008, 3, '2023-01-21 09:58:30', '2023-01-21 09:58:30', NULL, 4, 1, 0, '256B ', 10002, 0, 0, NULL, '2023-01-21 09:58:30', NULL, '2023-01-21 09:58:30');
INSERT INTO `data_access_task` VALUES (138, 120008, 3, '2023-01-21 09:59:00', '2023-01-21 09:59:00', NULL, 4, 1, 0, '256B ', 10002, 0, 0, NULL, '2023-01-21 09:59:00', NULL, '2023-01-21 09:59:01');
INSERT INTO `data_access_task` VALUES (139, 120008, 3, '2023-01-21 09:59:30', '2023-01-21 09:59:30', NULL, 4, 1, 0, '256B ', 10002, 0, 0, NULL, '2023-01-21 09:59:30', NULL, '2023-01-21 09:59:31');
INSERT INTO `data_access_task` VALUES (140, 120008, 3, '2023-01-21 10:00:00', '2023-01-21 10:00:00', NULL, 4, 1, 0, '256B ', 10002, 0, 0, NULL, '2023-01-21 10:00:00', NULL, '2023-01-21 10:00:00');
INSERT INTO `data_access_task` VALUES (141, 120008, 3, '2023-01-21 10:00:30', '2023-01-21 10:00:30', NULL, 4, 1, 0, '256B ', 10002, 0, 0, NULL, '2023-01-21 10:00:30', NULL, '2023-01-21 10:00:30');
INSERT INTO `data_access_task` VALUES (142, 120008, 3, '2023-01-21 10:01:00', '2023-01-21 10:01:00', NULL, 4, 1, 0, '256B ', 10002, 0, 0, NULL, '2023-01-21 10:01:00', NULL, '2023-01-21 10:01:00');
INSERT INTO `data_access_task` VALUES (143, 120008, 3, '2023-01-21 10:01:30', '2023-01-21 10:01:30', NULL, 4, 1, 0, '256B ', 10002, 0, 0, NULL, '2023-01-21 10:01:30', NULL, '2023-01-21 10:01:31');
INSERT INTO `data_access_task` VALUES (144, 120008, 3, '2023-01-21 10:02:00', '2023-01-21 10:02:00', NULL, 4, 1, 0, '256B ', 10002, 0, 0, NULL, '2023-01-21 10:02:00', NULL, '2023-01-21 10:02:01');
INSERT INTO `data_access_task` VALUES (145, 120008, 3, '2023-01-21 10:02:30', '2023-01-21 10:03:15', NULL, 4, 1, 0, '256B ', 10002, 0, 0, NULL, '2023-01-21 10:02:30', NULL, '2023-01-21 10:03:15');
INSERT INTO `data_access_task` VALUES (146, 120008, 3, '2023-01-21 10:03:30', '2023-01-21 10:03:30', NULL, 4, 1, 0, '256B ', 10002, 0, 0, NULL, '2023-01-21 10:03:30', NULL, '2023-01-21 10:03:31');
INSERT INTO `data_access_task` VALUES (147, 120008, 3, '2023-01-21 10:04:00', '2023-01-21 10:04:00', NULL, 4, 1, 0, '256B ', 10002, 0, 0, NULL, '2023-01-21 10:04:00', NULL, '2023-01-21 10:04:00');
INSERT INTO `data_access_task` VALUES (148, 120008, 3, '2023-01-21 10:04:30', '2023-01-21 10:04:30', NULL, 4, 1, 0, '256B ', 10002, 0, 0, NULL, '2023-01-21 10:04:30', NULL, '2023-01-21 10:04:31');
INSERT INTO `data_access_task` VALUES (149, 120008, 3, '2023-01-21 10:05:00', '2023-01-21 10:05:00', NULL, 4, 1, 0, '256B ', 10002, 0, 0, NULL, '2023-01-21 10:05:00', NULL, '2023-01-21 10:05:01');
INSERT INTO `data_access_task` VALUES (150, 120008, 3, '2023-01-21 10:05:30', '2023-01-21 10:05:30', NULL, 4, 1, 0, '256B ', 10002, 0, 0, NULL, '2023-01-21 10:05:30', NULL, '2023-01-21 10:05:31');
INSERT INTO `data_access_task` VALUES (151, 120008, 3, '2023-01-21 10:06:00', '2023-01-21 10:06:00', NULL, 4, 1, 0, '256B ', 10002, 0, 0, NULL, '2023-01-21 10:06:00', NULL, '2023-01-21 10:06:01');
INSERT INTO `data_access_task` VALUES (152, 120008, 3, '2023-01-21 10:06:30', '2023-01-21 10:06:30', NULL, 4, 1, 0, '256B ', 10002, 0, 0, NULL, '2023-01-21 10:06:30', NULL, '2023-01-21 10:06:31');
INSERT INTO `data_access_task` VALUES (153, 120008, 3, '2023-01-21 10:07:00', '2023-01-21 10:07:00', NULL, 4, 1, 0, '256B ', 10002, 0, 0, NULL, '2023-01-21 10:07:00', NULL, '2023-01-21 10:07:01');
INSERT INTO `data_access_task` VALUES (154, 120008, 3, '2023-01-21 10:07:30', '2023-01-21 10:07:30', NULL, 4, 1, 0, '256B ', 10002, 0, 0, NULL, '2023-01-21 10:07:30', NULL, '2023-01-21 10:07:31');
INSERT INTO `data_access_task` VALUES (155, 120008, 3, '2023-01-21 10:08:00', '2023-01-21 10:08:00', NULL, 4, 1, 0, '256B ', 10002, 0, 0, NULL, '2023-01-21 10:08:00', NULL, '2023-01-21 10:08:01');
INSERT INTO `data_access_task` VALUES (156, 120008, 3, '2023-01-21 10:08:30', '2023-01-21 10:08:30', NULL, 4, 1, 0, '256B ', 10002, 0, 0, NULL, '2023-01-21 10:08:30', NULL, '2023-01-21 10:08:30');
INSERT INTO `data_access_task` VALUES (157, 120008, 3, '2023-01-21 10:09:00', '2023-01-21 10:09:00', NULL, 4, 1, 0, '256B ', 10002, 0, 0, NULL, '2023-01-21 10:09:00', NULL, '2023-01-21 10:09:01');
INSERT INTO `data_access_task` VALUES (158, 120008, 3, '2023-01-21 10:09:30', '2023-01-21 10:09:30', NULL, 4, 1, 0, '256B ', 10002, 0, 0, NULL, '2023-01-21 10:09:30', NULL, '2023-01-21 10:09:31');
INSERT INTO `data_access_task` VALUES (159, 120008, 3, '2023-01-21 10:10:00', '2023-01-21 10:10:00', NULL, 4, 1, 0, '256B ', 10002, 0, 0, NULL, '2023-01-21 10:10:00', NULL, '2023-01-21 10:10:01');
INSERT INTO `data_access_task` VALUES (160, 120008, 3, '2023-01-21 10:10:30', '2023-01-21 10:10:30', NULL, 4, 1, 0, '256B ', 10002, 0, 0, NULL, '2023-01-21 10:10:30', NULL, '2023-01-21 10:10:31');
INSERT INTO `data_access_task` VALUES (161, 120008, 3, '2023-01-21 10:11:00', '2023-01-21 10:11:00', NULL, 4, 1, 0, '256B ', 10002, 0, 0, NULL, '2023-01-21 10:11:00', NULL, '2023-01-21 10:11:01');
INSERT INTO `data_access_task` VALUES (162, 120008, 3, '2023-01-21 10:11:30', '2023-01-21 10:11:31', NULL, 4, 1, 0, '256B ', 10002, 0, 0, NULL, '2023-01-21 10:11:30', NULL, '2023-01-21 10:11:31');
INSERT INTO `data_access_task` VALUES (163, 120008, 3, '2023-01-21 10:12:00', '2023-01-21 10:12:01', NULL, 4, 1, 0, '256B ', 10002, 0, 0, NULL, '2023-01-21 10:12:00', NULL, '2023-01-21 10:12:01');
INSERT INTO `data_access_task` VALUES (164, 120008, 3, '2023-01-21 10:12:30', '2023-01-21 10:12:31', NULL, 4, 1, 0, '256B ', 10002, 0, 0, NULL, '2023-01-21 10:12:30', NULL, '2023-01-21 10:12:31');
INSERT INTO `data_access_task` VALUES (165, 120008, 3, '2023-01-21 10:13:00', '2023-01-21 10:13:01', NULL, 4, 1, 0, '256B ', 10002, 0, 0, NULL, '2023-01-21 10:13:00', NULL, '2023-01-21 10:13:01');
INSERT INTO `data_access_task` VALUES (166, 120008, 3, '2023-01-21 10:13:30', '2023-01-21 10:13:30', NULL, 4, 1, 0, '256B ', 10002, 0, 0, NULL, '2023-01-21 10:13:30', NULL, '2023-01-21 10:13:31');
INSERT INTO `data_access_task` VALUES (167, 120008, 3, '2023-01-21 10:14:00', '2023-01-21 10:14:00', NULL, 4, 1, 0, '256B ', 10002, 0, 0, NULL, '2023-01-21 10:14:00', NULL, '2023-01-21 10:14:01');
INSERT INTO `data_access_task` VALUES (168, 120008, 3, '2023-01-21 10:14:30', '2023-01-21 10:14:30', NULL, 4, 1, 0, '256B ', 10002, 0, 0, NULL, '2023-01-21 10:14:30', NULL, '2023-01-21 10:14:31');
INSERT INTO `data_access_task` VALUES (169, 120008, 3, '2023-01-21 10:15:00', '2023-01-21 10:15:00', NULL, 4, 1, 0, '256B ', 10002, 0, 0, NULL, '2023-01-21 10:15:00', NULL, '2023-01-21 10:15:01');
INSERT INTO `data_access_task` VALUES (170, 120008, 3, '2023-01-21 10:15:30', '2023-01-21 10:15:30', NULL, 4, 1, 0, '256B ', 10002, 0, 0, NULL, '2023-01-21 10:15:30', NULL, '2023-01-21 10:15:31');
INSERT INTO `data_access_task` VALUES (171, 120008, 3, '2023-01-21 10:16:00', '2023-01-21 10:16:00', NULL, 4, 1, 0, '256B ', 10002, 0, 0, NULL, '2023-01-21 10:16:00', NULL, '2023-01-21 10:16:01');
INSERT INTO `data_access_task` VALUES (172, 120008, 3, '2023-01-21 10:16:30', '2023-01-21 10:16:30', NULL, 4, 1, 0, '256B ', 10002, 0, 0, NULL, '2023-01-21 10:16:30', NULL, '2023-01-21 10:16:31');
INSERT INTO `data_access_task` VALUES (173, 120008, 3, '2023-01-21 10:17:00', '2023-01-21 10:17:00', NULL, 4, 1, 0, '256B ', 10002, 0, 0, NULL, '2023-01-21 10:17:00', NULL, '2023-01-21 10:17:01');
INSERT INTO `data_access_task` VALUES (174, 120008, 3, '2023-01-21 10:17:30', '2023-01-21 10:17:30', NULL, 4, 1, 0, '256B ', 10002, 0, 0, NULL, '2023-01-21 10:17:30', NULL, '2023-01-21 10:17:31');
INSERT INTO `data_access_task` VALUES (175, 120008, 3, '2023-01-21 10:18:00', '2023-01-21 10:18:00', NULL, 4, 1, 0, '256B ', 10002, 0, 0, NULL, '2023-01-21 10:18:00', NULL, '2023-01-21 10:18:01');
INSERT INTO `data_access_task` VALUES (176, 120008, 3, '2023-01-21 10:18:30', '2023-01-21 10:18:30', NULL, 4, 1, 0, '256B ', 10002, 0, 0, NULL, '2023-01-21 10:18:30', NULL, '2023-01-21 10:18:31');
INSERT INTO `data_access_task` VALUES (177, 120008, 3, '2023-01-21 10:19:00', '2023-01-21 10:19:00', NULL, 4, 1, 0, '256B ', 10002, 0, 0, NULL, '2023-01-21 10:19:00', NULL, '2023-01-21 10:19:01');
INSERT INTO `data_access_task` VALUES (178, 120008, 3, '2023-01-21 10:19:30', '2023-01-21 10:19:30', NULL, 4, 1, 0, '256B ', 10002, 0, 0, NULL, '2023-01-21 10:19:30', NULL, '2023-01-21 10:19:31');
INSERT INTO `data_access_task` VALUES (179, 120008, 3, '2023-01-21 10:20:00', '2023-01-21 10:20:00', NULL, 4, 1, 0, '256B ', 10002, 0, 0, NULL, '2023-01-21 10:20:00', NULL, '2023-01-21 10:20:01');
INSERT INTO `data_access_task` VALUES (180, 120008, 3, '2023-01-21 10:20:30', '2023-01-21 10:20:30', NULL, 4, 1, 0, '256B ', 10002, 0, 0, NULL, '2023-01-21 10:20:30', NULL, '2023-01-21 10:20:31');
INSERT INTO `data_access_task` VALUES (181, 120008, 3, '2023-01-21 10:21:00', '2023-01-21 10:21:00', NULL, 4, 1, 0, '256B ', 10002, 0, 0, NULL, '2023-01-21 10:21:00', NULL, '2023-01-21 10:21:01');
INSERT INTO `data_access_task` VALUES (182, 120008, 3, '2023-01-21 10:21:30', '2023-01-21 10:21:30', NULL, 4, 1, 0, '256B ', 10002, 0, 0, NULL, '2023-01-21 10:21:30', NULL, '2023-01-21 10:21:31');
INSERT INTO `data_access_task` VALUES (183, 120008, 3, '2023-01-21 10:22:00', '2023-01-21 10:22:00', NULL, 4, 1, 0, '256B ', 10002, 0, 0, NULL, '2023-01-21 10:22:00', NULL, '2023-01-21 10:22:01');
INSERT INTO `data_access_task` VALUES (184, 120008, 3, '2023-01-21 10:22:30', '2023-01-21 10:22:30', NULL, 4, 1, 0, '256B ', 10002, 0, 0, NULL, '2023-01-21 10:22:30', NULL, '2023-01-21 10:22:31');
INSERT INTO `data_access_task` VALUES (185, 120008, 3, '2023-01-21 10:23:00', '2023-01-21 10:23:00', NULL, 4, 1, 0, '256B ', 10002, 0, 0, NULL, '2023-01-21 10:23:00', NULL, '2023-01-21 10:23:01');
INSERT INTO `data_access_task` VALUES (186, 120008, 3, '2023-01-21 10:23:30', '2023-01-21 10:23:30', NULL, 4, 1, 0, '256B ', 10002, 0, 0, NULL, '2023-01-21 10:23:30', NULL, '2023-01-21 10:23:31');
INSERT INTO `data_access_task` VALUES (187, 120008, 3, '2023-01-21 10:24:00', '2023-01-21 10:24:00', NULL, 4, 1, 0, '256B ', 10002, 0, 0, NULL, '2023-01-21 10:24:00', NULL, '2023-01-21 10:24:01');
INSERT INTO `data_access_task` VALUES (188, 120008, 3, '2023-01-21 10:24:30', '2023-01-21 10:24:30', NULL, 4, 1, 0, '256B ', 10002, 0, 0, NULL, '2023-01-21 10:24:30', NULL, '2023-01-21 10:24:31');
INSERT INTO `data_access_task` VALUES (189, 120008, 3, '2023-01-21 10:25:00', '2023-01-21 10:25:00', NULL, 4, 1, 0, '256B ', 10002, 0, 0, NULL, '2023-01-21 10:25:00', NULL, '2023-01-21 10:25:01');
INSERT INTO `data_access_task` VALUES (190, 120008, 3, '2023-01-21 10:25:30', '2023-01-21 10:25:30', NULL, 4, 1, 0, '256B ', 10002, 0, 0, NULL, '2023-01-21 10:25:30', NULL, '2023-01-21 10:25:31');
INSERT INTO `data_access_task` VALUES (191, 120008, 3, '2023-01-21 10:26:00', '2023-01-21 10:26:00', NULL, 4, 1, 0, '256B ', 10002, 0, 0, NULL, '2023-01-21 10:26:00', NULL, '2023-01-21 10:26:01');
INSERT INTO `data_access_task` VALUES (192, 120008, 3, '2023-01-21 10:26:30', '2023-01-21 10:26:30', NULL, 4, 1, 0, '256B ', 10002, 0, 0, NULL, '2023-01-21 10:26:30', NULL, '2023-01-21 10:26:31');
INSERT INTO `data_access_task` VALUES (193, 120008, 3, '2023-01-21 10:27:00', '2023-01-21 10:27:00', NULL, 4, 1, 0, '256B ', 10002, 0, 0, NULL, '2023-01-21 10:27:00', NULL, '2023-01-21 10:27:01');
INSERT INTO `data_access_task` VALUES (194, 120008, 3, '2023-01-21 10:27:30', '2023-01-21 10:27:30', NULL, 4, 1, 0, '256B ', 10002, 0, 0, NULL, '2023-01-21 10:27:30', NULL, '2023-01-21 10:27:31');
INSERT INTO `data_access_task` VALUES (195, 120008, 3, '2023-01-21 10:28:00', '2023-01-21 10:28:00', NULL, 4, 1, 0, '256B ', 10002, 0, 0, NULL, '2023-01-21 10:28:00', NULL, '2023-01-21 10:28:01');
INSERT INTO `data_access_task` VALUES (196, 120008, 3, '2023-01-21 10:28:30', '2023-01-21 10:28:30', NULL, 4, 1, 0, '256B ', 10002, 0, 0, NULL, '2023-01-21 10:28:30', NULL, '2023-01-21 10:28:31');
INSERT INTO `data_access_task` VALUES (197, 120008, 3, '2023-01-21 10:29:00', '2023-01-21 10:29:00', NULL, 4, 1, 0, '256B ', 10002, 0, 0, NULL, '2023-01-21 10:29:00', NULL, '2023-01-21 10:29:01');
INSERT INTO `data_access_task` VALUES (198, 120008, 3, '2023-01-21 10:29:30', '2023-01-21 10:29:30', NULL, 4, 1, 0, '256B ', 10002, 0, 0, NULL, '2023-01-21 10:29:30', NULL, '2023-01-21 10:29:31');
INSERT INTO `data_access_task` VALUES (199, 120008, 3, '2023-01-21 10:30:00', '2023-01-21 10:30:00', NULL, 4, 1, 0, '256B ', 10002, 0, 0, NULL, '2023-01-21 10:30:00', NULL, '2023-01-21 10:30:01');
INSERT INTO `data_access_task` VALUES (200, 120008, 3, '2023-01-21 10:30:30', '2023-01-21 10:30:30', NULL, 4, 1, 0, '256B ', 10002, 0, 0, NULL, '2023-01-21 10:30:30', NULL, '2023-01-21 10:30:31');
INSERT INTO `data_access_task` VALUES (201, 120008, 3, '2023-01-21 10:31:00', '2023-01-21 10:31:01', NULL, 4, 1, 0, '256B ', 10002, 0, 0, NULL, '2023-01-21 10:31:00', NULL, '2023-01-21 10:31:01');
INSERT INTO `data_access_task` VALUES (202, 120008, 3, '2023-01-21 10:31:30', '2023-01-21 10:31:30', NULL, 4, 1, 0, '256B ', 10002, 0, 0, NULL, '2023-01-21 10:31:30', NULL, '2023-01-21 10:31:31');
INSERT INTO `data_access_task` VALUES (203, 120008, 3, '2023-01-21 10:32:00', '2023-01-21 10:32:00', NULL, 4, 1, 0, '256B ', 10002, 0, 0, NULL, '2023-01-21 10:32:00', NULL, '2023-01-21 10:32:01');
INSERT INTO `data_access_task` VALUES (204, 120008, 3, '2023-01-21 10:32:30', '2023-01-21 10:32:30', NULL, 4, 1, 0, '256B ', 10002, 0, 0, NULL, '2023-01-21 10:32:30', NULL, '2023-01-21 10:32:31');
INSERT INTO `data_access_task` VALUES (205, 120008, 3, '2023-01-21 10:33:00', '2023-01-21 10:33:00', NULL, 4, 1, 0, '256B ', 10002, 0, 0, NULL, '2023-01-21 10:33:00', NULL, '2023-01-21 10:33:01');
INSERT INTO `data_access_task` VALUES (206, 120008, 3, '2023-01-21 10:33:30', '2023-01-21 10:33:30', NULL, 4, 1, 0, '256B ', 10002, 0, 0, NULL, '2023-01-21 10:33:30', NULL, '2023-01-21 10:33:31');
INSERT INTO `data_access_task` VALUES (207, 120008, 3, '2023-01-21 10:34:00', '2023-01-21 10:34:00', NULL, 4, 1, 0, '256B ', 10002, 0, 0, NULL, '2023-01-21 10:34:00', NULL, '2023-01-21 10:34:01');
INSERT INTO `data_access_task` VALUES (208, 120008, 3, '2023-01-21 10:34:30', '2023-01-21 10:34:30', NULL, 4, 1, 0, '256B ', 10002, 0, 0, NULL, '2023-01-21 10:34:30', NULL, '2023-01-21 10:34:31');
INSERT INTO `data_access_task` VALUES (209, 120008, 3, '2023-01-21 10:35:00', '2023-01-21 10:35:00', NULL, 4, 1, 0, '256B ', 10002, 0, 0, NULL, '2023-01-21 10:35:00', NULL, '2023-01-21 10:35:01');
INSERT INTO `data_access_task` VALUES (210, 120008, 3, '2023-01-21 10:35:30', '2023-01-21 10:35:30', NULL, 4, 1, 0, '256B ', 10002, 0, 0, NULL, '2023-01-21 10:35:30', NULL, '2023-01-21 10:35:31');
INSERT INTO `data_access_task` VALUES (211, 120008, 3, '2023-01-21 10:36:00', '2023-01-21 10:36:00', NULL, 4, 1, 0, '256B ', 10002, 0, 0, NULL, '2023-01-21 10:36:00', NULL, '2023-01-21 10:36:01');
INSERT INTO `data_access_task` VALUES (212, 120008, 3, '2023-01-21 10:36:30', '2023-01-21 10:36:30', NULL, 4, 1, 0, '256B ', 10002, 0, 0, NULL, '2023-01-21 10:36:30', NULL, '2023-01-21 10:36:31');
INSERT INTO `data_access_task` VALUES (213, 120008, 3, '2023-01-21 10:37:00', '2023-01-21 10:37:00', NULL, 4, 1, 0, '256B ', 10002, 0, 0, NULL, '2023-01-21 10:37:00', NULL, '2023-01-21 10:37:01');
INSERT INTO `data_access_task` VALUES (214, 120008, 3, '2023-01-21 10:37:30', '2023-01-21 10:37:30', NULL, 4, 1, 0, '256B ', 10002, 0, 0, NULL, '2023-01-21 10:37:30', NULL, '2023-01-21 10:37:31');
INSERT INTO `data_access_task` VALUES (215, 120008, 3, '2023-01-21 10:38:00', '2023-01-21 10:38:00', NULL, 4, 1, 0, '256B ', 10002, 0, 0, NULL, '2023-01-21 10:38:00', NULL, '2023-01-21 10:38:01');
INSERT INTO `data_access_task` VALUES (216, 120008, 3, '2023-01-21 10:38:30', '2023-01-21 10:38:30', NULL, 4, 1, 0, '256B ', 10002, 0, 0, NULL, '2023-01-21 10:38:30', NULL, '2023-01-21 10:38:31');
INSERT INTO `data_access_task` VALUES (217, 120008, 3, '2023-01-21 10:39:00', '2023-01-21 10:39:00', NULL, 4, 1, 0, '256B ', 10002, 0, 0, NULL, '2023-01-21 10:39:00', NULL, '2023-01-21 10:39:01');
INSERT INTO `data_access_task` VALUES (218, 120008, 3, '2023-01-21 10:39:30', '2023-01-21 10:39:31', NULL, 4, 1, 0, '256B ', 10002, 0, 0, NULL, '2023-01-21 10:39:30', NULL, '2023-01-21 10:39:31');
INSERT INTO `data_access_task` VALUES (219, 120008, 3, '2023-01-21 10:40:00', '2023-01-21 10:40:00', NULL, 4, 1, 0, '256B ', 10002, 0, 0, NULL, '2023-01-21 10:40:00', NULL, '2023-01-21 10:40:01');
INSERT INTO `data_access_task` VALUES (220, 120008, 3, '2023-01-21 10:40:30', '2023-01-21 10:40:30', NULL, 4, 1, 0, '256B ', 10002, 0, 0, NULL, '2023-01-21 10:40:30', NULL, '2023-01-21 10:40:31');
INSERT INTO `data_access_task` VALUES (221, 120008, 3, '2023-01-21 10:41:00', '2023-01-21 10:41:00', NULL, 4, 1, 0, '256B ', 10002, 0, 0, NULL, '2023-01-21 10:41:00', NULL, '2023-01-21 10:41:01');
INSERT INTO `data_access_task` VALUES (222, 120008, 3, '2023-01-21 10:41:30', '2023-01-21 10:41:30', NULL, 4, 1, 0, '256B ', 10002, 0, 0, NULL, '2023-01-21 10:41:30', NULL, '2023-01-21 10:41:31');
INSERT INTO `data_access_task` VALUES (223, 120008, 3, '2023-01-21 10:42:00', '2023-01-21 10:42:00', NULL, 4, 1, 0, '256B ', 10002, 0, 0, NULL, '2023-01-21 10:42:00', NULL, '2023-01-21 10:42:01');
INSERT INTO `data_access_task` VALUES (224, 120008, 3, '2023-01-21 10:42:30', '2023-01-21 10:42:30', NULL, 4, 1, 0, '256B ', 10002, 0, 0, NULL, '2023-01-21 10:42:30', NULL, '2023-01-21 10:42:31');
INSERT INTO `data_access_task` VALUES (225, 120008, 3, '2023-01-21 10:43:00', '2023-01-21 10:43:00', NULL, 4, 1, 0, '256B ', 10002, 0, 0, NULL, '2023-01-21 10:43:00', NULL, '2023-01-21 10:43:01');
INSERT INTO `data_access_task` VALUES (226, 120008, 3, '2023-01-21 10:43:30', '2023-01-21 10:43:30', NULL, 4, 1, 0, '256B ', 10002, 0, 0, NULL, '2023-01-21 10:43:30', NULL, '2023-01-21 10:43:31');
INSERT INTO `data_access_task` VALUES (227, 120008, 3, '2023-01-21 10:44:00', '2023-01-21 10:44:00', NULL, 4, 1, 0, '256B ', 10002, 0, 0, NULL, '2023-01-21 10:44:00', NULL, '2023-01-21 10:44:01');
INSERT INTO `data_access_task` VALUES (228, 120008, 3, '2023-01-21 10:44:30', '2023-01-21 10:44:30', NULL, 4, 1, 0, '256B ', 10002, 0, 0, NULL, '2023-01-21 10:44:30', NULL, '2023-01-21 10:44:31');
INSERT INTO `data_access_task` VALUES (229, 120008, 3, '2023-01-21 10:45:00', '2023-01-21 10:45:00', NULL, 4, 1, 0, '256B ', 10002, 0, 0, NULL, '2023-01-21 10:45:00', NULL, '2023-01-21 10:45:01');
INSERT INTO `data_access_task` VALUES (230, 120008, 3, '2023-01-21 10:45:30', '2023-01-21 10:45:30', NULL, 4, 1, 0, '256B ', 10002, 0, 0, NULL, '2023-01-21 10:45:30', NULL, '2023-01-21 10:45:31');
INSERT INTO `data_access_task` VALUES (231, 120008, 3, '2023-01-21 10:46:00', '2023-01-21 10:46:00', NULL, 4, 1, 0, '256B ', 10002, 0, 0, NULL, '2023-01-21 10:46:00', NULL, '2023-01-21 10:46:01');
INSERT INTO `data_access_task` VALUES (232, 120008, 3, '2023-01-21 10:46:30', '2023-01-21 10:46:30', NULL, 4, 1, 0, '256B ', 10002, 0, 0, NULL, '2023-01-21 10:46:30', NULL, '2023-01-21 10:46:31');
INSERT INTO `data_access_task` VALUES (233, 120008, 3, '2023-01-21 10:47:00', '2023-01-21 10:47:00', NULL, 4, 1, 0, '256B ', 10002, 0, 0, NULL, '2023-01-21 10:47:00', NULL, '2023-01-21 10:47:01');
INSERT INTO `data_access_task` VALUES (234, 120008, 3, '2023-01-21 10:47:30', '2023-01-21 10:47:30', NULL, 4, 1, 0, '256B ', 10002, 0, 0, NULL, '2023-01-21 10:47:30', NULL, '2023-01-21 10:47:31');
INSERT INTO `data_access_task` VALUES (235, 120008, 3, '2023-01-21 10:48:00', '2023-01-21 10:48:01', NULL, 4, 1, 0, '256B ', 10002, 0, 0, NULL, '2023-01-21 10:48:00', NULL, '2023-01-21 10:48:01');
INSERT INTO `data_access_task` VALUES (236, 120008, 3, '2023-01-21 10:48:30', '2023-01-21 10:48:30', NULL, 4, 1, 0, '256B ', 10002, 0, 0, NULL, '2023-01-21 10:48:30', NULL, '2023-01-21 10:48:31');
INSERT INTO `data_access_task` VALUES (237, 120008, 3, '2023-01-21 10:49:00', '2023-01-21 10:49:00', NULL, 4, 1, 0, '256B ', 10002, 0, 0, NULL, '2023-01-21 10:49:00', NULL, '2023-01-21 10:49:01');
INSERT INTO `data_access_task` VALUES (238, 120008, 3, '2023-01-21 10:49:30', '2023-01-21 10:49:31', NULL, 4, 1, 0, '256B ', 10002, 0, 0, NULL, '2023-01-21 10:49:30', NULL, '2023-01-21 10:49:32');
INSERT INTO `data_access_task` VALUES (239, 120008, 3, '2023-01-21 10:50:00', '2023-01-21 10:50:00', NULL, 4, 1, 0, '256B ', 10002, 0, 0, NULL, '2023-01-21 10:50:00', NULL, '2023-01-21 10:50:01');
INSERT INTO `data_access_task` VALUES (240, 120008, 3, '2023-01-21 10:50:30', '2023-01-21 10:50:30', NULL, 4, 1, 0, '256B ', 10002, 0, 0, NULL, '2023-01-21 10:50:30', NULL, '2023-01-21 10:50:31');
INSERT INTO `data_access_task` VALUES (241, 120008, 3, '2023-01-21 10:51:00', '2023-01-21 10:51:00', NULL, 4, 1, 0, '256B ', 10002, 0, 0, NULL, '2023-01-21 10:51:00', NULL, '2023-01-21 10:51:01');
INSERT INTO `data_access_task` VALUES (242, 120008, 3, '2023-01-21 10:51:30', '2023-01-21 10:51:30', NULL, 4, 1, 0, '256B ', 10002, 0, 0, NULL, '2023-01-21 10:51:30', NULL, '2023-01-21 10:51:31');
INSERT INTO `data_access_task` VALUES (243, 120008, 3, '2023-01-21 10:52:00', '2023-01-21 10:52:00', NULL, 4, 1, 0, '256B ', 10002, 0, 0, NULL, '2023-01-21 10:52:00', NULL, '2023-01-21 10:52:01');
INSERT INTO `data_access_task` VALUES (244, 120008, 3, '2023-01-21 10:52:30', '2023-01-21 10:52:30', NULL, 4, 1, 0, '256B ', 10002, 0, 0, NULL, '2023-01-21 10:52:30', NULL, '2023-01-21 10:52:31');
INSERT INTO `data_access_task` VALUES (245, 120008, 3, '2023-01-21 10:53:00', '2023-01-21 10:53:00', NULL, 4, 1, 0, '256B ', 10002, 0, 0, NULL, '2023-01-21 10:53:00', NULL, '2023-01-21 10:53:01');
INSERT INTO `data_access_task` VALUES (246, 120008, 3, '2023-01-21 10:53:30', '2023-01-21 10:53:30', NULL, 4, 1, 0, '256B ', 10002, 0, 0, NULL, '2023-01-21 10:53:30', NULL, '2023-01-21 10:53:31');
INSERT INTO `data_access_task` VALUES (247, 120008, 3, '2023-01-21 10:54:00', '2023-01-21 10:54:00', NULL, 4, 1, 0, '256B ', 10002, 0, 0, NULL, '2023-01-21 10:54:00', NULL, '2023-01-21 10:54:01');
INSERT INTO `data_access_task` VALUES (248, 120008, 3, '2023-01-21 10:54:30', '2023-01-21 10:54:30', NULL, 4, 1, 0, '256B ', 10002, 0, 0, NULL, '2023-01-21 10:54:30', NULL, '2023-01-21 10:54:31');
INSERT INTO `data_access_task` VALUES (249, 120008, 3, '2023-01-21 10:55:00', '2023-01-21 10:55:00', NULL, 4, 1, 0, '256B ', 10002, 0, 0, NULL, '2023-01-21 10:55:00', NULL, '2023-01-21 10:55:01');
INSERT INTO `data_access_task` VALUES (250, 120008, 3, '2023-01-21 10:55:30', '2023-01-21 10:55:30', NULL, 4, 1, 0, '256B ', 10002, 0, 0, NULL, '2023-01-21 10:55:30', NULL, '2023-01-21 10:55:31');
INSERT INTO `data_access_task` VALUES (251, 120008, 3, '2023-01-21 10:56:00', '2023-01-21 10:56:00', NULL, 4, 1, 0, '256B ', 10002, 0, 0, NULL, '2023-01-21 10:56:00', NULL, '2023-01-21 10:56:01');
INSERT INTO `data_access_task` VALUES (252, 120008, 3, '2023-01-21 10:56:30', '2023-01-21 10:56:31', NULL, 4, 1, 0, '256B ', 10002, 0, 0, NULL, '2023-01-21 10:56:30', NULL, '2023-01-21 10:56:31');
INSERT INTO `data_access_task` VALUES (253, 120008, 3, '2023-01-21 10:57:00', '2023-01-21 10:57:00', NULL, 4, 1, 0, '256B ', 10002, 0, 0, NULL, '2023-01-21 10:57:00', NULL, '2023-01-21 10:57:01');
INSERT INTO `data_access_task` VALUES (254, 120008, 3, '2023-01-21 10:57:30', '2023-01-21 10:57:30', NULL, 4, 1, 0, '256B ', 10002, 0, 0, NULL, '2023-01-21 10:57:30', NULL, '2023-01-21 10:57:31');
INSERT INTO `data_access_task` VALUES (255, 120008, 3, '2023-01-21 10:58:00', '2023-01-21 10:58:00', NULL, 4, 1, 0, '256B ', 10002, 0, 0, NULL, '2023-01-21 10:58:00', NULL, '2023-01-21 10:58:01');
INSERT INTO `data_access_task` VALUES (256, 120008, 3, '2023-01-21 10:58:30', '2023-01-21 10:58:30', NULL, 4, 1, 0, '256B ', 10002, 0, 0, NULL, '2023-01-21 10:58:30', NULL, '2023-01-21 10:58:31');
INSERT INTO `data_access_task` VALUES (257, 120008, 3, '2023-01-21 10:59:00', '2023-01-21 10:59:00', NULL, 4, 1, 0, '256B ', 10002, 0, 0, NULL, '2023-01-21 10:59:00', NULL, '2023-01-21 10:59:01');
INSERT INTO `data_access_task` VALUES (258, 120008, 3, '2023-01-21 10:59:30', '2023-01-21 10:59:30', NULL, 4, 1, 0, '256B ', 10002, 0, 0, NULL, '2023-01-21 10:59:30', NULL, '2023-01-21 10:59:31');
INSERT INTO `data_access_task` VALUES (259, 120008, 3, '2023-01-21 11:00:00', '2023-01-21 11:00:00', NULL, 4, 1, 0, '256B ', 10002, 0, 0, NULL, '2023-01-21 11:00:00', NULL, '2023-01-21 11:00:01');
INSERT INTO `data_access_task` VALUES (260, 120008, 3, '2023-01-21 11:00:30', '2023-01-21 11:00:30', NULL, 4, 1, 0, '256B ', 10002, 0, 0, NULL, '2023-01-21 11:00:30', NULL, '2023-01-21 11:00:31');
INSERT INTO `data_access_task` VALUES (261, 120008, 3, '2023-01-21 11:01:00', '2023-01-21 11:01:00', NULL, 4, 1, 0, '256B ', 10002, 0, 0, NULL, '2023-01-21 11:01:00', NULL, '2023-01-21 11:01:01');
INSERT INTO `data_access_task` VALUES (262, 120008, 3, '2023-01-21 11:01:30', '2023-01-21 11:01:30', NULL, 4, 1, 0, '256B ', 10002, 0, 0, NULL, '2023-01-21 11:01:30', NULL, '2023-01-21 11:01:31');
INSERT INTO `data_access_task` VALUES (263, 120008, 3, '2023-01-21 11:02:00', '2023-01-21 11:02:00', NULL, 4, 1, 0, '256B ', 10002, 0, 0, NULL, '2023-01-21 11:02:00', NULL, '2023-01-21 11:02:01');
INSERT INTO `data_access_task` VALUES (264, 120008, 3, '2023-01-21 11:02:30', '2023-01-21 11:02:30', NULL, 4, 1, 0, '256B ', 10002, 0, 0, NULL, '2023-01-21 11:02:30', NULL, '2023-01-21 11:02:31');
INSERT INTO `data_access_task` VALUES (265, 120008, 3, '2023-01-21 11:03:00', '2023-01-21 11:03:01', NULL, 4, 1, 0, '256B ', 10002, 0, 0, NULL, '2023-01-21 11:03:00', NULL, '2023-01-21 11:03:01');
INSERT INTO `data_access_task` VALUES (266, 120008, 3, '2023-01-21 11:03:30', '2023-01-21 11:03:54', NULL, 4, 1, 0, '256B ', 10002, 0, 0, NULL, '2023-01-21 11:03:30', NULL, '2023-01-21 11:03:54');
INSERT INTO `data_access_task` VALUES (267, 120008, 3, '2023-01-21 11:04:00', '2023-01-21 11:04:00', NULL, 4, 1, 0, '256B ', 10002, 0, 0, NULL, '2023-01-21 11:04:00', NULL, '2023-01-21 11:04:01');
INSERT INTO `data_access_task` VALUES (268, 120008, 3, '2023-01-21 11:04:30', '2023-01-21 11:04:30', NULL, 4, 1, 0, '256B ', 10002, 0, 0, NULL, '2023-01-21 11:04:30', NULL, '2023-01-21 11:04:31');
INSERT INTO `data_access_task` VALUES (269, 120008, 3, '2023-01-21 11:05:00', '2023-01-21 11:05:00', NULL, 4, 1, 0, '256B ', 10002, 0, 0, NULL, '2023-01-21 11:05:00', NULL, '2023-01-21 11:05:01');
INSERT INTO `data_access_task` VALUES (270, 120008, 3, '2023-01-21 11:05:30', '2023-01-21 11:05:30', NULL, 4, 1, 0, '256B ', 10002, 0, 0, NULL, '2023-01-21 11:05:30', NULL, '2023-01-21 11:05:31');
INSERT INTO `data_access_task` VALUES (271, 120008, 3, '2023-01-21 11:06:00', '2023-01-21 11:06:00', NULL, 4, 1, 0, '256B ', 10002, 0, 0, NULL, '2023-01-21 11:06:00', NULL, '2023-01-21 11:06:01');
INSERT INTO `data_access_task` VALUES (272, 120008, 3, '2023-01-21 11:06:30', '2023-01-21 11:06:30', NULL, 4, 1, 0, '256B ', 10002, 0, 0, NULL, '2023-01-21 11:06:30', NULL, '2023-01-21 11:06:31');
INSERT INTO `data_access_task` VALUES (273, 120008, 3, '2023-01-21 11:07:00', '2023-01-21 11:07:00', NULL, 4, 1, 0, '256B ', 10002, 0, 0, NULL, '2023-01-21 11:07:00', NULL, '2023-01-21 11:07:01');
INSERT INTO `data_access_task` VALUES (274, 120008, 3, '2023-01-21 11:07:30', '2023-01-21 11:07:30', NULL, 4, 1, 0, '256B ', 10002, 0, 0, NULL, '2023-01-21 11:07:30', NULL, '2023-01-21 11:07:31');
INSERT INTO `data_access_task` VALUES (275, 120008, 3, '2023-01-21 11:08:00', '2023-01-21 11:08:00', NULL, 4, 1, 0, '256B ', 10002, 0, 0, NULL, '2023-01-21 11:08:00', NULL, '2023-01-21 11:08:01');
INSERT INTO `data_access_task` VALUES (276, 120008, 3, '2023-01-21 11:08:30', '2023-01-21 11:08:30', NULL, 4, 1, 0, '256B ', 10002, 0, 0, NULL, '2023-01-21 11:08:30', NULL, '2023-01-21 11:08:31');
INSERT INTO `data_access_task` VALUES (277, 120008, 3, '2023-01-21 11:09:00', '2023-01-21 11:09:00', NULL, 4, 1, 0, '256B ', 10002, 0, 0, NULL, '2023-01-21 11:09:00', NULL, '2023-01-21 11:09:01');
INSERT INTO `data_access_task` VALUES (278, 120008, 3, '2023-01-21 11:09:30', '2023-01-21 11:09:30', NULL, 4, 1, 0, '256B ', 10002, 0, 0, NULL, '2023-01-21 11:09:30', NULL, '2023-01-21 11:09:31');
INSERT INTO `data_access_task` VALUES (279, 120008, 3, '2023-01-21 11:10:00', '2023-01-21 11:10:00', NULL, 4, 1, 0, '256B ', 10002, 0, 0, NULL, '2023-01-21 11:10:00', NULL, '2023-01-21 11:10:01');
INSERT INTO `data_access_task` VALUES (280, 120008, 3, '2023-01-21 11:10:30', '2023-01-21 11:10:30', NULL, 4, 1, 0, '256B ', 10002, 0, 0, NULL, '2023-01-21 11:10:30', NULL, '2023-01-21 11:10:31');
INSERT INTO `data_access_task` VALUES (281, 120008, 3, '2023-01-21 11:11:00', '2023-01-21 11:11:00', NULL, 4, 1, 0, '256B ', 10002, 0, 0, NULL, '2023-01-21 11:11:00', NULL, '2023-01-21 11:11:00');
INSERT INTO `data_access_task` VALUES (282, 120008, 3, '2023-01-21 11:11:30', '2023-01-21 11:11:30', NULL, 4, 1, 0, '256B ', 10002, 0, 0, NULL, '2023-01-21 11:11:30', NULL, '2023-01-21 11:11:30');
INSERT INTO `data_access_task` VALUES (283, 120008, 3, '2023-01-21 11:12:00', '2023-01-21 11:12:00', NULL, 4, 1, 0, '256B ', 10002, 0, 0, NULL, '2023-01-21 11:12:00', NULL, '2023-01-21 11:12:00');
INSERT INTO `data_access_task` VALUES (284, 120008, 3, '2023-01-21 11:12:30', '2023-01-21 11:12:30', NULL, 4, 1, 0, '256B ', 10002, 0, 0, NULL, '2023-01-21 11:12:30', NULL, '2023-01-21 11:12:31');
INSERT INTO `data_access_task` VALUES (285, 120008, 3, '2023-01-21 11:13:00', '2023-01-21 11:13:00', NULL, 4, 1, 0, '256B ', 10002, 0, 0, NULL, '2023-01-21 11:13:00', NULL, '2023-01-21 11:13:00');
INSERT INTO `data_access_task` VALUES (286, 120008, 3, '2023-01-21 11:13:30', '2023-01-21 11:13:30', NULL, 4, 1, 0, '256B ', 10002, 0, 0, NULL, '2023-01-21 11:13:30', NULL, '2023-01-21 11:13:30');
INSERT INTO `data_access_task` VALUES (287, 120008, 3, '2023-01-21 11:14:00', '2023-01-21 11:14:00', NULL, 4, 1, 0, '256B ', 10002, 0, 0, NULL, '2023-01-21 11:14:00', NULL, '2023-01-21 11:14:00');
INSERT INTO `data_access_task` VALUES (288, 120008, 3, '2023-01-21 11:14:30', '2023-01-21 11:14:30', NULL, 4, 1, 0, '256B ', 10002, 0, 0, NULL, '2023-01-21 11:14:30', NULL, '2023-01-21 11:14:31');
INSERT INTO `data_access_task` VALUES (289, 120008, 3, '2023-01-21 11:15:00', '2023-01-21 11:15:00', NULL, 4, 1, 0, '256B ', 10002, 0, 0, NULL, '2023-01-21 11:15:00', NULL, '2023-01-21 11:15:00');
INSERT INTO `data_access_task` VALUES (290, 120008, 3, '2023-01-21 11:15:30', '2023-01-21 11:15:30', NULL, 4, 1, 0, '256B ', 10002, 0, 0, NULL, '2023-01-21 11:15:30', NULL, '2023-01-21 11:15:31');
INSERT INTO `data_access_task` VALUES (291, 120008, 3, '2023-01-21 11:16:00', '2023-01-21 11:16:00', NULL, 4, 1, 0, '256B ', 10002, 0, 0, NULL, '2023-01-21 11:16:00', NULL, '2023-01-21 11:16:00');
INSERT INTO `data_access_task` VALUES (292, 120008, 3, '2023-01-21 11:16:30', '2023-01-21 11:16:30', NULL, 4, 1, 0, '256B ', 10002, 0, 0, NULL, '2023-01-21 11:16:30', NULL, '2023-01-21 11:16:30');
INSERT INTO `data_access_task` VALUES (293, 120008, 3, '2023-01-21 11:17:00', '2023-01-21 11:17:00', NULL, 4, 1, 0, '256B ', 10002, 0, 0, NULL, '2023-01-21 11:17:00', NULL, '2023-01-21 11:17:01');
INSERT INTO `data_access_task` VALUES (294, 120008, 3, '2023-01-21 11:17:30', '2023-01-21 11:17:30', NULL, 4, 1, 0, '256B ', 10002, 0, 0, NULL, '2023-01-21 11:17:30', NULL, '2023-01-21 11:17:31');
INSERT INTO `data_access_task` VALUES (295, 120008, 3, '2023-01-21 11:18:00', '2023-01-21 11:18:00', NULL, 4, 1, 0, '256B ', 10002, 0, 0, NULL, '2023-01-21 11:18:00', NULL, '2023-01-21 11:18:00');
INSERT INTO `data_access_task` VALUES (296, 120008, 3, '2023-01-21 11:18:30', '2023-01-21 11:18:30', NULL, 4, 1, 0, '256B ', 10002, 0, 0, NULL, '2023-01-21 11:18:30', NULL, '2023-01-21 11:18:30');
INSERT INTO `data_access_task` VALUES (297, 120008, 3, '2023-01-21 11:19:00', '2023-01-21 11:19:00', NULL, 4, 1, 0, '256B ', 10002, 0, 0, NULL, '2023-01-21 11:19:00', NULL, '2023-01-21 11:19:00');
INSERT INTO `data_access_task` VALUES (298, 120008, 3, '2023-01-21 11:19:30', '2023-01-21 11:19:30', NULL, 4, 1, 0, '256B ', 10002, 0, 0, NULL, '2023-01-21 11:19:30', NULL, '2023-01-21 11:19:30');
INSERT INTO `data_access_task` VALUES (299, 120008, 3, '2023-01-21 11:20:00', '2023-01-21 11:20:01', NULL, 4, 1, 0, '256B ', 10002, 0, 0, NULL, '2023-01-21 11:20:00', NULL, '2023-01-21 11:20:02');
INSERT INTO `data_access_task` VALUES (300, 120008, 3, '2023-01-21 11:20:30', '2023-01-21 11:20:30', NULL, 4, 1, 0, '256B ', 10002, 0, 0, NULL, '2023-01-21 11:20:30', NULL, '2023-01-21 11:20:30');
INSERT INTO `data_access_task` VALUES (301, 120008, 3, '2023-01-21 11:21:00', '2023-01-21 11:21:00', NULL, 4, 1, 0, '256B ', 10002, 0, 0, NULL, '2023-01-21 11:21:00', NULL, '2023-01-21 11:21:00');
INSERT INTO `data_access_task` VALUES (302, 120008, 3, '2023-01-21 11:21:30', '2023-01-21 11:21:30', NULL, 4, 1, 0, '256B ', 10002, 0, 0, NULL, '2023-01-21 11:21:30', NULL, '2023-01-21 11:21:30');
INSERT INTO `data_access_task` VALUES (303, 120008, 3, '2023-01-21 11:22:00', '2023-01-21 11:22:00', NULL, 4, 1, 0, '256B ', 10002, 0, 0, NULL, '2023-01-21 11:22:00', NULL, '2023-01-21 11:22:00');
INSERT INTO `data_access_task` VALUES (304, 120008, 3, '2023-01-21 11:22:30', '2023-01-21 11:22:30', NULL, 4, 1, 0, '256B ', 10002, 0, 0, NULL, '2023-01-21 11:22:30', NULL, '2023-01-21 11:22:30');
INSERT INTO `data_access_task` VALUES (305, 120008, 3, '2023-01-21 11:23:00', '2023-01-21 11:23:00', NULL, 4, 1, 0, '256B ', 10002, 0, 0, NULL, '2023-01-21 11:23:00', NULL, '2023-01-21 11:23:00');
INSERT INTO `data_access_task` VALUES (306, 120008, 3, '2023-01-21 11:23:30', '2023-01-21 11:23:30', NULL, 4, 1, 0, '256B ', 10002, 0, 0, NULL, '2023-01-21 11:23:30', NULL, '2023-01-21 11:23:30');
INSERT INTO `data_access_task` VALUES (307, 120008, 3, '2023-01-21 11:24:00', '2023-01-21 11:24:00', NULL, 4, 1, 0, '256B ', 10002, 0, 0, NULL, '2023-01-21 11:24:00', NULL, '2023-01-21 11:24:00');
INSERT INTO `data_access_task` VALUES (308, 120008, 3, '2023-01-21 11:24:30', '2023-01-21 11:24:32', NULL, 4, 1, 0, '256B ', 10002, 0, 0, NULL, '2023-01-21 11:24:30', NULL, '2023-01-21 11:24:32');
INSERT INTO `data_access_task` VALUES (309, 120008, 3, '2023-01-21 11:25:00', '2023-01-21 11:25:00', NULL, 4, 1, 0, '256B ', 10002, 0, 0, NULL, '2023-01-21 11:25:00', NULL, '2023-01-21 11:25:00');
INSERT INTO `data_access_task` VALUES (310, 120008, 3, '2023-01-21 11:25:30', '2023-01-21 11:25:30', NULL, 4, 1, 0, '256B ', 10002, 0, 0, NULL, '2023-01-21 11:25:30', NULL, '2023-01-21 11:25:30');
INSERT INTO `data_access_task` VALUES (311, 120008, 3, '2023-01-21 11:26:00', '2023-01-21 11:26:00', NULL, 4, 1, 0, '256B ', 10002, 0, 0, NULL, '2023-01-21 11:26:00', NULL, '2023-01-21 11:26:00');
INSERT INTO `data_access_task` VALUES (312, 120008, 3, '2023-01-21 11:26:30', '2023-01-21 11:26:30', NULL, 4, 1, 0, '256B ', 10002, 0, 0, NULL, '2023-01-21 11:26:30', NULL, '2023-01-21 11:26:30');
INSERT INTO `data_access_task` VALUES (313, 120008, 3, '2023-01-21 11:27:00', '2023-01-21 11:27:00', NULL, 4, 1, 0, '256B ', 10002, 0, 0, NULL, '2023-01-21 11:27:00', NULL, '2023-01-21 11:27:01');
INSERT INTO `data_access_task` VALUES (314, 120008, 3, '2023-01-21 11:27:30', '2023-01-21 11:27:30', NULL, 4, 1, 0, '256B ', 10002, 0, 0, NULL, '2023-01-21 11:27:30', NULL, '2023-01-21 11:27:30');
INSERT INTO `data_access_task` VALUES (315, 120008, 3, '2023-01-21 11:28:00', '2023-01-21 11:28:00', NULL, 4, 1, 0, '256B ', 10002, 0, 0, NULL, '2023-01-21 11:28:00', NULL, '2023-01-21 11:28:01');
INSERT INTO `data_access_task` VALUES (316, 120008, 3, '2023-01-21 11:28:30', '2023-01-21 11:28:30', NULL, 4, 1, 0, '256B ', 10002, 0, 0, NULL, '2023-01-21 11:28:30', NULL, '2023-01-21 11:28:30');
INSERT INTO `data_access_task` VALUES (317, 120008, 3, '2023-01-21 11:29:00', '2023-01-21 11:29:00', NULL, 4, 1, 0, '256B ', 10002, 0, 0, NULL, '2023-01-21 11:29:00', NULL, '2023-01-21 11:29:00');
INSERT INTO `data_access_task` VALUES (318, 120008, 3, '2023-01-21 11:29:30', '2023-01-21 11:29:30', NULL, 4, 1, 0, '256B ', 10002, 0, 0, NULL, '2023-01-21 11:29:30', NULL, '2023-01-21 11:29:30');
INSERT INTO `data_access_task` VALUES (319, 120008, 3, '2023-01-21 11:30:00', '2023-01-21 11:30:01', NULL, 4, 1, 0, '256B ', 10002, 0, 0, NULL, '2023-01-21 11:30:00', NULL, '2023-01-21 11:30:02');
INSERT INTO `data_access_task` VALUES (320, 120008, 3, '2023-01-21 11:35:01', '2023-01-21 11:35:04', NULL, 4, 1, 0, '256B ', 10002, NULL, 0, NULL, NULL, NULL, '2023-01-21 11:35:04');
INSERT INTO `data_access_task` VALUES (321, 120008, 3, '2023-01-21 11:35:30', '2023-01-21 11:35:30', NULL, 4, 1, 0, '256B ', 10002, NULL, 0, NULL, NULL, NULL, '2023-01-21 11:35:31');
INSERT INTO `data_access_task` VALUES (322, 120008, 3, '2023-01-21 11:36:00', '2023-01-21 11:36:00', NULL, 4, 1, 0, '256B ', 10002, NULL, 0, NULL, NULL, NULL, '2023-01-21 11:36:01');
INSERT INTO `data_access_task` VALUES (323, 120008, 3, '2023-01-21 11:36:30', '2023-01-21 11:36:30', NULL, 4, 1, 0, '256B ', 10002, NULL, 0, NULL, NULL, NULL, '2023-01-21 11:36:31');
INSERT INTO `data_access_task` VALUES (324, 120008, 3, '2023-01-21 11:37:00', '2023-01-21 11:37:00', NULL, 4, 1, 0, '256B ', 10002, NULL, 0, NULL, NULL, NULL, '2023-01-21 11:37:01');
INSERT INTO `data_access_task` VALUES (325, 120008, 3, '2023-01-21 11:37:30', '2023-01-21 11:37:30', NULL, 4, 1, 0, '256B ', 10002, NULL, 0, NULL, NULL, NULL, '2023-01-21 11:37:31');
INSERT INTO `data_access_task` VALUES (326, 120008, 3, '2023-01-21 11:38:00', '2023-01-21 11:38:00', NULL, 4, 1, 0, '256B ', 10002, NULL, 0, NULL, NULL, NULL, '2023-01-21 11:38:01');
INSERT INTO `data_access_task` VALUES (327, 120008, 3, '2023-01-21 11:38:30', '2023-01-21 11:38:30', NULL, 4, 1, 0, '256B ', 10002, NULL, 0, NULL, NULL, NULL, '2023-01-21 11:38:31');
INSERT INTO `data_access_task` VALUES (328, 120008, 3, '2023-01-21 11:39:00', '2023-01-21 11:39:00', NULL, 4, 1, 0, '256B ', 10002, NULL, 0, NULL, NULL, NULL, '2023-01-21 11:39:01');
INSERT INTO `data_access_task` VALUES (329, 120008, 3, '2023-01-21 11:39:30', '2023-01-21 11:39:30', NULL, 4, 1, 0, '256B ', 10002, NULL, 0, NULL, NULL, NULL, '2023-01-21 11:39:31');
INSERT INTO `data_access_task` VALUES (330, 120008, 3, '2023-01-21 11:40:00', '2023-01-21 11:40:00', NULL, 4, 1, 0, '256B ', 10002, NULL, 0, NULL, NULL, NULL, '2023-01-21 11:40:01');
INSERT INTO `data_access_task` VALUES (331, 120008, 3, '2023-01-21 11:40:30', '2023-01-21 11:40:30', NULL, 4, 1, 0, '256B ', 10002, NULL, 0, NULL, NULL, NULL, '2023-01-21 11:40:31');
INSERT INTO `data_access_task` VALUES (332, 120008, 3, '2023-01-21 11:41:00', '2023-01-21 11:41:00', NULL, 4, 1, 0, '256B ', 10002, NULL, 0, NULL, NULL, NULL, '2023-01-21 11:41:01');
INSERT INTO `data_access_task` VALUES (333, 120008, 3, '2023-01-21 11:41:30', '2023-01-21 11:41:30', NULL, 4, 1, 0, '256B ', 10002, NULL, 0, NULL, NULL, NULL, '2023-01-21 11:41:31');
INSERT INTO `data_access_task` VALUES (334, 120008, 3, '2023-01-21 11:42:00', '2023-01-21 11:42:00', NULL, 4, 1, 0, '256B ', 10002, NULL, 0, NULL, NULL, NULL, '2023-01-21 11:42:01');
INSERT INTO `data_access_task` VALUES (335, 120008, 3, '2023-01-21 11:42:30', '2023-01-21 11:42:30', NULL, 4, 1, 0, '256B ', 10002, NULL, 0, NULL, NULL, NULL, '2023-01-21 11:42:31');
INSERT INTO `data_access_task` VALUES (336, 120008, 3, '2023-01-21 11:43:00', '2023-01-21 11:43:00', NULL, 4, 1, 0, '256B ', 10002, NULL, 0, NULL, NULL, NULL, '2023-01-21 11:43:01');
INSERT INTO `data_access_task` VALUES (337, 120008, 3, '2023-01-21 11:43:30', '2023-01-21 11:43:30', NULL, 4, 1, 0, '256B ', 10002, NULL, 0, NULL, NULL, NULL, '2023-01-21 11:43:31');
INSERT INTO `data_access_task` VALUES (338, 120008, 3, '2023-01-21 11:44:00', '2023-01-21 11:44:00', NULL, 4, 1, 0, '256B ', 10002, NULL, 0, NULL, NULL, NULL, '2023-01-21 11:44:01');
INSERT INTO `data_access_task` VALUES (339, 120008, 3, '2023-01-21 11:44:30', '2023-01-21 11:44:30', NULL, 4, 1, 0, '256B ', 10002, NULL, 0, NULL, NULL, NULL, '2023-01-21 11:44:31');
INSERT INTO `data_access_task` VALUES (340, 120008, 3, '2023-01-21 11:45:00', '2023-01-21 11:45:00', NULL, 4, 1, 0, '256B ', 10002, NULL, 0, NULL, NULL, NULL, '2023-01-21 11:45:01');
INSERT INTO `data_access_task` VALUES (341, 120008, 3, '2023-01-21 11:45:30', '2023-01-21 11:45:30', NULL, 4, 1, 0, '256B ', 10002, NULL, 0, NULL, NULL, NULL, '2023-01-21 11:45:31');
INSERT INTO `data_access_task` VALUES (342, 120008, 3, '2023-01-21 11:46:00', '2023-01-21 11:46:00', NULL, 4, 1, 0, '256B ', 10002, NULL, 0, NULL, NULL, NULL, '2023-01-21 11:46:01');
INSERT INTO `data_access_task` VALUES (343, 120008, 3, '2023-01-21 11:46:30', '2023-01-21 11:46:30', NULL, 4, 1, 0, '256B ', 10002, NULL, 0, NULL, NULL, NULL, '2023-01-21 11:46:31');
INSERT INTO `data_access_task` VALUES (344, 120008, 3, '2023-01-21 11:47:00', '2023-01-21 11:47:00', NULL, 4, 1, 0, '256B ', 10002, NULL, 0, NULL, NULL, NULL, '2023-01-21 11:47:01');
INSERT INTO `data_access_task` VALUES (345, 120008, 3, '2023-01-21 11:47:30', '2023-01-21 11:47:30', NULL, 4, 1, 0, '256B ', 10002, NULL, 0, NULL, NULL, NULL, '2023-01-21 11:47:31');
INSERT INTO `data_access_task` VALUES (346, 120008, 3, '2023-01-21 11:48:00', '2023-01-21 11:48:00', NULL, 4, 1, 0, '256B ', 10002, NULL, 0, NULL, NULL, NULL, '2023-01-21 11:48:01');
INSERT INTO `data_access_task` VALUES (347, 120008, 3, '2023-01-21 11:48:30', '2023-01-21 11:48:30', NULL, 4, 1, 0, '256B ', 10002, NULL, 0, NULL, NULL, NULL, '2023-01-21 11:48:31');
INSERT INTO `data_access_task` VALUES (348, 120008, 3, '2023-01-21 11:49:00', '2023-01-21 11:49:00', NULL, 4, 1, 0, '256B ', 10002, NULL, 0, NULL, NULL, NULL, '2023-01-21 11:49:01');
INSERT INTO `data_access_task` VALUES (349, 120008, 3, '2023-01-21 11:49:30', '2023-01-21 11:49:30', NULL, 4, 1, 0, '256B ', 10002, NULL, 0, NULL, NULL, NULL, '2023-01-21 11:49:31');
INSERT INTO `data_access_task` VALUES (350, 120008, 3, '2023-01-21 11:52:01', '2023-01-21 11:52:02', NULL, 4, 1, 0, '256B ', 10002, 0, 0, NULL, '2023-01-21 11:52:01', NULL, '2023-01-21 11:52:02');
INSERT INTO `data_access_task` VALUES (351, 120008, 3, '2023-01-21 11:52:30', '2023-01-21 11:52:31', NULL, 4, 1, 0, '256B ', 10002, 0, 0, NULL, '2023-01-21 11:52:30', NULL, '2023-01-21 11:52:31');
INSERT INTO `data_access_task` VALUES (352, 120008, 3, '2023-01-21 11:53:00', '2023-01-21 11:53:00', NULL, 4, 1, 0, '256B ', 10002, 0, 0, NULL, '2023-01-21 11:53:00', NULL, '2023-01-21 11:53:01');
INSERT INTO `data_access_task` VALUES (353, 120008, 3, '2023-01-21 11:53:30', '2023-01-21 11:53:30', NULL, 4, 1, 0, '256B ', 10002, 0, 0, NULL, '2023-01-21 11:53:30', NULL, '2023-01-21 11:53:31');
INSERT INTO `data_access_task` VALUES (354, 120008, 3, '2023-01-21 11:54:00', '2023-01-21 11:54:00', NULL, 4, 1, 0, '256B ', 10002, 0, 0, NULL, '2023-01-21 11:54:00', NULL, '2023-01-21 11:54:01');
INSERT INTO `data_access_task` VALUES (355, 120008, 3, '2023-01-21 11:54:30', '2023-01-21 11:54:30', NULL, 4, 1, 0, '256B ', 10002, 0, 0, NULL, '2023-01-21 11:54:30', NULL, '2023-01-21 11:54:31');
INSERT INTO `data_access_task` VALUES (356, 120008, 3, '2023-01-21 11:55:00', '2023-01-21 11:55:00', NULL, 4, 1, 0, '256B ', 10002, 0, 0, NULL, '2023-01-21 11:55:00', NULL, '2023-01-21 11:55:01');
INSERT INTO `data_access_task` VALUES (357, 120008, 3, '2023-01-21 11:55:30', '2023-01-21 11:55:30', NULL, 4, 1, 0, '256B ', 10002, 0, 0, NULL, '2023-01-21 11:55:30', NULL, '2023-01-21 11:55:31');
INSERT INTO `data_access_task` VALUES (358, 120008, 3, '2023-01-21 11:56:00', '2023-01-21 11:56:00', NULL, 4, 1, 0, '256B ', 10002, 0, 0, NULL, '2023-01-21 11:56:00', NULL, '2023-01-21 11:56:01');
INSERT INTO `data_access_task` VALUES (359, 120008, 3, '2023-01-21 11:56:30', '2023-01-21 11:56:30', NULL, 4, 1, 0, '256B ', 10002, 0, 0, NULL, '2023-01-21 11:56:30', NULL, '2023-01-21 11:56:31');
INSERT INTO `data_access_task` VALUES (360, 120008, 3, '2023-01-21 11:57:00', '2023-01-21 11:57:00', NULL, 4, 1, 0, '256B ', 10002, 0, 0, NULL, '2023-01-21 11:57:00', NULL, '2023-01-21 11:57:01');
INSERT INTO `data_access_task` VALUES (361, 120008, 3, '2023-01-21 11:57:30', '2023-01-21 11:57:30', NULL, 4, 1, 0, '256B ', 10002, 0, 0, NULL, '2023-01-21 11:57:30', NULL, '2023-01-21 11:57:31');
INSERT INTO `data_access_task` VALUES (362, 120008, 3, '2023-01-21 11:58:00', '2023-01-21 11:58:00', NULL, 4, 1, 0, '256B ', 10002, 0, 0, NULL, '2023-01-21 11:58:00', NULL, '2023-01-21 11:58:01');
INSERT INTO `data_access_task` VALUES (363, 120008, 3, '2023-01-21 11:58:30', '2023-01-21 11:58:30', NULL, 4, 1, 0, '256B ', 10002, 0, 0, NULL, '2023-01-21 11:58:30', NULL, '2023-01-21 11:58:30');
INSERT INTO `data_access_task` VALUES (364, 120008, 3, '2023-01-21 11:59:00', '2023-01-21 11:59:00', NULL, 4, 1, 0, '256B ', 10002, 0, 0, NULL, '2023-01-21 11:59:00', NULL, '2023-01-21 11:59:01');
INSERT INTO `data_access_task` VALUES (365, 120008, 3, '2023-01-21 12:26:37', '2023-01-21 12:26:40', NULL, 4, 1, 0, '256B ', 10002, 0, 0, NULL, '2023-01-21 12:26:38', NULL, '2023-01-21 12:26:40');
INSERT INTO `data_access_task` VALUES (366, 120008, 3, '2023-01-21 12:28:00', '2023-01-21 12:28:01', NULL, 4, 1, 0, '256B ', 10002, 0, 0, NULL, '2023-01-21 12:28:00', NULL, '2023-01-21 12:28:02');
INSERT INTO `data_access_task` VALUES (367, 120008, 3, '2023-01-21 12:28:30', '2023-01-21 12:28:30', NULL, 4, 1, 0, '256B ', 10002, 0, 0, NULL, '2023-01-21 12:28:30', NULL, '2023-01-21 12:28:31');
INSERT INTO `data_access_task` VALUES (368, 120008, 3, '2023-01-21 14:51:00', '2023-01-21 14:51:00', NULL, 4, 1, 0, '256B ', 10002, 0, 0, NULL, '2023-01-21 14:51:00', NULL, '2023-01-21 14:51:01');
INSERT INTO `data_access_task` VALUES (369, 120008, 3, '2023-01-21 14:51:30', '2023-01-21 14:51:30', NULL, 4, 1, 0, '256B ', 10002, 0, 0, NULL, '2023-01-21 14:51:30', NULL, '2023-01-21 14:51:31');
INSERT INTO `data_access_task` VALUES (370, 120008, 3, '2023-01-21 14:52:00', '2023-01-21 14:52:00', NULL, 4, 1, 0, '256B ', 10002, 0, 0, NULL, '2023-01-21 14:52:00', NULL, '2023-01-21 14:52:01');
INSERT INTO `data_access_task` VALUES (371, 120008, 3, '2023-01-21 14:53:00', '2023-01-21 14:53:00', NULL, 4, 1, 0, '256B ', 10002, 0, 0, NULL, '2023-01-21 14:53:00', NULL, '2023-01-21 14:53:01');
INSERT INTO `data_access_task` VALUES (372, 120008, 3, '2023-01-21 14:53:30', '2023-01-21 14:53:30', NULL, 4, 1, 0, '256B ', 10002, 0, 0, NULL, '2023-01-21 14:53:30', NULL, '2023-01-21 14:53:31');
INSERT INTO `data_access_task` VALUES (373, 120008, 3, '2023-01-21 14:54:00', '2023-01-21 14:54:00', NULL, 4, 1, 0, '256B ', 10002, 0, 0, NULL, '2023-01-21 14:54:00', NULL, '2023-01-21 14:54:01');
INSERT INTO `data_access_task` VALUES (374, 120008, 3, '2023-01-21 14:54:30', '2023-01-21 14:54:30', NULL, 4, 1, 0, '256B ', 10002, 0, 0, NULL, '2023-01-21 14:54:30', NULL, '2023-01-21 14:54:31');
INSERT INTO `data_access_task` VALUES (375, 120008, 3, '2023-01-21 14:55:00', '2023-01-21 14:55:00', NULL, 4, 1, 0, '256B ', 10002, 0, 0, NULL, '2023-01-21 14:55:00', NULL, '2023-01-21 14:55:00');
INSERT INTO `data_access_task` VALUES (376, 120008, 3, '2023-01-21 14:56:30', '2023-01-21 14:56:30', NULL, 4, 1, 0, '256B ', 10002, 0, 0, NULL, '2023-01-21 14:56:30', NULL, '2023-01-21 14:56:30');
INSERT INTO `data_access_task` VALUES (377, 120008, 3, '2023-01-21 15:08:41', '2023-01-21 15:08:42', NULL, 4, 1, 0, '256B ', 10002, 0, 0, NULL, '2023-01-21 15:08:42', NULL, '2023-01-21 15:08:43');
INSERT INTO `data_access_task` VALUES (378, 120008, 3, '2023-01-21 15:09:35', '2023-01-21 15:09:35', NULL, 4, 1, 0, '256B ', 10002, 0, 0, NULL, '2023-01-21 15:09:35', NULL, '2023-01-21 15:09:36');
INSERT INTO `data_access_task` VALUES (379, 120008, 3, '2023-01-21 15:11:38', '2023-01-21 15:11:39', NULL, 4, 1, 0, '256B ', 10002, 0, 0, NULL, '2023-01-21 15:11:39', NULL, '2023-01-21 15:11:39');
INSERT INTO `data_access_task` VALUES (380, 120008, 3, '2023-01-21 16:48:06', '2023-01-21 16:48:08', NULL, 4, 1, 0, '256B ', 10002, 0, 0, NULL, '2023-01-21 16:48:07', NULL, '2023-01-21 16:48:08');
INSERT INTO `data_access_task` VALUES (381, 120008, 3, '2023-01-21 17:02:58', '2023-01-21 17:02:59', NULL, 4, 1, 0, '256B ', 10002, 0, 0, NULL, '2023-01-21 17:02:59', NULL, '2023-01-21 17:02:59');
INSERT INTO `data_access_task` VALUES (382, 120008, 3, '2023-01-21 17:04:30', '2023-01-21 17:04:30', NULL, 4, 1, 0, '256B ', 10002, 0, 0, NULL, '2023-01-21 17:04:30', NULL, '2023-01-21 17:04:31');
INSERT INTO `data_access_task` VALUES (383, 120008, 3, '2023-01-21 17:04:50', '2023-01-21 17:04:50', NULL, 4, 1, 0, '256B ', 10002, 0, 0, NULL, '2023-01-21 17:04:50', NULL, '2023-01-21 17:04:51');
INSERT INTO `data_access_task` VALUES (384, 120008, 3, '2023-01-22 20:32:59', '2023-01-22 20:33:01', NULL, 4, 1, 0, '256B ', 10002, 0, 0, NULL, '2023-01-22 20:33:00', NULL, '2023-01-22 20:33:01');
INSERT INTO `data_access_task` VALUES (385, 120008, 3, '2023-01-22 20:47:00', '2023-01-22 20:47:01', NULL, 4, 1, 0, '256B ', 10002, 0, 0, NULL, '2023-01-22 20:47:01', NULL, '2023-01-22 20:47:02');
INSERT INTO `data_access_task` VALUES (386, 120008, 3, '2023-01-22 20:47:30', '2023-01-22 20:47:31', NULL, 4, 1, 0, '256B ', 10002, 0, 0, NULL, '2023-01-22 20:47:30', NULL, '2023-01-22 20:47:31');
INSERT INTO `data_access_task` VALUES (387, 120008, 3, '2023-01-22 20:48:00', '2023-01-22 20:48:00', NULL, 4, 1, 0, '256B ', 10002, 0, 0, NULL, '2023-01-22 20:48:00', NULL, '2023-01-22 20:48:01');

-- ----------------------------
-- Table structure for data_access_task_detail
-- ----------------------------
DROP TABLE IF EXISTS `data_access_task_detail`;
CREATE TABLE `data_access_task_detail`  (
  `id` bigint(20) NOT NULL AUTO_INCREMENT COMMENT '主键id',
  `data_access_id` bigint(20) NOT NULL COMMENT '数据接入id',
  `task_id` bigint(20) NOT NULL COMMENT '数据接入任务id',
  `source_schema_name` varchar(50) CHARACTER SET utf8mb4 COLLATE utf8mb4_general_ci NOT NULL COMMENT '源端库名',
  `source_table_name` varchar(50) CHARACTER SET utf8mb4 COLLATE utf8mb4_general_ci NOT NULL COMMENT '源端表名',
  `target_schema_name` varchar(50) CHARACTER SET utf8mb4 COLLATE utf8mb4_general_ci NOT NULL COMMENT '目的端库名',
  `target_table_name` varchar(50) CHARACTER SET utf8mb4 COLLATE utf8mb4_general_ci NOT NULL COMMENT '目的端表名',
  `sync_count` bigint(20) NOT NULL COMMENT '同步记录数',
  `sync_bytes` varchar(50) CHARACTER SET utf8mb4 COLLATE utf8mb4_general_ci NOT NULL COMMENT '同步数据量',
  `if_success` int(1) NOT NULL COMMENT '是否成功 0-否 1-是',
  `error_msg` varchar(4000) CHARACTER SET utf8mb4 COLLATE utf8mb4_general_ci NULL DEFAULT NULL COMMENT '失败信息',
  `project_id` bigint(20) NOT NULL COMMENT '项目id',
  `success_msg` varchar(200) CHARACTER SET utf8mb4 COLLATE utf8mb4_general_ci NULL DEFAULT NULL COMMENT '成功信息',
  `create_time` datetime(0) NULL DEFAULT CURRENT_TIMESTAMP(0) COMMENT '创建时间',
  PRIMARY KEY (`id`) USING BTREE,
  INDEX `target_table_name_idx`(`target_table_name`) USING BTREE,
  INDEX `access_id_idx`(`data_access_id`) USING BTREE,
  INDEX `task_id_idx`(`task_id`) USING BTREE
) ENGINE = InnoDB AUTO_INCREMENT = 4214 CHARACTER SET = utf8mb4 COLLATE = utf8mb4_general_ci COMMENT = '数据接入-同步记录详情' ROW_FORMAT = Dynamic;

-- ----------------------------
-- Records of data_access_task_detail
-- ----------------------------
INSERT INTO `data_access_task_detail` VALUES (3864, 120008, 34, 'srt_cloud_test', 'people', 'srt_data_warehouse_p_10002', 'ods_people', 3, '192B ', 1, NULL, 10002, '同步成功', '2023-01-20 14:10:32');
INSERT INTO `data_access_task_detail` VALUES (3865, 120008, 35, 'srt_cloud_test', 'people', 'srt_data_warehouse_p_10002', 'ods_people', 0, '0B ', 1, NULL, 10002, '由于设置了不同步已存在的表，所以未同步表和数据', '2023-01-20 14:11:00');
INSERT INTO `data_access_task_detail` VALUES (3866, 120008, 36, 'srt_cloud_test', 'people', 'srt_data_warehouse_p_10002', 'ods_people', 0, '0B ', 1, NULL, 10002, '由于设置了不同步已存在的表，所以未同步表和数据', '2023-01-20 14:11:30');
INSERT INTO `data_access_task_detail` VALUES (3867, 120008, 37, 'srt_cloud_test', 'people', 'srt_data_warehouse_p_10002', 'ods_people', 3, '192B ', 1, NULL, 10002, '同步成功', '2023-01-20 16:06:18');
INSERT INTO `data_access_task_detail` VALUES (3868, 120008, 38, 'srt_cloud_test', 'people', 'srt_data_warehouse_p_10002', 'ods_people', 0, '0B ', 1, NULL, 10002, '同步成功', '2023-01-20 16:10:42');
INSERT INTO `data_access_task_detail` VALUES (3869, 120008, 39, 'srt_cloud_test', 'people', 'srt_data_warehouse_p_10002', 'ods_people', 0, '0B ', 1, NULL, 10002, '同步成功', '2023-01-20 16:11:01');
INSERT INTO `data_access_task_detail` VALUES (3870, 120008, 40, 'srt_cloud_test', 'people', 'srt_data_warehouse_p_10002', 'ods_people', 3, '192B ', 1, NULL, 10002, '同步成功', '2023-01-20 16:11:41');
INSERT INTO `data_access_task_detail` VALUES (3871, 120008, 41, 'srt_cloud_test', 'people', 'srt_data_warehouse_p_10002', 'ods_people', 3, '192B ', 1, NULL, 10002, '同步成功', '2023-01-20 16:35:34');
INSERT INTO `data_access_task_detail` VALUES (3872, 120008, 42, 'srt_cloud_test', 'people', 'srt_data_warehouse_p_10002', 'ods_people', 3, '192B ', 1, NULL, 10002, '同步成功', '2023-01-20 16:36:44');
INSERT INTO `data_access_task_detail` VALUES (3873, 120008, 43, 'srt_cloud_test', 'people', 'srt_data_warehouse_p_10002', 'ods_people', 4, '256B ', 1, NULL, 10002, '同步成功', '2023-01-21 09:11:36');
INSERT INTO `data_access_task_detail` VALUES (3874, 120008, 44, 'srt_cloud_test', 'people', 'srt_data_warehouse_p_10002', 'ods_people', 4, '256B ', 1, NULL, 10002, '同步成功', '2023-01-21 09:12:01');
INSERT INTO `data_access_task_detail` VALUES (3875, 120008, 45, 'srt_cloud_test', 'people', 'srt_data_warehouse_p_10002', 'ods_people', 4, '256B ', 1, NULL, 10002, '同步成功', '2023-01-21 09:12:31');
INSERT INTO `data_access_task_detail` VALUES (3876, 120008, 46, 'srt_cloud_test', 'people', 'srt_data_warehouse_p_10002', 'ods_people', 4, '256B ', 1, NULL, 10002, '同步成功', '2023-01-21 09:13:01');
INSERT INTO `data_access_task_detail` VALUES (3877, 120008, 47, 'srt_cloud_test', 'people', 'srt_data_warehouse_p_10002', 'ods_people', 4, '256B ', 1, NULL, 10002, '同步成功', '2023-01-21 09:13:31');
INSERT INTO `data_access_task_detail` VALUES (3878, 120008, 48, 'srt_cloud_test', 'people', 'srt_data_warehouse_p_10002', 'ods_people', 4, '256B ', 1, NULL, 10002, '同步成功', '2023-01-21 09:14:01');
INSERT INTO `data_access_task_detail` VALUES (3879, 120008, 49, 'srt_cloud_test', 'people', 'srt_data_warehouse_p_10002', 'ods_people', 4, '256B ', 1, NULL, 10002, '同步成功', '2023-01-21 09:14:31');
INSERT INTO `data_access_task_detail` VALUES (3880, 120008, 50, 'srt_cloud_test', 'people', 'srt_data_warehouse_p_10002', 'ods_people', 4, '256B ', 1, NULL, 10002, '同步成功', '2023-01-21 09:15:01');
INSERT INTO `data_access_task_detail` VALUES (3881, 120008, 51, 'srt_cloud_test', 'people', 'srt_data_warehouse_p_10002', 'ods_people', 4, '256B ', 1, NULL, 10002, '同步成功', '2023-01-21 09:15:31');
INSERT INTO `data_access_task_detail` VALUES (3882, 120008, 52, 'srt_cloud_test', 'people', 'srt_data_warehouse_p_10002', 'ods_people', 4, '256B ', 1, NULL, 10002, '同步成功', '2023-01-21 09:16:01');
INSERT INTO `data_access_task_detail` VALUES (3883, 120008, 53, 'srt_cloud_test', 'people', 'srt_data_warehouse_p_10002', 'ods_people', 4, '256B ', 1, NULL, 10002, '同步成功', '2023-01-21 09:16:31');
INSERT INTO `data_access_task_detail` VALUES (3884, 120008, 54, 'srt_cloud_test', 'people', 'srt_data_warehouse_p_10002', 'ods_people', 4, '256B ', 1, NULL, 10002, '同步成功', '2023-01-21 09:17:01');
INSERT INTO `data_access_task_detail` VALUES (3885, 120008, 55, 'srt_cloud_test', 'people', 'srt_data_warehouse_p_10002', 'ods_people', 4, '256B ', 1, NULL, 10002, '同步成功', '2023-01-21 09:17:31');
INSERT INTO `data_access_task_detail` VALUES (3886, 120008, 56, 'srt_cloud_test', 'people', 'srt_data_warehouse_p_10002', 'ods_people', 4, '256B ', 1, NULL, 10002, '同步成功', '2023-01-21 09:18:01');
INSERT INTO `data_access_task_detail` VALUES (3887, 120008, 57, 'srt_cloud_test', 'people', 'srt_data_warehouse_p_10002', 'ods_people', 4, '256B ', 1, NULL, 10002, '同步成功', '2023-01-21 09:18:31');
INSERT INTO `data_access_task_detail` VALUES (3888, 120008, 58, 'srt_cloud_test', 'people', 'srt_data_warehouse_p_10002', 'ods_people', 4, '256B ', 1, NULL, 10002, '同步成功', '2023-01-21 09:19:01');
INSERT INTO `data_access_task_detail` VALUES (3889, 120008, 59, 'srt_cloud_test', 'people', 'srt_data_warehouse_p_10002', 'ods_people', 4, '256B ', 1, NULL, 10002, '同步成功', '2023-01-21 09:19:31');
INSERT INTO `data_access_task_detail` VALUES (3890, 120008, 60, 'srt_cloud_test', 'people', 'srt_data_warehouse_p_10002', 'ods_people', 4, '256B ', 1, NULL, 10002, '同步成功', '2023-01-21 09:20:02');
INSERT INTO `data_access_task_detail` VALUES (3891, 120008, 61, 'srt_cloud_test', 'people', 'srt_data_warehouse_p_10002', 'ods_people', 4, '256B ', 1, NULL, 10002, '同步成功', '2023-01-21 09:20:31');
INSERT INTO `data_access_task_detail` VALUES (3892, 120008, 62, 'srt_cloud_test', 'people', 'srt_data_warehouse_p_10002', 'ods_people', 4, '256B ', 1, NULL, 10002, '同步成功', '2023-01-21 09:21:01');
INSERT INTO `data_access_task_detail` VALUES (3893, 120008, 63, 'srt_cloud_test', 'people', 'srt_data_warehouse_p_10002', 'ods_people', 4, '256B ', 1, NULL, 10002, '同步成功', '2023-01-21 09:21:31');
INSERT INTO `data_access_task_detail` VALUES (3894, 120008, 64, 'srt_cloud_test', 'people', 'srt_data_warehouse_p_10002', 'ods_people', 4, '256B ', 1, NULL, 10002, '同步成功', '2023-01-21 09:22:01');
INSERT INTO `data_access_task_detail` VALUES (3895, 120008, 65, 'srt_cloud_test', 'people', 'srt_data_warehouse_p_10002', 'ods_people', 4, '256B ', 1, NULL, 10002, '同步成功', '2023-01-21 09:22:31');
INSERT INTO `data_access_task_detail` VALUES (3896, 120008, 66, 'srt_cloud_test', 'people', 'srt_data_warehouse_p_10002', 'ods_people', 4, '256B ', 1, NULL, 10002, '同步成功', '2023-01-21 09:23:01');
INSERT INTO `data_access_task_detail` VALUES (3897, 120008, 67, 'srt_cloud_test', 'people', 'srt_data_warehouse_p_10002', 'ods_people', 4, '256B ', 1, NULL, 10002, '同步成功', '2023-01-21 09:23:31');
INSERT INTO `data_access_task_detail` VALUES (3898, 120008, 68, 'srt_cloud_test', 'people', 'srt_data_warehouse_p_10002', 'ods_people', 4, '256B ', 1, NULL, 10002, '同步成功', '2023-01-21 09:24:01');
INSERT INTO `data_access_task_detail` VALUES (3899, 120008, 69, 'srt_cloud_test', 'people', 'srt_data_warehouse_p_10002', 'ods_people', 4, '256B ', 1, NULL, 10002, '同步成功', '2023-01-21 09:24:31');
INSERT INTO `data_access_task_detail` VALUES (3900, 120008, 70, 'srt_cloud_test', 'people', 'srt_data_warehouse_p_10002', 'ods_people', 4, '256B ', 1, NULL, 10002, '同步成功', '2023-01-21 09:25:01');
INSERT INTO `data_access_task_detail` VALUES (3901, 120008, 71, 'srt_cloud_test', 'people', 'srt_data_warehouse_p_10002', 'ods_people', 4, '256B ', 1, NULL, 10002, '同步成功', '2023-01-21 09:25:31');
INSERT INTO `data_access_task_detail` VALUES (3902, 120008, 72, 'srt_cloud_test', 'people', 'srt_data_warehouse_p_10002', 'ods_people', 4, '256B ', 1, NULL, 10002, '同步成功', '2023-01-21 09:26:01');
INSERT INTO `data_access_task_detail` VALUES (3903, 120008, 73, 'srt_cloud_test', 'people', 'srt_data_warehouse_p_10002', 'ods_people', 4, '256B ', 1, NULL, 10002, '同步成功', '2023-01-21 09:26:31');
INSERT INTO `data_access_task_detail` VALUES (3904, 120008, 74, 'srt_cloud_test', 'people', 'srt_data_warehouse_p_10002', 'ods_people', 4, '256B ', 1, NULL, 10002, '同步成功', '2023-01-21 09:27:01');
INSERT INTO `data_access_task_detail` VALUES (3905, 120008, 75, 'srt_cloud_test', 'people', 'srt_data_warehouse_p_10002', 'ods_people', 4, '256B ', 1, NULL, 10002, '同步成功', '2023-01-21 09:27:32');
INSERT INTO `data_access_task_detail` VALUES (3906, 120008, 76, 'srt_cloud_test', 'people', 'srt_data_warehouse_p_10002', 'ods_people', 4, '256B ', 1, NULL, 10002, '同步成功', '2023-01-21 09:28:01');
INSERT INTO `data_access_task_detail` VALUES (3907, 120008, 77, 'srt_cloud_test', 'people', 'srt_data_warehouse_p_10002', 'ods_people', 4, '256B ', 1, NULL, 10002, '同步成功', '2023-01-21 09:28:31');
INSERT INTO `data_access_task_detail` VALUES (3908, 120008, 78, 'srt_cloud_test', 'people', 'srt_data_warehouse_p_10002', 'ods_people', 4, '256B ', 1, NULL, 10002, '同步成功', '2023-01-21 09:29:01');
INSERT INTO `data_access_task_detail` VALUES (3909, 120008, 79, 'srt_cloud_test', 'people', 'srt_data_warehouse_p_10002', 'ods_people', 4, '256B ', 1, NULL, 10002, '同步成功', '2023-01-21 09:29:31');
INSERT INTO `data_access_task_detail` VALUES (3910, 120008, 80, 'srt_cloud_test', 'people', 'srt_data_warehouse_p_10002', 'ods_people', 4, '256B ', 1, NULL, 10002, '同步成功', '2023-01-21 09:30:01');
INSERT INTO `data_access_task_detail` VALUES (3911, 120008, 81, 'srt_cloud_test', 'people', 'srt_data_warehouse_p_10002', 'ods_people', 4, '256B ', 1, NULL, 10002, '同步成功', '2023-01-21 09:30:31');
INSERT INTO `data_access_task_detail` VALUES (3912, 120008, 82, 'srt_cloud_test', 'people', 'srt_data_warehouse_p_10002', 'ods_people', 4, '256B ', 1, NULL, 10002, '同步成功', '2023-01-21 09:31:01');
INSERT INTO `data_access_task_detail` VALUES (3913, 120008, 83, 'srt_cloud_test', 'people', 'srt_data_warehouse_p_10002', 'ods_people', 4, '256B ', 1, NULL, 10002, '同步成功', '2023-01-21 09:31:32');
INSERT INTO `data_access_task_detail` VALUES (3914, 120008, 84, 'srt_cloud_test', 'people', 'srt_data_warehouse_p_10002', 'ods_people', 4, '256B ', 1, NULL, 10002, '同步成功', '2023-01-21 09:32:01');
INSERT INTO `data_access_task_detail` VALUES (3915, 120008, 85, 'srt_cloud_test', 'people', 'srt_data_warehouse_p_10002', 'ods_people', 4, '256B ', 1, NULL, 10002, '同步成功', '2023-01-21 09:32:31');
INSERT INTO `data_access_task_detail` VALUES (3916, 120008, 86, 'srt_cloud_test', 'people', 'srt_data_warehouse_p_10002', 'ods_people', 4, '256B ', 1, NULL, 10002, '同步成功', '2023-01-21 09:33:01');
INSERT INTO `data_access_task_detail` VALUES (3917, 120008, 87, 'srt_cloud_test', 'people', 'srt_data_warehouse_p_10002', 'ods_people', 4, '256B ', 1, NULL, 10002, '同步成功', '2023-01-21 09:33:31');
INSERT INTO `data_access_task_detail` VALUES (3918, 120008, 88, 'srt_cloud_test', 'people', 'srt_data_warehouse_p_10002', 'ods_people', 4, '256B ', 1, NULL, 10002, '同步成功', '2023-01-21 09:34:00');
INSERT INTO `data_access_task_detail` VALUES (3919, 120008, 89, 'srt_cloud_test', 'people', 'srt_data_warehouse_p_10002', 'ods_people', 4, '256B ', 1, NULL, 10002, '同步成功', '2023-01-21 09:34:30');
INSERT INTO `data_access_task_detail` VALUES (3920, 120008, 90, 'srt_cloud_test', 'people', 'srt_data_warehouse_p_10002', 'ods_people', 4, '256B ', 1, NULL, 10002, '同步成功', '2023-01-21 09:35:03');
INSERT INTO `data_access_task_detail` VALUES (3921, 120008, 91, 'srt_cloud_test', 'people', 'srt_data_warehouse_p_10002', 'ods_people', 4, '256B ', 1, NULL, 10002, '同步成功', '2023-01-21 09:35:31');
INSERT INTO `data_access_task_detail` VALUES (3922, 120008, 92, 'srt_cloud_test', 'people', 'srt_data_warehouse_p_10002', 'ods_people', 4, '256B ', 1, NULL, 10002, '同步成功', '2023-01-21 09:36:01');
INSERT INTO `data_access_task_detail` VALUES (3923, 120008, 93, 'srt_cloud_test', 'people', 'srt_data_warehouse_p_10002', 'ods_people', 4, '256B ', 1, NULL, 10002, '同步成功', '2023-01-21 09:36:31');
INSERT INTO `data_access_task_detail` VALUES (3924, 120008, 94, 'srt_cloud_test', 'people', 'srt_data_warehouse_p_10002', 'ods_people', 4, '256B ', 1, NULL, 10002, '同步成功', '2023-01-21 09:37:01');
INSERT INTO `data_access_task_detail` VALUES (3925, 120008, 95, 'srt_cloud_test', 'people', 'srt_data_warehouse_p_10002', 'ods_people', 4, '256B ', 1, NULL, 10002, '同步成功', '2023-01-21 09:37:31');
INSERT INTO `data_access_task_detail` VALUES (3926, 120008, 96, 'srt_cloud_test', 'people', 'srt_data_warehouse_p_10002', 'ods_people', 4, '256B ', 1, NULL, 10002, '同步成功', '2023-01-21 09:38:01');
INSERT INTO `data_access_task_detail` VALUES (3927, 120008, 97, 'srt_cloud_test', 'people', 'srt_data_warehouse_p_10002', 'ods_people', 4, '256B ', 1, NULL, 10002, '同步成功', '2023-01-21 09:38:31');
INSERT INTO `data_access_task_detail` VALUES (3928, 120008, 98, 'srt_cloud_test', 'people', 'srt_data_warehouse_p_10002', 'ods_people', 4, '256B ', 1, NULL, 10002, '同步成功', '2023-01-21 09:39:01');
INSERT INTO `data_access_task_detail` VALUES (3929, 120008, 99, 'srt_cloud_test', 'people', 'srt_data_warehouse_p_10002', 'ods_people', 4, '256B ', 1, NULL, 10002, '同步成功', '2023-01-21 09:39:32');
INSERT INTO `data_access_task_detail` VALUES (3930, 120008, 100, 'srt_cloud_test', 'people', 'srt_data_warehouse_p_10002', 'ods_people', 4, '256B ', 1, NULL, 10002, '同步成功', '2023-01-21 09:40:02');
INSERT INTO `data_access_task_detail` VALUES (3931, 120008, 101, 'srt_cloud_test', 'people', 'srt_data_warehouse_p_10002', 'ods_people', 4, '256B ', 1, NULL, 10002, '同步成功', '2023-01-21 09:40:31');
INSERT INTO `data_access_task_detail` VALUES (3932, 120008, 102, 'srt_cloud_test', 'people', 'srt_data_warehouse_p_10002', 'ods_people', 4, '256B ', 1, NULL, 10002, '同步成功', '2023-01-21 09:41:01');
INSERT INTO `data_access_task_detail` VALUES (3933, 120008, 103, 'srt_cloud_test', 'people', 'srt_data_warehouse_p_10002', 'ods_people', 4, '256B ', 1, NULL, 10002, '同步成功', '2023-01-21 09:41:31');
INSERT INTO `data_access_task_detail` VALUES (3934, 120008, 104, 'srt_cloud_test', 'people', 'srt_data_warehouse_p_10002', 'ods_people', 4, '256B ', 1, NULL, 10002, '同步成功', '2023-01-21 09:42:01');
INSERT INTO `data_access_task_detail` VALUES (3935, 120008, 105, 'srt_cloud_test', 'people', 'srt_data_warehouse_p_10002', 'ods_people', 4, '256B ', 1, NULL, 10002, '同步成功', '2023-01-21 09:42:31');
INSERT INTO `data_access_task_detail` VALUES (3936, 120008, 106, 'srt_cloud_test', 'people', 'srt_data_warehouse_p_10002', 'ods_people', 4, '256B ', 1, NULL, 10002, '同步成功', '2023-01-21 09:43:01');
INSERT INTO `data_access_task_detail` VALUES (3937, 120008, 107, 'srt_cloud_test', 'people', 'srt_data_warehouse_p_10002', 'ods_people', 4, '256B ', 1, NULL, 10002, '同步成功', '2023-01-21 09:43:31');
INSERT INTO `data_access_task_detail` VALUES (3938, 120008, 108, 'srt_cloud_test', 'people', 'srt_data_warehouse_p_10002', 'ods_people', 4, '256B ', 1, NULL, 10002, '同步成功', '2023-01-21 09:44:01');
INSERT INTO `data_access_task_detail` VALUES (3939, 120008, 109, 'srt_cloud_test', 'people', 'srt_data_warehouse_p_10002', 'ods_people', 4, '256B ', 1, NULL, 10002, '同步成功', '2023-01-21 09:44:31');
INSERT INTO `data_access_task_detail` VALUES (3940, 120008, 110, 'srt_cloud_test', 'people', 'srt_data_warehouse_p_10002', 'ods_people', 4, '256B ', 1, NULL, 10002, '同步成功', '2023-01-21 09:45:01');
INSERT INTO `data_access_task_detail` VALUES (3941, 120008, 111, 'srt_cloud_test', 'people', 'srt_data_warehouse_p_10002', 'ods_people', 4, '256B ', 1, NULL, 10002, '同步成功', '2023-01-21 09:45:31');
INSERT INTO `data_access_task_detail` VALUES (3942, 120008, 112, 'srt_cloud_test', 'people', 'srt_data_warehouse_p_10002', 'ods_people', 4, '256B ', 1, NULL, 10002, '同步成功', '2023-01-21 09:46:01');
INSERT INTO `data_access_task_detail` VALUES (3943, 120008, 113, 'srt_cloud_test', 'people', 'srt_data_warehouse_p_10002', 'ods_people', 4, '256B ', 1, NULL, 10002, '同步成功', '2023-01-21 09:46:31');
INSERT INTO `data_access_task_detail` VALUES (3944, 120008, 114, 'srt_cloud_test', 'people', 'srt_data_warehouse_p_10002', 'ods_people', 4, '256B ', 1, NULL, 10002, '同步成功', '2023-01-21 09:47:01');
INSERT INTO `data_access_task_detail` VALUES (3945, 120008, 115, 'srt_cloud_test', 'people', 'srt_data_warehouse_p_10002', 'ods_people', 4, '256B ', 1, NULL, 10002, '同步成功', '2023-01-21 09:47:31');
INSERT INTO `data_access_task_detail` VALUES (3946, 120008, 116, 'srt_cloud_test', 'people', 'srt_data_warehouse_p_10002', 'ods_people', 4, '256B ', 1, NULL, 10002, '同步成功', '2023-01-21 09:48:01');
INSERT INTO `data_access_task_detail` VALUES (3947, 120008, 117, 'srt_cloud_test', 'people', 'srt_data_warehouse_p_10002', 'ods_people', 4, '256B ', 1, NULL, 10002, '同步成功', '2023-01-21 09:48:31');
INSERT INTO `data_access_task_detail` VALUES (3948, 120008, 118, 'srt_cloud_test', 'people', 'srt_data_warehouse_p_10002', 'ods_people', 4, '256B ', 1, NULL, 10002, '同步成功', '2023-01-21 09:49:01');
INSERT INTO `data_access_task_detail` VALUES (3949, 120008, 119, 'srt_cloud_test', 'people', 'srt_data_warehouse_p_10002', 'ods_people', 4, '256B ', 1, NULL, 10002, '同步成功', '2023-01-21 09:49:31');
INSERT INTO `data_access_task_detail` VALUES (3950, 120008, 120, 'srt_cloud_test', 'people', 'srt_data_warehouse_p_10002', 'ods_people', 4, '256B ', 1, NULL, 10002, '同步成功', '2023-01-21 09:50:01');
INSERT INTO `data_access_task_detail` VALUES (3951, 120008, 121, 'srt_cloud_test', 'people', 'srt_data_warehouse_p_10002', 'ods_people', 4, '256B ', 1, NULL, 10002, '同步成功', '2023-01-21 09:50:31');
INSERT INTO `data_access_task_detail` VALUES (3952, 120008, 122, 'srt_cloud_test', 'people', 'srt_data_warehouse_p_10002', 'ods_people', 4, '256B ', 1, NULL, 10002, '同步成功', '2023-01-21 09:51:01');
INSERT INTO `data_access_task_detail` VALUES (3953, 120008, 123, 'srt_cloud_test', 'people', 'srt_data_warehouse_p_10002', 'ods_people', 4, '256B ', 1, NULL, 10002, '同步成功', '2023-01-21 09:51:31');
INSERT INTO `data_access_task_detail` VALUES (3954, 120008, 124, 'srt_cloud_test', 'people', 'srt_data_warehouse_p_10002', 'ods_people', 4, '256B ', 1, NULL, 10002, '同步成功', '2023-01-21 09:52:01');
INSERT INTO `data_access_task_detail` VALUES (3955, 120008, 125, 'srt_cloud_test', 'people', 'srt_data_warehouse_p_10002', 'ods_people', 4, '256B ', 1, NULL, 10002, '同步成功', '2023-01-21 09:52:31');
INSERT INTO `data_access_task_detail` VALUES (3956, 120008, 126, 'srt_cloud_test', 'people', 'srt_data_warehouse_p_10002', 'ods_people', 4, '256B ', 1, NULL, 10002, '同步成功', '2023-01-21 09:53:01');
INSERT INTO `data_access_task_detail` VALUES (3957, 120008, 127, 'srt_cloud_test', 'people', 'srt_data_warehouse_p_10002', 'ods_people', 4, '256B ', 1, NULL, 10002, '同步成功', '2023-01-21 09:53:31');
INSERT INTO `data_access_task_detail` VALUES (3958, 120008, 128, 'srt_cloud_test', 'people', 'srt_data_warehouse_p_10002', 'ods_people', 4, '256B ', 1, NULL, 10002, '同步成功', '2023-01-21 09:54:02');
INSERT INTO `data_access_task_detail` VALUES (3959, 120008, 129, 'srt_cloud_test', 'people', 'srt_data_warehouse_p_10002', 'ods_people', 4, '256B ', 1, NULL, 10002, '同步成功', '2023-01-21 09:54:30');
INSERT INTO `data_access_task_detail` VALUES (3960, 120008, 130, 'srt_cloud_test', 'people', 'srt_data_warehouse_p_10002', 'ods_people', 4, '256B ', 1, NULL, 10002, '同步成功', '2023-01-21 09:55:00');
INSERT INTO `data_access_task_detail` VALUES (3961, 120008, 131, 'srt_cloud_test', 'people', 'srt_data_warehouse_p_10002', 'ods_people', 4, '256B ', 1, NULL, 10002, '同步成功', '2023-01-21 09:55:30');
INSERT INTO `data_access_task_detail` VALUES (3962, 120008, 132, 'srt_cloud_test', 'people', 'srt_data_warehouse_p_10002', 'ods_people', 4, '256B ', 1, NULL, 10002, '同步成功', '2023-01-21 09:56:00');
INSERT INTO `data_access_task_detail` VALUES (3963, 120008, 133, 'srt_cloud_test', 'people', 'srt_data_warehouse_p_10002', 'ods_people', 4, '256B ', 1, NULL, 10002, '同步成功', '2023-01-21 09:56:30');
INSERT INTO `data_access_task_detail` VALUES (3964, 120008, 134, 'srt_cloud_test', 'people', 'srt_data_warehouse_p_10002', 'ods_people', 4, '256B ', 1, NULL, 10002, '同步成功', '2023-01-21 09:57:00');
INSERT INTO `data_access_task_detail` VALUES (3965, 120008, 135, 'srt_cloud_test', 'people', 'srt_data_warehouse_p_10002', 'ods_people', 4, '256B ', 1, NULL, 10002, '同步成功', '2023-01-21 09:57:30');
INSERT INTO `data_access_task_detail` VALUES (3966, 120008, 136, 'srt_cloud_test', 'people', 'srt_data_warehouse_p_10002', 'ods_people', 4, '256B ', 1, NULL, 10002, '同步成功', '2023-01-21 09:58:00');
INSERT INTO `data_access_task_detail` VALUES (3967, 120008, 137, 'srt_cloud_test', 'people', 'srt_data_warehouse_p_10002', 'ods_people', 4, '256B ', 1, NULL, 10002, '同步成功', '2023-01-21 09:58:30');
INSERT INTO `data_access_task_detail` VALUES (3968, 120008, 138, 'srt_cloud_test', 'people', 'srt_data_warehouse_p_10002', 'ods_people', 4, '256B ', 1, NULL, 10002, '同步成功', '2023-01-21 09:59:00');
INSERT INTO `data_access_task_detail` VALUES (3969, 120008, 139, 'srt_cloud_test', 'people', 'srt_data_warehouse_p_10002', 'ods_people', 4, '256B ', 1, NULL, 10002, '同步成功', '2023-01-21 09:59:30');
INSERT INTO `data_access_task_detail` VALUES (3970, 120008, 140, 'srt_cloud_test', 'people', 'srt_data_warehouse_p_10002', 'ods_people', 4, '256B ', 1, NULL, 10002, '同步成功', '2023-01-21 10:00:00');
INSERT INTO `data_access_task_detail` VALUES (3971, 120008, 141, 'srt_cloud_test', 'people', 'srt_data_warehouse_p_10002', 'ods_people', 4, '256B ', 1, NULL, 10002, '同步成功', '2023-01-21 10:00:30');
INSERT INTO `data_access_task_detail` VALUES (3972, 120008, 142, 'srt_cloud_test', 'people', 'srt_data_warehouse_p_10002', 'ods_people', 4, '256B ', 1, NULL, 10002, '同步成功', '2023-01-21 10:01:00');
INSERT INTO `data_access_task_detail` VALUES (3973, 120008, 143, 'srt_cloud_test', 'people', 'srt_data_warehouse_p_10002', 'ods_people', 4, '256B ', 1, NULL, 10002, '同步成功', '2023-01-21 10:01:30');
INSERT INTO `data_access_task_detail` VALUES (3974, 120008, 144, 'srt_cloud_test', 'people', 'srt_data_warehouse_p_10002', 'ods_people', 4, '256B ', 1, NULL, 10002, '同步成功', '2023-01-21 10:02:01');
INSERT INTO `data_access_task_detail` VALUES (3975, 120008, 145, 'srt_cloud_test', 'people', 'srt_data_warehouse_p_10002', 'ods_people', 4, '256B ', 1, NULL, 10002, '同步成功', '2023-01-21 10:03:15');
INSERT INTO `data_access_task_detail` VALUES (3976, 120008, 146, 'srt_cloud_test', 'people', 'srt_data_warehouse_p_10002', 'ods_people', 4, '256B ', 1, NULL, 10002, '同步成功', '2023-01-21 10:03:31');
INSERT INTO `data_access_task_detail` VALUES (3977, 120008, 147, 'srt_cloud_test', 'people', 'srt_data_warehouse_p_10002', 'ods_people', 4, '256B ', 1, NULL, 10002, '同步成功', '2023-01-21 10:04:00');
INSERT INTO `data_access_task_detail` VALUES (3978, 120008, 148, 'srt_cloud_test', 'people', 'srt_data_warehouse_p_10002', 'ods_people', 4, '256B ', 1, NULL, 10002, '同步成功', '2023-01-21 10:04:31');
INSERT INTO `data_access_task_detail` VALUES (3979, 120008, 149, 'srt_cloud_test', 'people', 'srt_data_warehouse_p_10002', 'ods_people', 4, '256B ', 1, NULL, 10002, '同步成功', '2023-01-21 10:05:01');
INSERT INTO `data_access_task_detail` VALUES (3980, 120008, 150, 'srt_cloud_test', 'people', 'srt_data_warehouse_p_10002', 'ods_people', 4, '256B ', 1, NULL, 10002, '同步成功', '2023-01-21 10:05:31');
INSERT INTO `data_access_task_detail` VALUES (3981, 120008, 151, 'srt_cloud_test', 'people', 'srt_data_warehouse_p_10002', 'ods_people', 4, '256B ', 1, NULL, 10002, '同步成功', '2023-01-21 10:06:01');
INSERT INTO `data_access_task_detail` VALUES (3982, 120008, 152, 'srt_cloud_test', 'people', 'srt_data_warehouse_p_10002', 'ods_people', 4, '256B ', 1, NULL, 10002, '同步成功', '2023-01-21 10:06:31');
INSERT INTO `data_access_task_detail` VALUES (3983, 120008, 153, 'srt_cloud_test', 'people', 'srt_data_warehouse_p_10002', 'ods_people', 4, '256B ', 1, NULL, 10002, '同步成功', '2023-01-21 10:07:01');
INSERT INTO `data_access_task_detail` VALUES (3984, 120008, 154, 'srt_cloud_test', 'people', 'srt_data_warehouse_p_10002', 'ods_people', 4, '256B ', 1, NULL, 10002, '同步成功', '2023-01-21 10:07:31');
INSERT INTO `data_access_task_detail` VALUES (3985, 120008, 155, 'srt_cloud_test', 'people', 'srt_data_warehouse_p_10002', 'ods_people', 4, '256B ', 1, NULL, 10002, '同步成功', '2023-01-21 10:08:01');
INSERT INTO `data_access_task_detail` VALUES (3986, 120008, 156, 'srt_cloud_test', 'people', 'srt_data_warehouse_p_10002', 'ods_people', 4, '256B ', 1, NULL, 10002, '同步成功', '2023-01-21 10:08:30');
INSERT INTO `data_access_task_detail` VALUES (3987, 120008, 157, 'srt_cloud_test', 'people', 'srt_data_warehouse_p_10002', 'ods_people', 4, '256B ', 1, NULL, 10002, '同步成功', '2023-01-21 10:09:00');
INSERT INTO `data_access_task_detail` VALUES (3988, 120008, 158, 'srt_cloud_test', 'people', 'srt_data_warehouse_p_10002', 'ods_people', 4, '256B ', 1, NULL, 10002, '同步成功', '2023-01-21 10:09:31');
INSERT INTO `data_access_task_detail` VALUES (3989, 120008, 159, 'srt_cloud_test', 'people', 'srt_data_warehouse_p_10002', 'ods_people', 4, '256B ', 1, NULL, 10002, '同步成功', '2023-01-21 10:10:01');
INSERT INTO `data_access_task_detail` VALUES (3990, 120008, 160, 'srt_cloud_test', 'people', 'srt_data_warehouse_p_10002', 'ods_people', 4, '256B ', 1, NULL, 10002, '同步成功', '2023-01-21 10:10:31');
INSERT INTO `data_access_task_detail` VALUES (3991, 120008, 161, 'srt_cloud_test', 'people', 'srt_data_warehouse_p_10002', 'ods_people', 4, '256B ', 1, NULL, 10002, '同步成功', '2023-01-21 10:11:01');
INSERT INTO `data_access_task_detail` VALUES (3992, 120008, 162, 'srt_cloud_test', 'people', 'srt_data_warehouse_p_10002', 'ods_people', 4, '256B ', 1, NULL, 10002, '同步成功', '2023-01-21 10:11:31');
INSERT INTO `data_access_task_detail` VALUES (3993, 120008, 163, 'srt_cloud_test', 'people', 'srt_data_warehouse_p_10002', 'ods_people', 4, '256B ', 1, NULL, 10002, '同步成功', '2023-01-21 10:12:01');
INSERT INTO `data_access_task_detail` VALUES (3994, 120008, 164, 'srt_cloud_test', 'people', 'srt_data_warehouse_p_10002', 'ods_people', 4, '256B ', 1, NULL, 10002, '同步成功', '2023-01-21 10:12:31');
INSERT INTO `data_access_task_detail` VALUES (3995, 120008, 165, 'srt_cloud_test', 'people', 'srt_data_warehouse_p_10002', 'ods_people', 4, '256B ', 1, NULL, 10002, '同步成功', '2023-01-21 10:13:01');
INSERT INTO `data_access_task_detail` VALUES (3996, 120008, 166, 'srt_cloud_test', 'people', 'srt_data_warehouse_p_10002', 'ods_people', 4, '256B ', 1, NULL, 10002, '同步成功', '2023-01-21 10:13:31');
INSERT INTO `data_access_task_detail` VALUES (3997, 120008, 167, 'srt_cloud_test', 'people', 'srt_data_warehouse_p_10002', 'ods_people', 4, '256B ', 1, NULL, 10002, '同步成功', '2023-01-21 10:14:01');
INSERT INTO `data_access_task_detail` VALUES (3998, 120008, 168, 'srt_cloud_test', 'people', 'srt_data_warehouse_p_10002', 'ods_people', 4, '256B ', 1, NULL, 10002, '同步成功', '2023-01-21 10:14:31');
INSERT INTO `data_access_task_detail` VALUES (3999, 120008, 169, 'srt_cloud_test', 'people', 'srt_data_warehouse_p_10002', 'ods_people', 4, '256B ', 1, NULL, 10002, '同步成功', '2023-01-21 10:15:01');
INSERT INTO `data_access_task_detail` VALUES (4000, 120008, 170, 'srt_cloud_test', 'people', 'srt_data_warehouse_p_10002', 'ods_people', 4, '256B ', 1, NULL, 10002, '同步成功', '2023-01-21 10:15:31');
INSERT INTO `data_access_task_detail` VALUES (4001, 120008, 171, 'srt_cloud_test', 'people', 'srt_data_warehouse_p_10002', 'ods_people', 4, '256B ', 1, NULL, 10002, '同步成功', '2023-01-21 10:16:01');
INSERT INTO `data_access_task_detail` VALUES (4002, 120008, 172, 'srt_cloud_test', 'people', 'srt_data_warehouse_p_10002', 'ods_people', 4, '256B ', 1, NULL, 10002, '同步成功', '2023-01-21 10:16:30');
INSERT INTO `data_access_task_detail` VALUES (4003, 120008, 173, 'srt_cloud_test', 'people', 'srt_data_warehouse_p_10002', 'ods_people', 4, '256B ', 1, NULL, 10002, '同步成功', '2023-01-21 10:17:01');
INSERT INTO `data_access_task_detail` VALUES (4004, 120008, 174, 'srt_cloud_test', 'people', 'srt_data_warehouse_p_10002', 'ods_people', 4, '256B ', 1, NULL, 10002, '同步成功', '2023-01-21 10:17:31');
INSERT INTO `data_access_task_detail` VALUES (4005, 120008, 175, 'srt_cloud_test', 'people', 'srt_data_warehouse_p_10002', 'ods_people', 4, '256B ', 1, NULL, 10002, '同步成功', '2023-01-21 10:18:01');
INSERT INTO `data_access_task_detail` VALUES (4006, 120008, 176, 'srt_cloud_test', 'people', 'srt_data_warehouse_p_10002', 'ods_people', 4, '256B ', 1, NULL, 10002, '同步成功', '2023-01-21 10:18:31');
INSERT INTO `data_access_task_detail` VALUES (4007, 120008, 177, 'srt_cloud_test', 'people', 'srt_data_warehouse_p_10002', 'ods_people', 4, '256B ', 1, NULL, 10002, '同步成功', '2023-01-21 10:19:01');
INSERT INTO `data_access_task_detail` VALUES (4008, 120008, 178, 'srt_cloud_test', 'people', 'srt_data_warehouse_p_10002', 'ods_people', 4, '256B ', 1, NULL, 10002, '同步成功', '2023-01-21 10:19:31');
INSERT INTO `data_access_task_detail` VALUES (4009, 120008, 179, 'srt_cloud_test', 'people', 'srt_data_warehouse_p_10002', 'ods_people', 4, '256B ', 1, NULL, 10002, '同步成功', '2023-01-21 10:20:01');
INSERT INTO `data_access_task_detail` VALUES (4010, 120008, 180, 'srt_cloud_test', 'people', 'srt_data_warehouse_p_10002', 'ods_people', 4, '256B ', 1, NULL, 10002, '同步成功', '2023-01-21 10:20:31');
INSERT INTO `data_access_task_detail` VALUES (4011, 120008, 181, 'srt_cloud_test', 'people', 'srt_data_warehouse_p_10002', 'ods_people', 4, '256B ', 1, NULL, 10002, '同步成功', '2023-01-21 10:21:01');
INSERT INTO `data_access_task_detail` VALUES (4012, 120008, 182, 'srt_cloud_test', 'people', 'srt_data_warehouse_p_10002', 'ods_people', 4, '256B ', 1, NULL, 10002, '同步成功', '2023-01-21 10:21:31');
INSERT INTO `data_access_task_detail` VALUES (4013, 120008, 183, 'srt_cloud_test', 'people', 'srt_data_warehouse_p_10002', 'ods_people', 4, '256B ', 1, NULL, 10002, '同步成功', '2023-01-21 10:22:01');
INSERT INTO `data_access_task_detail` VALUES (4014, 120008, 184, 'srt_cloud_test', 'people', 'srt_data_warehouse_p_10002', 'ods_people', 4, '256B ', 1, NULL, 10002, '同步成功', '2023-01-21 10:22:31');
INSERT INTO `data_access_task_detail` VALUES (4015, 120008, 185, 'srt_cloud_test', 'people', 'srt_data_warehouse_p_10002', 'ods_people', 4, '256B ', 1, NULL, 10002, '同步成功', '2023-01-21 10:23:01');
INSERT INTO `data_access_task_detail` VALUES (4016, 120008, 186, 'srt_cloud_test', 'people', 'srt_data_warehouse_p_10002', 'ods_people', 4, '256B ', 1, NULL, 10002, '同步成功', '2023-01-21 10:23:31');
INSERT INTO `data_access_task_detail` VALUES (4017, 120008, 187, 'srt_cloud_test', 'people', 'srt_data_warehouse_p_10002', 'ods_people', 4, '256B ', 1, NULL, 10002, '同步成功', '2023-01-21 10:24:01');
INSERT INTO `data_access_task_detail` VALUES (4018, 120008, 188, 'srt_cloud_test', 'people', 'srt_data_warehouse_p_10002', 'ods_people', 4, '256B ', 1, NULL, 10002, '同步成功', '2023-01-21 10:24:31');
INSERT INTO `data_access_task_detail` VALUES (4019, 120008, 189, 'srt_cloud_test', 'people', 'srt_data_warehouse_p_10002', 'ods_people', 4, '256B ', 1, NULL, 10002, '同步成功', '2023-01-21 10:25:01');
INSERT INTO `data_access_task_detail` VALUES (4020, 120008, 190, 'srt_cloud_test', 'people', 'srt_data_warehouse_p_10002', 'ods_people', 4, '256B ', 1, NULL, 10002, '同步成功', '2023-01-21 10:25:31');
INSERT INTO `data_access_task_detail` VALUES (4021, 120008, 191, 'srt_cloud_test', 'people', 'srt_data_warehouse_p_10002', 'ods_people', 4, '256B ', 1, NULL, 10002, '同步成功', '2023-01-21 10:26:01');
INSERT INTO `data_access_task_detail` VALUES (4022, 120008, 192, 'srt_cloud_test', 'people', 'srt_data_warehouse_p_10002', 'ods_people', 4, '256B ', 1, NULL, 10002, '同步成功', '2023-01-21 10:26:31');
INSERT INTO `data_access_task_detail` VALUES (4023, 120008, 193, 'srt_cloud_test', 'people', 'srt_data_warehouse_p_10002', 'ods_people', 4, '256B ', 1, NULL, 10002, '同步成功', '2023-01-21 10:27:01');
INSERT INTO `data_access_task_detail` VALUES (4024, 120008, 194, 'srt_cloud_test', 'people', 'srt_data_warehouse_p_10002', 'ods_people', 4, '256B ', 1, NULL, 10002, '同步成功', '2023-01-21 10:27:31');
INSERT INTO `data_access_task_detail` VALUES (4025, 120008, 195, 'srt_cloud_test', 'people', 'srt_data_warehouse_p_10002', 'ods_people', 4, '256B ', 1, NULL, 10002, '同步成功', '2023-01-21 10:28:01');
INSERT INTO `data_access_task_detail` VALUES (4026, 120008, 196, 'srt_cloud_test', 'people', 'srt_data_warehouse_p_10002', 'ods_people', 4, '256B ', 1, NULL, 10002, '同步成功', '2023-01-21 10:28:31');
INSERT INTO `data_access_task_detail` VALUES (4027, 120008, 197, 'srt_cloud_test', 'people', 'srt_data_warehouse_p_10002', 'ods_people', 4, '256B ', 1, NULL, 10002, '同步成功', '2023-01-21 10:29:01');
INSERT INTO `data_access_task_detail` VALUES (4028, 120008, 198, 'srt_cloud_test', 'people', 'srt_data_warehouse_p_10002', 'ods_people', 4, '256B ', 1, NULL, 10002, '同步成功', '2023-01-21 10:29:31');
INSERT INTO `data_access_task_detail` VALUES (4029, 120008, 199, 'srt_cloud_test', 'people', 'srt_data_warehouse_p_10002', 'ods_people', 4, '256B ', 1, NULL, 10002, '同步成功', '2023-01-21 10:30:01');
INSERT INTO `data_access_task_detail` VALUES (4030, 120008, 200, 'srt_cloud_test', 'people', 'srt_data_warehouse_p_10002', 'ods_people', 4, '256B ', 1, NULL, 10002, '同步成功', '2023-01-21 10:30:31');
INSERT INTO `data_access_task_detail` VALUES (4031, 120008, 201, 'srt_cloud_test', 'people', 'srt_data_warehouse_p_10002', 'ods_people', 4, '256B ', 1, NULL, 10002, '同步成功', '2023-01-21 10:31:01');
INSERT INTO `data_access_task_detail` VALUES (4032, 120008, 202, 'srt_cloud_test', 'people', 'srt_data_warehouse_p_10002', 'ods_people', 4, '256B ', 1, NULL, 10002, '同步成功', '2023-01-21 10:31:31');
INSERT INTO `data_access_task_detail` VALUES (4033, 120008, 203, 'srt_cloud_test', 'people', 'srt_data_warehouse_p_10002', 'ods_people', 4, '256B ', 1, NULL, 10002, '同步成功', '2023-01-21 10:32:00');
INSERT INTO `data_access_task_detail` VALUES (4034, 120008, 204, 'srt_cloud_test', 'people', 'srt_data_warehouse_p_10002', 'ods_people', 4, '256B ', 1, NULL, 10002, '同步成功', '2023-01-21 10:32:31');
INSERT INTO `data_access_task_detail` VALUES (4035, 120008, 205, 'srt_cloud_test', 'people', 'srt_data_warehouse_p_10002', 'ods_people', 4, '256B ', 1, NULL, 10002, '同步成功', '2023-01-21 10:33:01');
INSERT INTO `data_access_task_detail` VALUES (4036, 120008, 206, 'srt_cloud_test', 'people', 'srt_data_warehouse_p_10002', 'ods_people', 4, '256B ', 1, NULL, 10002, '同步成功', '2023-01-21 10:33:31');
INSERT INTO `data_access_task_detail` VALUES (4037, 120008, 207, 'srt_cloud_test', 'people', 'srt_data_warehouse_p_10002', 'ods_people', 4, '256B ', 1, NULL, 10002, '同步成功', '2023-01-21 10:34:01');
INSERT INTO `data_access_task_detail` VALUES (4038, 120008, 208, 'srt_cloud_test', 'people', 'srt_data_warehouse_p_10002', 'ods_people', 4, '256B ', 1, NULL, 10002, '同步成功', '2023-01-21 10:34:31');
INSERT INTO `data_access_task_detail` VALUES (4039, 120008, 209, 'srt_cloud_test', 'people', 'srt_data_warehouse_p_10002', 'ods_people', 4, '256B ', 1, NULL, 10002, '同步成功', '2023-01-21 10:35:01');
INSERT INTO `data_access_task_detail` VALUES (4040, 120008, 210, 'srt_cloud_test', 'people', 'srt_data_warehouse_p_10002', 'ods_people', 4, '256B ', 1, NULL, 10002, '同步成功', '2023-01-21 10:35:31');
INSERT INTO `data_access_task_detail` VALUES (4041, 120008, 211, 'srt_cloud_test', 'people', 'srt_data_warehouse_p_10002', 'ods_people', 4, '256B ', 1, NULL, 10002, '同步成功', '2023-01-21 10:36:01');
INSERT INTO `data_access_task_detail` VALUES (4042, 120008, 212, 'srt_cloud_test', 'people', 'srt_data_warehouse_p_10002', 'ods_people', 4, '256B ', 1, NULL, 10002, '同步成功', '2023-01-21 10:36:31');
INSERT INTO `data_access_task_detail` VALUES (4043, 120008, 213, 'srt_cloud_test', 'people', 'srt_data_warehouse_p_10002', 'ods_people', 4, '256B ', 1, NULL, 10002, '同步成功', '2023-01-21 10:37:01');
INSERT INTO `data_access_task_detail` VALUES (4044, 120008, 214, 'srt_cloud_test', 'people', 'srt_data_warehouse_p_10002', 'ods_people', 4, '256B ', 1, NULL, 10002, '同步成功', '2023-01-21 10:37:31');
INSERT INTO `data_access_task_detail` VALUES (4045, 120008, 215, 'srt_cloud_test', 'people', 'srt_data_warehouse_p_10002', 'ods_people', 4, '256B ', 1, NULL, 10002, '同步成功', '2023-01-21 10:38:01');
INSERT INTO `data_access_task_detail` VALUES (4046, 120008, 216, 'srt_cloud_test', 'people', 'srt_data_warehouse_p_10002', 'ods_people', 4, '256B ', 1, NULL, 10002, '同步成功', '2023-01-21 10:38:31');
INSERT INTO `data_access_task_detail` VALUES (4047, 120008, 217, 'srt_cloud_test', 'people', 'srt_data_warehouse_p_10002', 'ods_people', 4, '256B ', 1, NULL, 10002, '同步成功', '2023-01-21 10:39:01');
INSERT INTO `data_access_task_detail` VALUES (4048, 120008, 218, 'srt_cloud_test', 'people', 'srt_data_warehouse_p_10002', 'ods_people', 4, '256B ', 1, NULL, 10002, '同步成功', '2023-01-21 10:39:31');
INSERT INTO `data_access_task_detail` VALUES (4049, 120008, 219, 'srt_cloud_test', 'people', 'srt_data_warehouse_p_10002', 'ods_people', 4, '256B ', 1, NULL, 10002, '同步成功', '2023-01-21 10:40:01');
INSERT INTO `data_access_task_detail` VALUES (4050, 120008, 220, 'srt_cloud_test', 'people', 'srt_data_warehouse_p_10002', 'ods_people', 4, '256B ', 1, NULL, 10002, '同步成功', '2023-01-21 10:40:31');
INSERT INTO `data_access_task_detail` VALUES (4051, 120008, 221, 'srt_cloud_test', 'people', 'srt_data_warehouse_p_10002', 'ods_people', 4, '256B ', 1, NULL, 10002, '同步成功', '2023-01-21 10:41:01');
INSERT INTO `data_access_task_detail` VALUES (4052, 120008, 222, 'srt_cloud_test', 'people', 'srt_data_warehouse_p_10002', 'ods_people', 4, '256B ', 1, NULL, 10002, '同步成功', '2023-01-21 10:41:31');
INSERT INTO `data_access_task_detail` VALUES (4053, 120008, 223, 'srt_cloud_test', 'people', 'srt_data_warehouse_p_10002', 'ods_people', 4, '256B ', 1, NULL, 10002, '同步成功', '2023-01-21 10:42:01');
INSERT INTO `data_access_task_detail` VALUES (4054, 120008, 224, 'srt_cloud_test', 'people', 'srt_data_warehouse_p_10002', 'ods_people', 4, '256B ', 1, NULL, 10002, '同步成功', '2023-01-21 10:42:31');
INSERT INTO `data_access_task_detail` VALUES (4055, 120008, 225, 'srt_cloud_test', 'people', 'srt_data_warehouse_p_10002', 'ods_people', 4, '256B ', 1, NULL, 10002, '同步成功', '2023-01-21 10:43:01');
INSERT INTO `data_access_task_detail` VALUES (4056, 120008, 226, 'srt_cloud_test', 'people', 'srt_data_warehouse_p_10002', 'ods_people', 4, '256B ', 1, NULL, 10002, '同步成功', '2023-01-21 10:43:31');
INSERT INTO `data_access_task_detail` VALUES (4057, 120008, 227, 'srt_cloud_test', 'people', 'srt_data_warehouse_p_10002', 'ods_people', 4, '256B ', 1, NULL, 10002, '同步成功', '2023-01-21 10:44:01');
INSERT INTO `data_access_task_detail` VALUES (4058, 120008, 228, 'srt_cloud_test', 'people', 'srt_data_warehouse_p_10002', 'ods_people', 4, '256B ', 1, NULL, 10002, '同步成功', '2023-01-21 10:44:31');
INSERT INTO `data_access_task_detail` VALUES (4059, 120008, 229, 'srt_cloud_test', 'people', 'srt_data_warehouse_p_10002', 'ods_people', 4, '256B ', 1, NULL, 10002, '同步成功', '2023-01-21 10:45:01');
INSERT INTO `data_access_task_detail` VALUES (4060, 120008, 230, 'srt_cloud_test', 'people', 'srt_data_warehouse_p_10002', 'ods_people', 4, '256B ', 1, NULL, 10002, '同步成功', '2023-01-21 10:45:31');
INSERT INTO `data_access_task_detail` VALUES (4061, 120008, 231, 'srt_cloud_test', 'people', 'srt_data_warehouse_p_10002', 'ods_people', 4, '256B ', 1, NULL, 10002, '同步成功', '2023-01-21 10:46:00');
INSERT INTO `data_access_task_detail` VALUES (4062, 120008, 232, 'srt_cloud_test', 'people', 'srt_data_warehouse_p_10002', 'ods_people', 4, '256B ', 1, NULL, 10002, '同步成功', '2023-01-21 10:46:31');
INSERT INTO `data_access_task_detail` VALUES (4063, 120008, 233, 'srt_cloud_test', 'people', 'srt_data_warehouse_p_10002', 'ods_people', 4, '256B ', 1, NULL, 10002, '同步成功', '2023-01-21 10:47:01');
INSERT INTO `data_access_task_detail` VALUES (4064, 120008, 234, 'srt_cloud_test', 'people', 'srt_data_warehouse_p_10002', 'ods_people', 4, '256B ', 1, NULL, 10002, '同步成功', '2023-01-21 10:47:31');
INSERT INTO `data_access_task_detail` VALUES (4065, 120008, 235, 'srt_cloud_test', 'people', 'srt_data_warehouse_p_10002', 'ods_people', 4, '256B ', 1, NULL, 10002, '同步成功', '2023-01-21 10:48:01');
INSERT INTO `data_access_task_detail` VALUES (4066, 120008, 236, 'srt_cloud_test', 'people', 'srt_data_warehouse_p_10002', 'ods_people', 4, '256B ', 1, NULL, 10002, '同步成功', '2023-01-21 10:48:31');
INSERT INTO `data_access_task_detail` VALUES (4067, 120008, 237, 'srt_cloud_test', 'people', 'srt_data_warehouse_p_10002', 'ods_people', 4, '256B ', 1, NULL, 10002, '同步成功', '2023-01-21 10:49:01');
INSERT INTO `data_access_task_detail` VALUES (4068, 120008, 238, 'srt_cloud_test', 'people', 'srt_data_warehouse_p_10002', 'ods_people', 4, '256B ', 1, NULL, 10002, '同步成功', '2023-01-21 10:49:31');
INSERT INTO `data_access_task_detail` VALUES (4069, 120008, 239, 'srt_cloud_test', 'people', 'srt_data_warehouse_p_10002', 'ods_people', 4, '256B ', 1, NULL, 10002, '同步成功', '2023-01-21 10:50:01');
INSERT INTO `data_access_task_detail` VALUES (4070, 120008, 240, 'srt_cloud_test', 'people', 'srt_data_warehouse_p_10002', 'ods_people', 4, '256B ', 1, NULL, 10002, '同步成功', '2023-01-21 10:50:31');
INSERT INTO `data_access_task_detail` VALUES (4071, 120008, 241, 'srt_cloud_test', 'people', 'srt_data_warehouse_p_10002', 'ods_people', 4, '256B ', 1, NULL, 10002, '同步成功', '2023-01-21 10:51:00');
INSERT INTO `data_access_task_detail` VALUES (4072, 120008, 242, 'srt_cloud_test', 'people', 'srt_data_warehouse_p_10002', 'ods_people', 4, '256B ', 1, NULL, 10002, '同步成功', '2023-01-21 10:51:31');
INSERT INTO `data_access_task_detail` VALUES (4073, 120008, 243, 'srt_cloud_test', 'people', 'srt_data_warehouse_p_10002', 'ods_people', 4, '256B ', 1, NULL, 10002, '同步成功', '2023-01-21 10:52:01');
INSERT INTO `data_access_task_detail` VALUES (4074, 120008, 244, 'srt_cloud_test', 'people', 'srt_data_warehouse_p_10002', 'ods_people', 4, '256B ', 1, NULL, 10002, '同步成功', '2023-01-21 10:52:31');
INSERT INTO `data_access_task_detail` VALUES (4075, 120008, 245, 'srt_cloud_test', 'people', 'srt_data_warehouse_p_10002', 'ods_people', 4, '256B ', 1, NULL, 10002, '同步成功', '2023-01-21 10:53:01');
INSERT INTO `data_access_task_detail` VALUES (4076, 120008, 246, 'srt_cloud_test', 'people', 'srt_data_warehouse_p_10002', 'ods_people', 4, '256B ', 1, NULL, 10002, '同步成功', '2023-01-21 10:53:31');
INSERT INTO `data_access_task_detail` VALUES (4077, 120008, 247, 'srt_cloud_test', 'people', 'srt_data_warehouse_p_10002', 'ods_people', 4, '256B ', 1, NULL, 10002, '同步成功', '2023-01-21 10:54:01');
INSERT INTO `data_access_task_detail` VALUES (4078, 120008, 248, 'srt_cloud_test', 'people', 'srt_data_warehouse_p_10002', 'ods_people', 4, '256B ', 1, NULL, 10002, '同步成功', '2023-01-21 10:54:31');
INSERT INTO `data_access_task_detail` VALUES (4079, 120008, 249, 'srt_cloud_test', 'people', 'srt_data_warehouse_p_10002', 'ods_people', 4, '256B ', 1, NULL, 10002, '同步成功', '2023-01-21 10:55:01');
INSERT INTO `data_access_task_detail` VALUES (4080, 120008, 250, 'srt_cloud_test', 'people', 'srt_data_warehouse_p_10002', 'ods_people', 4, '256B ', 1, NULL, 10002, '同步成功', '2023-01-21 10:55:31');
INSERT INTO `data_access_task_detail` VALUES (4081, 120008, 251, 'srt_cloud_test', 'people', 'srt_data_warehouse_p_10002', 'ods_people', 4, '256B ', 1, NULL, 10002, '同步成功', '2023-01-21 10:56:00');
INSERT INTO `data_access_task_detail` VALUES (4082, 120008, 252, 'srt_cloud_test', 'people', 'srt_data_warehouse_p_10002', 'ods_people', 4, '256B ', 1, NULL, 10002, '同步成功', '2023-01-21 10:56:31');
INSERT INTO `data_access_task_detail` VALUES (4083, 120008, 253, 'srt_cloud_test', 'people', 'srt_data_warehouse_p_10002', 'ods_people', 4, '256B ', 1, NULL, 10002, '同步成功', '2023-01-21 10:57:01');
INSERT INTO `data_access_task_detail` VALUES (4084, 120008, 254, 'srt_cloud_test', 'people', 'srt_data_warehouse_p_10002', 'ods_people', 4, '256B ', 1, NULL, 10002, '同步成功', '2023-01-21 10:57:31');
INSERT INTO `data_access_task_detail` VALUES (4085, 120008, 255, 'srt_cloud_test', 'people', 'srt_data_warehouse_p_10002', 'ods_people', 4, '256B ', 1, NULL, 10002, '同步成功', '2023-01-21 10:58:01');
INSERT INTO `data_access_task_detail` VALUES (4086, 120008, 256, 'srt_cloud_test', 'people', 'srt_data_warehouse_p_10002', 'ods_people', 4, '256B ', 1, NULL, 10002, '同步成功', '2023-01-21 10:58:31');
INSERT INTO `data_access_task_detail` VALUES (4087, 120008, 257, 'srt_cloud_test', 'people', 'srt_data_warehouse_p_10002', 'ods_people', 4, '256B ', 1, NULL, 10002, '同步成功', '2023-01-21 10:59:00');
INSERT INTO `data_access_task_detail` VALUES (4088, 120008, 258, 'srt_cloud_test', 'people', 'srt_data_warehouse_p_10002', 'ods_people', 4, '256B ', 1, NULL, 10002, '同步成功', '2023-01-21 10:59:31');
INSERT INTO `data_access_task_detail` VALUES (4089, 120008, 259, 'srt_cloud_test', 'people', 'srt_data_warehouse_p_10002', 'ods_people', 4, '256B ', 1, NULL, 10002, '同步成功', '2023-01-21 11:00:01');
INSERT INTO `data_access_task_detail` VALUES (4090, 120008, 260, 'srt_cloud_test', 'people', 'srt_data_warehouse_p_10002', 'ods_people', 4, '256B ', 1, NULL, 10002, '同步成功', '2023-01-21 11:00:31');
INSERT INTO `data_access_task_detail` VALUES (4091, 120008, 261, 'srt_cloud_test', 'people', 'srt_data_warehouse_p_10002', 'ods_people', 4, '256B ', 1, NULL, 10002, '同步成功', '2023-01-21 11:01:01');
INSERT INTO `data_access_task_detail` VALUES (4092, 120008, 262, 'srt_cloud_test', 'people', 'srt_data_warehouse_p_10002', 'ods_people', 4, '256B ', 1, NULL, 10002, '同步成功', '2023-01-21 11:01:31');
INSERT INTO `data_access_task_detail` VALUES (4093, 120008, 263, 'srt_cloud_test', 'people', 'srt_data_warehouse_p_10002', 'ods_people', 4, '256B ', 1, NULL, 10002, '同步成功', '2023-01-21 11:02:01');
INSERT INTO `data_access_task_detail` VALUES (4094, 120008, 264, 'srt_cloud_test', 'people', 'srt_data_warehouse_p_10002', 'ods_people', 4, '256B ', 1, NULL, 10002, '同步成功', '2023-01-21 11:02:31');
INSERT INTO `data_access_task_detail` VALUES (4095, 120008, 265, 'srt_cloud_test', 'people', 'srt_data_warehouse_p_10002', 'ods_people', 4, '256B ', 1, NULL, 10002, '同步成功', '2023-01-21 11:03:00');
INSERT INTO `data_access_task_detail` VALUES (4096, 120008, 266, 'srt_cloud_test', 'people', 'srt_data_warehouse_p_10002', 'ods_people', 4, '256B ', 1, NULL, 10002, '同步成功', '2023-01-21 11:03:54');
INSERT INTO `data_access_task_detail` VALUES (4097, 120008, 267, 'srt_cloud_test', 'people', 'srt_data_warehouse_p_10002', 'ods_people', 4, '256B ', 1, NULL, 10002, '同步成功', '2023-01-21 11:04:00');
INSERT INTO `data_access_task_detail` VALUES (4098, 120008, 268, 'srt_cloud_test', 'people', 'srt_data_warehouse_p_10002', 'ods_people', 4, '256B ', 1, NULL, 10002, '同步成功', '2023-01-21 11:04:30');
INSERT INTO `data_access_task_detail` VALUES (4099, 120008, 269, 'srt_cloud_test', 'people', 'srt_data_warehouse_p_10002', 'ods_people', 4, '256B ', 1, NULL, 10002, '同步成功', '2023-01-21 11:05:01');
INSERT INTO `data_access_task_detail` VALUES (4100, 120008, 270, 'srt_cloud_test', 'people', 'srt_data_warehouse_p_10002', 'ods_people', 4, '256B ', 1, NULL, 10002, '同步成功', '2023-01-21 11:05:31');
INSERT INTO `data_access_task_detail` VALUES (4101, 120008, 271, 'srt_cloud_test', 'people', 'srt_data_warehouse_p_10002', 'ods_people', 4, '256B ', 1, NULL, 10002, '同步成功', '2023-01-21 11:06:01');
INSERT INTO `data_access_task_detail` VALUES (4102, 120008, 272, 'srt_cloud_test', 'people', 'srt_data_warehouse_p_10002', 'ods_people', 4, '256B ', 1, NULL, 10002, '同步成功', '2023-01-21 11:06:30');
INSERT INTO `data_access_task_detail` VALUES (4103, 120008, 273, 'srt_cloud_test', 'people', 'srt_data_warehouse_p_10002', 'ods_people', 4, '256B ', 1, NULL, 10002, '同步成功', '2023-01-21 11:07:01');
INSERT INTO `data_access_task_detail` VALUES (4104, 120008, 274, 'srt_cloud_test', 'people', 'srt_data_warehouse_p_10002', 'ods_people', 4, '256B ', 1, NULL, 10002, '同步成功', '2023-01-21 11:07:31');
INSERT INTO `data_access_task_detail` VALUES (4105, 120008, 275, 'srt_cloud_test', 'people', 'srt_data_warehouse_p_10002', 'ods_people', 4, '256B ', 1, NULL, 10002, '同步成功', '2023-01-21 11:08:01');
INSERT INTO `data_access_task_detail` VALUES (4106, 120008, 276, 'srt_cloud_test', 'people', 'srt_data_warehouse_p_10002', 'ods_people', 4, '256B ', 1, NULL, 10002, '同步成功', '2023-01-21 11:08:31');
INSERT INTO `data_access_task_detail` VALUES (4107, 120008, 277, 'srt_cloud_test', 'people', 'srt_data_warehouse_p_10002', 'ods_people', 4, '256B ', 1, NULL, 10002, '同步成功', '2023-01-21 11:09:01');
INSERT INTO `data_access_task_detail` VALUES (4108, 120008, 278, 'srt_cloud_test', 'people', 'srt_data_warehouse_p_10002', 'ods_people', 4, '256B ', 1, NULL, 10002, '同步成功', '2023-01-21 11:09:31');
INSERT INTO `data_access_task_detail` VALUES (4109, 120008, 279, 'srt_cloud_test', 'people', 'srt_data_warehouse_p_10002', 'ods_people', 4, '256B ', 1, NULL, 10002, '同步成功', '2023-01-21 11:10:00');
INSERT INTO `data_access_task_detail` VALUES (4110, 120008, 280, 'srt_cloud_test', 'people', 'srt_data_warehouse_p_10002', 'ods_people', 4, '256B ', 1, NULL, 10002, '同步成功', '2023-01-21 11:10:31');
INSERT INTO `data_access_task_detail` VALUES (4111, 120008, 281, 'srt_cloud_test', 'people', 'srt_data_warehouse_p_10002', 'ods_people', 4, '256B ', 1, NULL, 10002, '同步成功', '2023-01-21 11:11:00');
INSERT INTO `data_access_task_detail` VALUES (4112, 120008, 282, 'srt_cloud_test', 'people', 'srt_data_warehouse_p_10002', 'ods_people', 4, '256B ', 1, NULL, 10002, '同步成功', '2023-01-21 11:11:30');
INSERT INTO `data_access_task_detail` VALUES (4113, 120008, 283, 'srt_cloud_test', 'people', 'srt_data_warehouse_p_10002', 'ods_people', 4, '256B ', 1, NULL, 10002, '同步成功', '2023-01-21 11:12:00');
INSERT INTO `data_access_task_detail` VALUES (4114, 120008, 284, 'srt_cloud_test', 'people', 'srt_data_warehouse_p_10002', 'ods_people', 4, '256B ', 1, NULL, 10002, '同步成功', '2023-01-21 11:12:31');
INSERT INTO `data_access_task_detail` VALUES (4115, 120008, 285, 'srt_cloud_test', 'people', 'srt_data_warehouse_p_10002', 'ods_people', 4, '256B ', 1, NULL, 10002, '同步成功', '2023-01-21 11:13:00');
INSERT INTO `data_access_task_detail` VALUES (4116, 120008, 286, 'srt_cloud_test', 'people', 'srt_data_warehouse_p_10002', 'ods_people', 4, '256B ', 1, NULL, 10002, '同步成功', '2023-01-21 11:13:30');
INSERT INTO `data_access_task_detail` VALUES (4117, 120008, 287, 'srt_cloud_test', 'people', 'srt_data_warehouse_p_10002', 'ods_people', 4, '256B ', 1, NULL, 10002, '同步成功', '2023-01-21 11:14:00');
INSERT INTO `data_access_task_detail` VALUES (4118, 120008, 288, 'srt_cloud_test', 'people', 'srt_data_warehouse_p_10002', 'ods_people', 4, '256B ', 1, NULL, 10002, '同步成功', '2023-01-21 11:14:30');
INSERT INTO `data_access_task_detail` VALUES (4119, 120008, 289, 'srt_cloud_test', 'people', 'srt_data_warehouse_p_10002', 'ods_people', 4, '256B ', 1, NULL, 10002, '同步成功', '2023-01-21 11:15:00');
INSERT INTO `data_access_task_detail` VALUES (4120, 120008, 290, 'srt_cloud_test', 'people', 'srt_data_warehouse_p_10002', 'ods_people', 4, '256B ', 1, NULL, 10002, '同步成功', '2023-01-21 11:15:30');
INSERT INTO `data_access_task_detail` VALUES (4121, 120008, 291, 'srt_cloud_test', 'people', 'srt_data_warehouse_p_10002', 'ods_people', 4, '256B ', 1, NULL, 10002, '同步成功', '2023-01-21 11:16:00');
INSERT INTO `data_access_task_detail` VALUES (4122, 120008, 292, 'srt_cloud_test', 'people', 'srt_data_warehouse_p_10002', 'ods_people', 4, '256B ', 1, NULL, 10002, '同步成功', '2023-01-21 11:16:30');
INSERT INTO `data_access_task_detail` VALUES (4123, 120008, 293, 'srt_cloud_test', 'people', 'srt_data_warehouse_p_10002', 'ods_people', 4, '256B ', 1, NULL, 10002, '同步成功', '2023-01-21 11:17:00');
INSERT INTO `data_access_task_detail` VALUES (4124, 120008, 294, 'srt_cloud_test', 'people', 'srt_data_warehouse_p_10002', 'ods_people', 4, '256B ', 1, NULL, 10002, '同步成功', '2023-01-21 11:17:30');
INSERT INTO `data_access_task_detail` VALUES (4125, 120008, 295, 'srt_cloud_test', 'people', 'srt_data_warehouse_p_10002', 'ods_people', 4, '256B ', 1, NULL, 10002, '同步成功', '2023-01-21 11:18:00');
INSERT INTO `data_access_task_detail` VALUES (4126, 120008, 296, 'srt_cloud_test', 'people', 'srt_data_warehouse_p_10002', 'ods_people', 4, '256B ', 1, NULL, 10002, '同步成功', '2023-01-21 11:18:30');
INSERT INTO `data_access_task_detail` VALUES (4127, 120008, 297, 'srt_cloud_test', 'people', 'srt_data_warehouse_p_10002', 'ods_people', 4, '256B ', 1, NULL, 10002, '同步成功', '2023-01-21 11:19:00');
INSERT INTO `data_access_task_detail` VALUES (4128, 120008, 298, 'srt_cloud_test', 'people', 'srt_data_warehouse_p_10002', 'ods_people', 4, '256B ', 1, NULL, 10002, '同步成功', '2023-01-21 11:19:30');
INSERT INTO `data_access_task_detail` VALUES (4129, 120008, 299, 'srt_cloud_test', 'people', 'srt_data_warehouse_p_10002', 'ods_people', 4, '256B ', 1, NULL, 10002, '同步成功', '2023-01-21 11:20:01');
INSERT INTO `data_access_task_detail` VALUES (4130, 120008, 300, 'srt_cloud_test', 'people', 'srt_data_warehouse_p_10002', 'ods_people', 4, '256B ', 1, NULL, 10002, '同步成功', '2023-01-21 11:20:30');
INSERT INTO `data_access_task_detail` VALUES (4131, 120008, 301, 'srt_cloud_test', 'people', 'srt_data_warehouse_p_10002', 'ods_people', 4, '256B ', 1, NULL, 10002, '同步成功', '2023-01-21 11:21:00');
INSERT INTO `data_access_task_detail` VALUES (4132, 120008, 302, 'srt_cloud_test', 'people', 'srt_data_warehouse_p_10002', 'ods_people', 4, '256B ', 1, NULL, 10002, '同步成功', '2023-01-21 11:21:30');
INSERT INTO `data_access_task_detail` VALUES (4133, 120008, 303, 'srt_cloud_test', 'people', 'srt_data_warehouse_p_10002', 'ods_people', 4, '256B ', 1, NULL, 10002, '同步成功', '2023-01-21 11:22:00');
INSERT INTO `data_access_task_detail` VALUES (4134, 120008, 304, 'srt_cloud_test', 'people', 'srt_data_warehouse_p_10002', 'ods_people', 4, '256B ', 1, NULL, 10002, '同步成功', '2023-01-21 11:22:30');
INSERT INTO `data_access_task_detail` VALUES (4135, 120008, 305, 'srt_cloud_test', 'people', 'srt_data_warehouse_p_10002', 'ods_people', 4, '256B ', 1, NULL, 10002, '同步成功', '2023-01-21 11:23:00');
INSERT INTO `data_access_task_detail` VALUES (4136, 120008, 306, 'srt_cloud_test', 'people', 'srt_data_warehouse_p_10002', 'ods_people', 4, '256B ', 1, NULL, 10002, '同步成功', '2023-01-21 11:23:30');
INSERT INTO `data_access_task_detail` VALUES (4137, 120008, 307, 'srt_cloud_test', 'people', 'srt_data_warehouse_p_10002', 'ods_people', 4, '256B ', 1, NULL, 10002, '同步成功', '2023-01-21 11:24:00');
INSERT INTO `data_access_task_detail` VALUES (4138, 120008, 308, 'srt_cloud_test', 'people', 'srt_data_warehouse_p_10002', 'ods_people', 4, '256B ', 1, NULL, 10002, '同步成功', '2023-01-21 11:24:32');
INSERT INTO `data_access_task_detail` VALUES (4139, 120008, 309, 'srt_cloud_test', 'people', 'srt_data_warehouse_p_10002', 'ods_people', 4, '256B ', 1, NULL, 10002, '同步成功', '2023-01-21 11:25:00');
INSERT INTO `data_access_task_detail` VALUES (4140, 120008, 310, 'srt_cloud_test', 'people', 'srt_data_warehouse_p_10002', 'ods_people', 4, '256B ', 1, NULL, 10002, '同步成功', '2023-01-21 11:25:30');
INSERT INTO `data_access_task_detail` VALUES (4141, 120008, 311, 'srt_cloud_test', 'people', 'srt_data_warehouse_p_10002', 'ods_people', 4, '256B ', 1, NULL, 10002, '同步成功', '2023-01-21 11:26:00');
INSERT INTO `data_access_task_detail` VALUES (4142, 120008, 312, 'srt_cloud_test', 'people', 'srt_data_warehouse_p_10002', 'ods_people', 4, '256B ', 1, NULL, 10002, '同步成功', '2023-01-21 11:26:30');
INSERT INTO `data_access_task_detail` VALUES (4143, 120008, 313, 'srt_cloud_test', 'people', 'srt_data_warehouse_p_10002', 'ods_people', 4, '256B ', 1, NULL, 10002, '同步成功', '2023-01-21 11:27:00');
INSERT INTO `data_access_task_detail` VALUES (4144, 120008, 314, 'srt_cloud_test', 'people', 'srt_data_warehouse_p_10002', 'ods_people', 4, '256B ', 1, NULL, 10002, '同步成功', '2023-01-21 11:27:30');
INSERT INTO `data_access_task_detail` VALUES (4145, 120008, 315, 'srt_cloud_test', 'people', 'srt_data_warehouse_p_10002', 'ods_people', 4, '256B ', 1, NULL, 10002, '同步成功', '2023-01-21 11:28:00');
INSERT INTO `data_access_task_detail` VALUES (4146, 120008, 316, 'srt_cloud_test', 'people', 'srt_data_warehouse_p_10002', 'ods_people', 4, '256B ', 1, NULL, 10002, '同步成功', '2023-01-21 11:28:30');
INSERT INTO `data_access_task_detail` VALUES (4147, 120008, 317, 'srt_cloud_test', 'people', 'srt_data_warehouse_p_10002', 'ods_people', 4, '256B ', 1, NULL, 10002, '同步成功', '2023-01-21 11:29:00');
INSERT INTO `data_access_task_detail` VALUES (4148, 120008, 318, 'srt_cloud_test', 'people', 'srt_data_warehouse_p_10002', 'ods_people', 4, '256B ', 1, NULL, 10002, '同步成功', '2023-01-21 11:29:30');
INSERT INTO `data_access_task_detail` VALUES (4149, 120008, 319, 'srt_cloud_test', 'people', 'srt_data_warehouse_p_10002', 'ods_people', 4, '256B ', 1, NULL, 10002, '同步成功', '2023-01-21 11:30:01');
INSERT INTO `data_access_task_detail` VALUES (4150, 120008, 320, 'srt_cloud_test', 'people', 'srt_data_warehouse_p_10002', 'ods_people', 4, '256B ', 1, NULL, 10002, '同步成功', '2023-01-21 11:35:03');
INSERT INTO `data_access_task_detail` VALUES (4151, 120008, 321, 'srt_cloud_test', 'people', 'srt_data_warehouse_p_10002', 'ods_people', 4, '256B ', 1, NULL, 10002, '同步成功', '2023-01-21 11:35:30');
INSERT INTO `data_access_task_detail` VALUES (4152, 120008, 322, 'srt_cloud_test', 'people', 'srt_data_warehouse_p_10002', 'ods_people', 4, '256B ', 1, NULL, 10002, '同步成功', '2023-01-21 11:36:01');
INSERT INTO `data_access_task_detail` VALUES (4153, 120008, 323, 'srt_cloud_test', 'people', 'srt_data_warehouse_p_10002', 'ods_people', 4, '256B ', 1, NULL, 10002, '同步成功', '2023-01-21 11:36:31');
INSERT INTO `data_access_task_detail` VALUES (4154, 120008, 324, 'srt_cloud_test', 'people', 'srt_data_warehouse_p_10002', 'ods_people', 4, '256B ', 1, NULL, 10002, '同步成功', '2023-01-21 11:37:01');
INSERT INTO `data_access_task_detail` VALUES (4155, 120008, 325, 'srt_cloud_test', 'people', 'srt_data_warehouse_p_10002', 'ods_people', 4, '256B ', 1, NULL, 10002, '同步成功', '2023-01-21 11:37:31');
INSERT INTO `data_access_task_detail` VALUES (4156, 120008, 326, 'srt_cloud_test', 'people', 'srt_data_warehouse_p_10002', 'ods_people', 4, '256B ', 1, NULL, 10002, '同步成功', '2023-01-21 11:38:01');
INSERT INTO `data_access_task_detail` VALUES (4157, 120008, 327, 'srt_cloud_test', 'people', 'srt_data_warehouse_p_10002', 'ods_people', 4, '256B ', 1, NULL, 10002, '同步成功', '2023-01-21 11:38:31');
INSERT INTO `data_access_task_detail` VALUES (4158, 120008, 328, 'srt_cloud_test', 'people', 'srt_data_warehouse_p_10002', 'ods_people', 4, '256B ', 1, NULL, 10002, '同步成功', '2023-01-21 11:39:01');
INSERT INTO `data_access_task_detail` VALUES (4159, 120008, 329, 'srt_cloud_test', 'people', 'srt_data_warehouse_p_10002', 'ods_people', 4, '256B ', 1, NULL, 10002, '同步成功', '2023-01-21 11:39:31');
INSERT INTO `data_access_task_detail` VALUES (4160, 120008, 330, 'srt_cloud_test', 'people', 'srt_data_warehouse_p_10002', 'ods_people', 4, '256B ', 1, NULL, 10002, '同步成功', '2023-01-21 11:40:01');
INSERT INTO `data_access_task_detail` VALUES (4161, 120008, 331, 'srt_cloud_test', 'people', 'srt_data_warehouse_p_10002', 'ods_people', 4, '256B ', 1, NULL, 10002, '同步成功', '2023-01-21 11:40:31');
INSERT INTO `data_access_task_detail` VALUES (4162, 120008, 332, 'srt_cloud_test', 'people', 'srt_data_warehouse_p_10002', 'ods_people', 4, '256B ', 1, NULL, 10002, '同步成功', '2023-01-21 11:41:01');
INSERT INTO `data_access_task_detail` VALUES (4163, 120008, 333, 'srt_cloud_test', 'people', 'srt_data_warehouse_p_10002', 'ods_people', 4, '256B ', 1, NULL, 10002, '同步成功', '2023-01-21 11:41:30');
INSERT INTO `data_access_task_detail` VALUES (4164, 120008, 334, 'srt_cloud_test', 'people', 'srt_data_warehouse_p_10002', 'ods_people', 4, '256B ', 1, NULL, 10002, '同步成功', '2023-01-21 11:42:00');
INSERT INTO `data_access_task_detail` VALUES (4165, 120008, 335, 'srt_cloud_test', 'people', 'srt_data_warehouse_p_10002', 'ods_people', 4, '256B ', 1, NULL, 10002, '同步成功', '2023-01-21 11:42:31');
INSERT INTO `data_access_task_detail` VALUES (4166, 120008, 336, 'srt_cloud_test', 'people', 'srt_data_warehouse_p_10002', 'ods_people', 4, '256B ', 1, NULL, 10002, '同步成功', '2023-01-21 11:43:00');
INSERT INTO `data_access_task_detail` VALUES (4167, 120008, 337, 'srt_cloud_test', 'people', 'srt_data_warehouse_p_10002', 'ods_people', 4, '256B ', 1, NULL, 10002, '同步成功', '2023-01-21 11:43:30');
INSERT INTO `data_access_task_detail` VALUES (4168, 120008, 338, 'srt_cloud_test', 'people', 'srt_data_warehouse_p_10002', 'ods_people', 4, '256B ', 1, NULL, 10002, '同步成功', '2023-01-21 11:44:00');
INSERT INTO `data_access_task_detail` VALUES (4169, 120008, 339, 'srt_cloud_test', 'people', 'srt_data_warehouse_p_10002', 'ods_people', 4, '256B ', 1, NULL, 10002, '同步成功', '2023-01-21 11:44:30');
INSERT INTO `data_access_task_detail` VALUES (4170, 120008, 340, 'srt_cloud_test', 'people', 'srt_data_warehouse_p_10002', 'ods_people', 4, '256B ', 1, NULL, 10002, '同步成功', '2023-01-21 11:45:00');
INSERT INTO `data_access_task_detail` VALUES (4171, 120008, 341, 'srt_cloud_test', 'people', 'srt_data_warehouse_p_10002', 'ods_people', 4, '256B ', 1, NULL, 10002, '同步成功', '2023-01-21 11:45:31');
INSERT INTO `data_access_task_detail` VALUES (4172, 120008, 342, 'srt_cloud_test', 'people', 'srt_data_warehouse_p_10002', 'ods_people', 4, '256B ', 1, NULL, 10002, '同步成功', '2023-01-21 11:46:00');
INSERT INTO `data_access_task_detail` VALUES (4173, 120008, 343, 'srt_cloud_test', 'people', 'srt_data_warehouse_p_10002', 'ods_people', 4, '256B ', 1, NULL, 10002, '同步成功', '2023-01-21 11:46:30');
INSERT INTO `data_access_task_detail` VALUES (4174, 120008, 344, 'srt_cloud_test', 'people', 'srt_data_warehouse_p_10002', 'ods_people', 4, '256B ', 1, NULL, 10002, '同步成功', '2023-01-21 11:47:00');
INSERT INTO `data_access_task_detail` VALUES (4175, 120008, 345, 'srt_cloud_test', 'people', 'srt_data_warehouse_p_10002', 'ods_people', 4, '256B ', 1, NULL, 10002, '同步成功', '2023-01-21 11:47:30');
INSERT INTO `data_access_task_detail` VALUES (4176, 120008, 346, 'srt_cloud_test', 'people', 'srt_data_warehouse_p_10002', 'ods_people', 4, '256B ', 1, NULL, 10002, '同步成功', '2023-01-21 11:48:00');
INSERT INTO `data_access_task_detail` VALUES (4177, 120008, 347, 'srt_cloud_test', 'people', 'srt_data_warehouse_p_10002', 'ods_people', 4, '256B ', 1, NULL, 10002, '同步成功', '2023-01-21 11:48:30');
INSERT INTO `data_access_task_detail` VALUES (4178, 120008, 348, 'srt_cloud_test', 'people', 'srt_data_warehouse_p_10002', 'ods_people', 4, '256B ', 1, NULL, 10002, '同步成功', '2023-01-21 11:49:01');
INSERT INTO `data_access_task_detail` VALUES (4179, 120008, 349, 'srt_cloud_test', 'people', 'srt_data_warehouse_p_10002', 'ods_people', 4, '256B ', 1, NULL, 10002, '同步成功', '2023-01-21 11:49:31');
INSERT INTO `data_access_task_detail` VALUES (4180, 120008, 350, 'srt_cloud_test', 'people', 'srt_data_warehouse_p_10002', 'ods_people', 4, '256B ', 1, NULL, 10002, '同步成功', '2023-01-21 11:52:02');
INSERT INTO `data_access_task_detail` VALUES (4181, 120008, 351, 'srt_cloud_test', 'people', 'srt_data_warehouse_p_10002', 'ods_people', 4, '256B ', 1, NULL, 10002, '同步成功', '2023-01-21 11:52:31');
INSERT INTO `data_access_task_detail` VALUES (4182, 120008, 352, 'srt_cloud_test', 'people', 'srt_data_warehouse_p_10002', 'ods_people', 4, '256B ', 1, NULL, 10002, '同步成功', '2023-01-21 11:53:00');
INSERT INTO `data_access_task_detail` VALUES (4183, 120008, 353, 'srt_cloud_test', 'people', 'srt_data_warehouse_p_10002', 'ods_people', 4, '256B ', 1, NULL, 10002, '同步成功', '2023-01-21 11:53:31');
INSERT INTO `data_access_task_detail` VALUES (4184, 120008, 354, 'srt_cloud_test', 'people', 'srt_data_warehouse_p_10002', 'ods_people', 4, '256B ', 1, NULL, 10002, '同步成功', '2023-01-21 11:54:01');
INSERT INTO `data_access_task_detail` VALUES (4185, 120008, 355, 'srt_cloud_test', 'people', 'srt_data_warehouse_p_10002', 'ods_people', 4, '256B ', 1, NULL, 10002, '同步成功', '2023-01-21 11:54:31');
INSERT INTO `data_access_task_detail` VALUES (4186, 120008, 356, 'srt_cloud_test', 'people', 'srt_data_warehouse_p_10002', 'ods_people', 4, '256B ', 1, NULL, 10002, '同步成功', '2023-01-21 11:55:01');
INSERT INTO `data_access_task_detail` VALUES (4187, 120008, 357, 'srt_cloud_test', 'people', 'srt_data_warehouse_p_10002', 'ods_people', 4, '256B ', 1, NULL, 10002, '同步成功', '2023-01-21 11:55:31');
INSERT INTO `data_access_task_detail` VALUES (4188, 120008, 358, 'srt_cloud_test', 'people', 'srt_data_warehouse_p_10002', 'ods_people', 4, '256B ', 1, NULL, 10002, '同步成功', '2023-01-21 11:56:00');
INSERT INTO `data_access_task_detail` VALUES (4189, 120008, 359, 'srt_cloud_test', 'people', 'srt_data_warehouse_p_10002', 'ods_people', 4, '256B ', 1, NULL, 10002, '同步成功', '2023-01-21 11:56:31');
INSERT INTO `data_access_task_detail` VALUES (4190, 120008, 360, 'srt_cloud_test', 'people', 'srt_data_warehouse_p_10002', 'ods_people', 4, '256B ', 1, NULL, 10002, '同步成功', '2023-01-21 11:57:00');
INSERT INTO `data_access_task_detail` VALUES (4191, 120008, 361, 'srt_cloud_test', 'people', 'srt_data_warehouse_p_10002', 'ods_people', 4, '256B ', 1, NULL, 10002, '同步成功', '2023-01-21 11:57:30');
INSERT INTO `data_access_task_detail` VALUES (4192, 120008, 362, 'srt_cloud_test', 'people', 'srt_data_warehouse_p_10002', 'ods_people', 4, '256B ', 1, NULL, 10002, '同步成功', '2023-01-21 11:58:00');
INSERT INTO `data_access_task_detail` VALUES (4193, 120008, 363, 'srt_cloud_test', 'people', 'srt_data_warehouse_p_10002', 'ods_people', 4, '256B ', 1, NULL, 10002, '同步成功', '2023-01-21 11:58:30');
INSERT INTO `data_access_task_detail` VALUES (4194, 120008, 364, 'srt_cloud_test', 'people', 'srt_data_warehouse_p_10002', 'ods_people', 4, '256B ', 1, NULL, 10002, '同步成功', '2023-01-21 11:59:00');
INSERT INTO `data_access_task_detail` VALUES (4195, 120008, 365, 'srt_cloud_test', 'people', 'srt_data_warehouse_p_10002', 'ods_people', 4, '256B ', 1, NULL, 10002, '同步成功', '2023-01-21 12:26:40');
INSERT INTO `data_access_task_detail` VALUES (4196, 120008, 366, 'srt_cloud_test', 'people', 'srt_data_warehouse_p_10002', 'ods_people', 4, '256B ', 1, NULL, 10002, '同步成功', '2023-01-21 12:28:01');
INSERT INTO `data_access_task_detail` VALUES (4197, 120008, 367, 'srt_cloud_test', 'people', 'srt_data_warehouse_p_10002', 'ods_people', 4, '256B ', 1, NULL, 10002, '同步成功', '2023-01-21 12:28:31');
INSERT INTO `data_access_task_detail` VALUES (4198, 120008, 368, 'srt_cloud_test', 'people', 'srt_data_warehouse_p_10002', 'ods_people', 4, '256B ', 1, NULL, 10002, '同步成功', '2023-01-21 14:51:01');
INSERT INTO `data_access_task_detail` VALUES (4199, 120008, 369, 'srt_cloud_test', 'people', 'srt_data_warehouse_p_10002', 'ods_people', 4, '256B ', 1, NULL, 10002, '同步成功', '2023-01-21 14:51:30');
INSERT INTO `data_access_task_detail` VALUES (4200, 120008, 370, 'srt_cloud_test', 'people', 'srt_data_warehouse_p_10002', 'ods_people', 4, '256B ', 1, NULL, 10002, '同步成功', '2023-01-21 14:52:00');
INSERT INTO `data_access_task_detail` VALUES (4201, 120008, 371, 'srt_cloud_test', 'people', 'srt_data_warehouse_p_10002', 'ods_people', 4, '256B ', 1, NULL, 10002, '同步成功', '2023-01-21 14:53:01');
INSERT INTO `data_access_task_detail` VALUES (4202, 120008, 372, 'srt_cloud_test', 'people', 'srt_data_warehouse_p_10002', 'ods_people', 4, '256B ', 1, NULL, 10002, '同步成功', '2023-01-21 14:53:30');
INSERT INTO `data_access_task_detail` VALUES (4203, 120008, 373, 'srt_cloud_test', 'people', 'srt_data_warehouse_p_10002', 'ods_people', 4, '256B ', 1, NULL, 10002, '同步成功', '2023-01-21 14:54:01');
INSERT INTO `data_access_task_detail` VALUES (4204, 120008, 374, 'srt_cloud_test', 'people', 'srt_data_warehouse_p_10002', 'ods_people', 4, '256B ', 1, NULL, 10002, '同步成功', '2023-01-21 14:54:31');
INSERT INTO `data_access_task_detail` VALUES (4205, 120008, 375, 'srt_cloud_test', 'people', 'srt_data_warehouse_p_10002', 'ods_people', 4, '256B ', 1, NULL, 10002, '同步成功', '2023-01-21 14:55:00');
INSERT INTO `data_access_task_detail` VALUES (4206, 120008, 376, 'srt_cloud_test', 'people', 'srt_data_warehouse_p_10002', 'ods_people', 4, '256B ', 1, NULL, 10002, '同步成功', '2023-01-21 14:56:30');
INSERT INTO `data_access_task_detail` VALUES (4207, 120008, 377, 'srt_cloud_test', 'people', 'srt_data_warehouse_p_10002', 'ods_people', 4, '256B ', 1, NULL, 10002, '同步成功', '2023-01-21 15:08:43');
INSERT INTO `data_access_task_detail` VALUES (4208, 120008, 378, 'srt_cloud_test', 'people', 'srt_data_warehouse_p_10002', 'ods_people', 4, '256B ', 1, NULL, 10002, '同步成功', '2023-01-21 15:09:36');
INSERT INTO `data_access_task_detail` VALUES (4209, 120008, 379, 'srt_cloud_test', 'people', 'srt_data_warehouse_p_10002', 'ods_people', 4, '256B ', 1, NULL, 10002, '同步成功', '2023-01-21 15:11:39');
INSERT INTO `data_access_task_detail` VALUES (4210, 120008, 380, 'srt_cloud_test', 'people', 'srt_data_warehouse_p_10002', 'ods_people', 4, '256B ', 1, NULL, 10002, '同步成功', '2023-01-21 16:48:08');
INSERT INTO `data_access_task_detail` VALUES (4211, 120008, 381, 'srt_cloud_test', 'people', 'srt_data_warehouse_p_10002', 'ods_people', 4, '256B ', 1, NULL, 10002, '同步成功', '2023-01-21 17:02:59');
INSERT INTO `data_access_task_detail` VALUES (4212, 120008, 382, 'srt_cloud_test', 'people', 'srt_data_warehouse_p_10002', 'ods_people', 4, '256B ', 1, NULL, 10002, '同步成功', '2023-01-21 17:04:30');
INSERT INTO `data_access_task_detail` VALUES (4213, 120008, 383, 'srt_cloud_test', 'people', 'srt_data_warehouse_p_10002', 'ods_people', 4, '256B ', 1, NULL, 10002, '同步成功', '2023-01-21 17:04:51');
INSERT INTO `data_access_task_detail` VALUES (4214, 120008, 384, 'srt_cloud_test', 'people', 'srt_data_warehouse_p_10002', 'ods_people', 4, '256B ', 1, NULL, 10002, '同步成功', '2023-01-22 20:33:01');
INSERT INTO `data_access_task_detail` VALUES (4215, 120008, 385, 'srt_cloud_test', 'people', 'srt_data_warehouse_p_10002', 'ods_people', 4, '256B ', 1, NULL, 10002, '同步成功', '2023-01-22 20:47:02');
INSERT INTO `data_access_task_detail` VALUES (4216, 120008, 386, 'srt_cloud_test', 'people', 'srt_data_warehouse_p_10002', 'ods_people', 4, '256B ', 1, NULL, 10002, '同步成功', '2023-01-22 20:47:31');
INSERT INTO `data_access_task_detail` VALUES (4217, 120008, 387, 'srt_cloud_test', 'people', 'srt_data_warehouse_p_10002', 'ods_people', 4, '256B ', 1, NULL, 10002, '同步成功', '2023-01-22 20:48:01');

-- ----------------------------
-- Table structure for data_database
-- ----------------------------
DROP TABLE IF EXISTS `data_database`;
CREATE TABLE `data_database`  (
  `id` bigint(20) NOT NULL AUTO_INCREMENT COMMENT '主键id',
  `name` varchar(200) CHARACTER SET utf8mb4 COLLATE utf8mb4_general_ci NOT NULL COMMENT '名称',
  `database_type` int(2) NOT NULL COMMENT '数据库类型（字典 database_type）',
  `database_ip` varchar(50) CHARACTER SET utf8mb4 COLLATE utf8mb4_general_ci NOT NULL COMMENT '主机ip地址',
  `database_port` varchar(10) CHARACTER SET utf8mb4 COLLATE utf8mb4_general_ci NOT NULL COMMENT '端口',
  `database_name` varchar(200) CHARACTER SET utf8mb4 COLLATE utf8mb4_general_ci NOT NULL COMMENT '库名',
  `status` int(1) NOT NULL DEFAULT 0 COMMENT '状态（字典 database_status）',
  `user_name` varchar(50) CHARACTER SET utf8mb4 COLLATE utf8mb4_general_ci NOT NULL COMMENT '用户名',
  `password` varchar(50) CHARACTER SET utf8mb4 COLLATE utf8mb4_general_ci NOT NULL COMMENT '密码',
  `is_rt_approve` int(1) NULL DEFAULT NULL COMMENT '是否支持实时接入（字典 yes_or_no）',
  `no_rt_reason` varchar(150) CHARACTER SET utf8mb4 COLLATE utf8mb4_general_ci NULL DEFAULT NULL COMMENT '不支持实时接入原因',
  `jdbc_url` varchar(1000) CHARACTER SET utf8mb4 COLLATE utf8mb4_general_ci NULL DEFAULT NULL COMMENT 'jdbcUrl',
  `project_id` bigint(20) NULL DEFAULT NULL COMMENT '所属项目id',
  `version` int(11) NULL DEFAULT NULL COMMENT '版本号',
  `deleted` tinyint(4) NULL DEFAULT NULL COMMENT '删除标识  0：正常   1：已删除',
  `creator` bigint(20) NULL DEFAULT NULL COMMENT '创建者',
  `create_time` datetime(0) NULL DEFAULT NULL COMMENT '创建时间',
  `updater` bigint(20) NULL DEFAULT NULL COMMENT '更新者',
  `update_time` datetime(0) NULL DEFAULT NULL COMMENT '更新时间',
  PRIMARY KEY (`id`) USING BTREE
) ENGINE = InnoDB AUTO_INCREMENT = 6 CHARACTER SET = utf8mb4 COLLATE = utf8mb4_general_ci COMMENT = '数据集成-数据库管理' ROW_FORMAT = Dynamic;

-- ----------------------------
-- Records of data_database
-- ----------------------------
INSERT INTO `data_database` VALUES (5, '人口测试数据', 1, '127.0.0.1', '3307', 'srt_cloud_test', 1, 'root', 'root', NULL, NULL, 'jdbc:mysql://127.0.0.1:3307/srt_cloud_test?useUnicode=true&characterEncoding=utf-8&zeroDateTimeBehavior=convertToNull&useSSL=false&serverTimezone=GMT%2B8&allowPublicKeyRetrieval=true', 10002, 3, 0, 10000, '2023-01-20 13:43:12', 10000, '2023-01-21 11:43:15');

-- ----------------------------
-- Table structure for data_file
-- ----------------------------
DROP TABLE IF EXISTS `data_file`;
CREATE TABLE `data_file`  (
  `id` bigint(20) NOT NULL AUTO_INCREMENT COMMENT '主键id',
  `name` varchar(50) CHARACTER SET utf8mb4 COLLATE utf8mb4_general_ci NOT NULL COMMENT '名称',
  `file_category_id` bigint(20) NOT NULL COMMENT '所属分组id',
  `type` varchar(20) CHARACTER SET utf8mb4 COLLATE utf8mb4_general_ci NULL DEFAULT NULL COMMENT '文件类型',
  `file_url` varchar(2000) CHARACTER SET utf8mb4 COLLATE utf8mb4_general_ci NOT NULL COMMENT '文件url地址',
  `description` varchar(300) CHARACTER SET utf8mb4 COLLATE utf8mb4_general_ci NULL DEFAULT NULL COMMENT '描述',
  `project_id` bigint(20) NOT NULL COMMENT '项目id',
  `size` bigint(20) NULL DEFAULT NULL COMMENT '文件大小',
  `version` int(11) NULL DEFAULT NULL COMMENT '版本号',
  `deleted` tinyint(4) NULL DEFAULT NULL COMMENT '删除标识  0：正常   1：已删除',
  `creator` bigint(20) NULL DEFAULT NULL COMMENT '创建者',
  `create_time` datetime(0) NULL DEFAULT NULL COMMENT '创建时间',
  `updater` bigint(20) NULL DEFAULT NULL COMMENT '更新者',
  `update_time` datetime(0) NULL DEFAULT NULL COMMENT '更新时间',
  PRIMARY KEY (`id`) USING BTREE
) ENGINE = InnoDB AUTO_INCREMENT = 2 CHARACTER SET = utf8mb4 COLLATE = utf8mb4_general_ci COMMENT = '文件表' ROW_FORMAT = Dynamic;

-- ----------------------------
-- Records of data_file
-- ----------------------------
INSERT INTO `data_file` VALUES (1, 'check.png', 1, 'png', 'http://localhost:8082/sys/upload/20230121/check_42241.png', '测试\n', 10002, 626, 0, 0, 10000, '2023-01-21 11:44:05', 10000, '2023-01-21 11:44:05');

-- ----------------------------
-- Table structure for data_file_category
-- ----------------------------
DROP TABLE IF EXISTS `data_file_category`;
CREATE TABLE `data_file_category`  (
  `id` bigint(20) NOT NULL AUTO_INCREMENT COMMENT '主键id',
  `parent_id` bigint(20) NOT NULL DEFAULT 0 COMMENT '父级id（顶级为0）',
  `name` varchar(50) CHARACTER SET utf8mb4 COLLATE utf8mb4_bin NOT NULL COMMENT '分组名称',
  `order_no` int(11) NOT NULL COMMENT '分组序号',
  `description` varchar(300) CHARACTER SET utf8mb4 COLLATE utf8mb4_bin NULL DEFAULT NULL COMMENT '描述',
  `path` varchar(100) CHARACTER SET utf8mb4 COLLATE utf8mb4_bin NOT NULL COMMENT '分组路径',
  `project_id` bigint(20) NOT NULL COMMENT '项目id',
  `version` int(11) NULL DEFAULT NULL COMMENT '版本号',
  `deleted` tinyint(4) NULL DEFAULT NULL COMMENT '删除标识  0：正常   1：已删除',
  `creator` bigint(20) NULL DEFAULT NULL COMMENT '创建者',
  `create_time` datetime(0) NULL DEFAULT NULL COMMENT '创建时间',
  `updater` bigint(20) NULL DEFAULT NULL COMMENT '更新者',
  `update_time` datetime(0) NULL DEFAULT NULL COMMENT '更新时间',
  PRIMARY KEY (`id`) USING BTREE
) ENGINE = InnoDB AUTO_INCREMENT = 2 CHARACTER SET = utf8mb4 COLLATE = utf8mb4_bin COMMENT = '文件分组表' ROW_FORMAT = Dynamic;

-- ----------------------------
-- Records of data_file_category
-- ----------------------------
INSERT INTO `data_file_category` VALUES (1, 0, '测试分组', 0, '', '测试分组', 10002, 0, 0, 10000, '2023-01-21 11:43:43', 10000, '2023-01-21 11:43:43');

-- ----------------------------
-- Table structure for data_layer
-- ----------------------------
DROP TABLE IF EXISTS `data_layer`;
CREATE TABLE `data_layer`  (
  `id` bigint(20) NOT NULL AUTO_INCREMENT COMMENT '主键id',
  `name` varchar(50) CHARACTER SET utf8mb4 COLLATE utf8mb4_general_ci NOT NULL COMMENT '分层英文名称',
  `cn_name` varchar(50) CHARACTER SET utf8mb4 COLLATE utf8mb4_general_ci NOT NULL COMMENT '分层中文名称',
  `note` varchar(500) CHARACTER SET utf8mb4 COLLATE utf8mb4_general_ci NULL DEFAULT NULL COMMENT '分层描述',
  `table_prefix` varchar(200) CHARACTER SET utf8mb4 COLLATE utf8mb4_general_ci NULL DEFAULT NULL COMMENT '表名前缀',
  `version` int(11) NULL DEFAULT NULL COMMENT '版本号',
  `deleted` tinyint(4) NULL DEFAULT NULL COMMENT '删除标识  0：正常   1：已删除',
  `creator` bigint(20) NULL DEFAULT NULL COMMENT '创建者',
  `create_time` datetime(0) NULL DEFAULT NULL COMMENT '创建时间',
  `updater` bigint(20) NULL DEFAULT NULL COMMENT '更新者',
  `update_time` datetime(0) NULL DEFAULT NULL COMMENT '更新时间',
  PRIMARY KEY (`id`) USING BTREE
) ENGINE = InnoDB AUTO_INCREMENT = 30008 CHARACTER SET = utf8mb4 COLLATE = utf8mb4_general_ci COMMENT = '数仓分层' ROW_FORMAT = Dynamic;

-- ----------------------------
-- Records of data_layer
-- ----------------------------
INSERT INTO `data_layer` VALUES (30002, 'ODS', '数据引入层', '用于接收并处理需要存储至数据仓库系统的原始数据，其数据表的结构与原始数据所在的数据系统中的表结构一致，是数据仓库的数据准备区', 'ods', 3, 0, 10000, '2022-10-08 17:16:35', 10000, '2022-10-08 17:16:41');
INSERT INTO `data_layer` VALUES (30003, 'DIM', '维度层', '使用维度构建数据模型', 'dim', 0, 0, 10000, '2022-10-08 17:17:40', 10000, '2022-10-08 17:17:42');
INSERT INTO `data_layer` VALUES (30004, 'DWD', '明细数据层', '通过企业的业务活动事件构建数据模型。基于具体业务事件的特点，构建最细粒度的明细数据事实表。', 'dwd', 0, 0, 10000, '2022-10-08 17:18:13', 10000, '2022-10-08 17:18:18');
INSERT INTO `data_layer` VALUES (30006, 'DWS', '汇总数据层', '通过分析的主题对象构建数据模型。基于上层的应用和产品的指标需求，构建公共粒度的汇总指标表。', 'dws', 0, 0, 10000, '2022-10-08 17:20:03', 10000, '2022-10-08 17:20:09');
INSERT INTO `data_layer` VALUES (30007, 'ADS', '应用数据层', '用于存放数据产品个性化的统计指标数据，输出各种报表', 'ads', 0, 0, 10000, '2022-10-08 17:20:52', 10000, '2022-10-08 17:20:57');

-- ----------------------------
-- Table structure for data_ods
-- ----------------------------
DROP TABLE IF EXISTS `data_ods`;
CREATE TABLE `data_ods`  (
  `id` bigint(20) NOT NULL AUTO_INCREMENT COMMENT '主键id',
  `data_access_id` bigint(20) NOT NULL COMMENT '数据接入id',
  `table_name` varchar(50) CHARACTER SET utf8mb4 COLLATE utf8mb4_general_ci NOT NULL COMMENT '表名',
  `remarks` varchar(300) CHARACTER SET utf8mb4 COLLATE utf8mb4_general_ci NULL DEFAULT NULL COMMENT '注释',
  `project_id` bigint(11) NOT NULL COMMENT '项目id',
  `recently_sync_time` datetime(0) NULL DEFAULT NULL COMMENT '最近同步时间',
  `version` int(11) NULL DEFAULT NULL COMMENT '版本号',
  `deleted` tinyint(4) NULL DEFAULT NULL COMMENT '删除标识  0：正常  1：已删除',
  `creator` bigint(20) NULL DEFAULT NULL COMMENT '创建者',
  `create_time` datetime(0) NULL DEFAULT NULL COMMENT '创建时间',
  `updater` bigint(20) NULL DEFAULT NULL COMMENT '更新者',
  `update_time` datetime(0) NULL DEFAULT NULL COMMENT '更新时间',
  PRIMARY KEY (`id`) USING BTREE,
  UNIQUE INDEX `table_name_uni`(`table_name`, `project_id`) USING BTREE
) ENGINE = InnoDB AUTO_INCREMENT = 2 CHARACTER SET = utf8mb4 COLLATE = utf8mb4_general_ci COMMENT = '数据集成-贴源数据' ROW_FORMAT = Dynamic;

-- ----------------------------
-- Records of data_ods
-- ----------------------------
INSERT INTO `data_ods` VALUES (1, 120008, 'ods_people', '人口信息表', 10002, '2023-01-22 20:48:00', NULL, 0, NULL, NULL, NULL, '2023-01-22 20:48:01');


-- ----------------------------
-- Table structure for data_project
-- ----------------------------
DROP TABLE IF EXISTS `data_project`;
CREATE TABLE `data_project`  (
  `id` bigint(20) NOT NULL AUTO_INCREMENT COMMENT 'id',
  `name` varchar(50) CHARACTER SET utf8mb4 COLLATE utf8mb4_0900_ai_ci NOT NULL COMMENT '项目名称',
  `eng_name` varchar(50) CHARACTER SET utf8mb4 COLLATE utf8mb4_0900_ai_ci NOT NULL COMMENT '英文名称',
  `description` varchar(300) CHARACTER SET utf8mb4 COLLATE utf8mb4_0900_ai_ci NULL DEFAULT NULL COMMENT '描述',
  `status` int(1) NOT NULL COMMENT '0-停用 1-启用',
  `duty_person` varchar(50) CHARACTER SET utf8mb4 COLLATE utf8mb4_0900_ai_ci NULL DEFAULT NULL COMMENT '负责人',
  `db_name` varchar(50) CHARACTER SET utf8mb4 COLLATE utf8mb4_0900_ai_ci NULL DEFAULT NULL COMMENT '项目数据库',
  `db_url` varchar(2000) CHARACTER SET utf8mb4 COLLATE utf8mb4_0900_ai_ci NULL DEFAULT NULL COMMENT '项目数据库url',
  `db_username` varchar(100) CHARACTER SET utf8mb4 COLLATE utf8mb4_0900_ai_ci NULL DEFAULT NULL COMMENT '项目数据库用户名',
  `db_password` varchar(100) CHARACTER SET utf8mb4 COLLATE utf8mb4_0900_ai_ci NULL DEFAULT NULL COMMENT '项目数据库密码',
  `version` int(11) NULL DEFAULT NULL COMMENT '版本号',
  `deleted` tinyint(4) NULL DEFAULT NULL COMMENT '删除标识  0：正常   1：已删除',
  `creator` bigint(20) NULL DEFAULT NULL COMMENT '创建者',
  `create_time` datetime(0) NULL DEFAULT NULL COMMENT '创建时间',
  `updater` bigint(20) NULL DEFAULT NULL COMMENT '更新者',
  `update_time` datetime(0) NULL DEFAULT NULL COMMENT '更新时间',
  PRIMARY KEY (`id`) USING BTREE
) ENGINE = InnoDB AUTO_INCREMENT = 10009 CHARACTER SET = utf8mb4 COLLATE = utf8mb4_0900_ai_ci COMMENT = '数据项目' ROW_FORMAT = Dynamic;

-- ----------------------------
-- Records of data_project
-- ----------------------------
INSERT INTO `data_project` VALUES (10002, '测试项目', 'test_project', '测试', 1, 'admin', 'srt_data_warehouse_p_10002', 'jdbc:mysql://192.168.18.11:3307/srt_data_warehouse_p_10002?useUnicode=true&characterEncoding=UTF-8&serverTimezone=Asia/Shanghai&nullCatalogMeansCurrent=true', 'srt_data_warehouse_p_10002', 'BschnvGuVatChHQ7', 15, 0, 10000, '2022-09-27 20:59:19', 10000, '2023-01-21 12:21:38');
INSERT INTO `data_project` VALUES (10004, '测试项目2', 'test2', '', 1, 'admin', 'srt_data_warehouse_p_10004', 'jdbc:mysql://192.168.18.11:3307/srt_data_warehouse_p_10004?useUnicode=true&characterEncoding=UTF-8&serverTimezone=Asia/Shanghai&nullCatalogMeansCurrent=true', 'srt_data_warehouse_p_10004', 'KSwXQW0KYIcUJaw3', 10, 0, 10000, '2022-10-24 22:23:15', 10000, '2023-01-21 12:21:43');
INSERT INTO `data_project` VALUES (10005, '默认租户项目', 'default', '默认租户项目', 1, 'admin', 'srt_data_warehouse_p_10005', 'jdbc:mysql://192.168.18.11:3307/srt_data_warehouse_p_10005?useUnicode=true&characterEncoding=UTF-8&serverTimezone=Asia/Shanghai&nullCatalogMeansCurrent=true', 'srt_data_warehouse_p_10005', 'weUwLx1lcysBduY8', 16, 0, 10000, '2022-09-27 20:59:19', 10000, '2023-01-21 12:21:44');
INSERT INTO `data_project` VALUES (10006, '默认项目租户2', 'default_2', '默认项目租户2', 1, 'admin', 'srt_data_warehouse_p_10006', 'jdbc:mysql://192.168.18.11:3307/srt_data_warehouse_p_10006?useUnicode=true&characterEncoding=UTF-8&serverTimezone=Asia/Shanghai&nullCatalogMeansCurrent=true', 'srt_data_warehouse_p_10006', 'cKbRGeOOOySIPMio', 11, 0, 10000, '2022-10-24 22:23:15', 10000, '2023-01-21 12:21:44');
INSERT INTO `data_project` VALUES (10007, '租户3', 'project3', '租户3', 1, 'admin', 'srt_data_warehouse_p_10007', 'jdbc:mysql://192.168.18.11:3307/srt_data_warehouse_p_10007?useUnicode=true&characterEncoding=UTF-8&serverTimezone=Asia/Shanghai&nullCatalogMeansCurrent=true', 'srt_data_warehouse_p_10007', 'zi1Z1fEBeS03ZgDf', 5, 0, 10000, '2022-11-27 15:13:32', 10000, '2023-01-21 12:21:44');

-- ----------------------------
-- Table structure for data_project_user_rel
-- ----------------------------
DROP TABLE IF EXISTS `data_project_user_rel`;
CREATE TABLE `data_project_user_rel`  (
  `id` bigint(20) NOT NULL AUTO_INCREMENT COMMENT '主键id',
  `data_project_id` bigint(20) NOT NULL COMMENT '项目id',
  `user_id` bigint(20) NOT NULL COMMENT '用户id',
  `version` int(11) NULL DEFAULT NULL COMMENT '版本号',
  `deleted` tinyint(4) NULL DEFAULT NULL COMMENT '删除标识  0：正常   1：已删除',
  `creator` bigint(20) NULL DEFAULT NULL COMMENT '创建者',
  `create_time` datetime(0) NULL DEFAULT NULL COMMENT '创建时间',
  `updater` bigint(20) NULL DEFAULT NULL COMMENT '更新者',
  `update_time` datetime(0) NULL DEFAULT NULL COMMENT '更新时间',
  PRIMARY KEY (`id`) USING BTREE,
  UNIQUE INDEX `project_admin_uni`(`data_project_id`, `user_id`) USING BTREE
) ENGINE = InnoDB AUTO_INCREMENT = 9 CHARACTER SET = utf8mb4 COLLATE = utf8mb4_bin COMMENT = '项目用户关联表' ROW_FORMAT = Dynamic;

-- ----------------------------
-- Records of data_project_user_rel
-- ----------------------------
INSERT INTO `data_project_user_rel` VALUES (7, 10002, 10001, 0, 0, 10000, '2022-10-28 16:20:58', 10000, '2022-10-28 16:20:58');
INSERT INTO `data_project_user_rel` VALUES (8, 10002, 10002, 0, 0, 10000, '2022-10-28 16:20:58', 10000, '2022-10-28 16:20:58');

-- ----------------------------
-- Table structure for qrtz_blob_triggers
-- ----------------------------
DROP TABLE IF EXISTS `qrtz_blob_triggers`;
CREATE TABLE `qrtz_blob_triggers`  (
  `sched_name` varchar(120) CHARACTER SET utf8mb4 COLLATE utf8mb4_general_ci NOT NULL COMMENT '调度名称',
  `trigger_name` varchar(200) CHARACTER SET utf8mb4 COLLATE utf8mb4_general_ci NOT NULL COMMENT 'qrtz_triggers表trigger_name的外键',
  `trigger_group` varchar(200) CHARACTER SET utf8mb4 COLLATE utf8mb4_general_ci NOT NULL COMMENT 'qrtz_triggers表trigger_group的外键',
  `blob_data` blob NULL COMMENT '存放持久化Trigger对象',
  PRIMARY KEY (`sched_name`, `trigger_name`, `trigger_group`) USING BTREE,
  CONSTRAINT `qrtz_blob_triggers_ibfk_1` FOREIGN KEY (`sched_name`, `trigger_name`, `trigger_group`) REFERENCES `qrtz_triggers` (`sched_name`, `trigger_name`, `trigger_group`) ON DELETE RESTRICT ON UPDATE RESTRICT
) ENGINE = InnoDB CHARACTER SET = utf8mb4 COLLATE = utf8mb4_general_ci COMMENT = 'Blob类型的触发器表' ROW_FORMAT = Dynamic;

-- ----------------------------
-- Records of qrtz_blob_triggers
-- ----------------------------

-- ----------------------------
-- Table structure for qrtz_calendars
-- ----------------------------
DROP TABLE IF EXISTS `qrtz_calendars`;
CREATE TABLE `qrtz_calendars`  (
  `sched_name` varchar(120) CHARACTER SET utf8mb4 COLLATE utf8mb4_general_ci NOT NULL COMMENT '调度名称',
  `calendar_name` varchar(200) CHARACTER SET utf8mb4 COLLATE utf8mb4_general_ci NOT NULL COMMENT '日历名称',
  `calendar` blob NOT NULL COMMENT '存放持久化calendar对象',
  PRIMARY KEY (`sched_name`, `calendar_name`) USING BTREE
) ENGINE = InnoDB CHARACTER SET = utf8mb4 COLLATE = utf8mb4_general_ci COMMENT = '日历信息表' ROW_FORMAT = Dynamic;

-- ----------------------------
-- Records of qrtz_calendars
-- ----------------------------

-- ----------------------------
-- Table structure for qrtz_cron_triggers
-- ----------------------------
DROP TABLE IF EXISTS `qrtz_cron_triggers`;
CREATE TABLE `qrtz_cron_triggers`  (
  `sched_name` varchar(120) CHARACTER SET utf8mb4 COLLATE utf8mb4_general_ci NOT NULL COMMENT '调度名称',
  `trigger_name` varchar(200) CHARACTER SET utf8mb4 COLLATE utf8mb4_general_ci NOT NULL COMMENT 'qrtz_triggers表trigger_name的外键',
  `trigger_group` varchar(200) CHARACTER SET utf8mb4 COLLATE utf8mb4_general_ci NOT NULL COMMENT 'qrtz_triggers表trigger_group的外键',
  `cron_expression` varchar(200) CHARACTER SET utf8mb4 COLLATE utf8mb4_general_ci NOT NULL COMMENT 'cron表达式',
  `time_zone_id` varchar(80) CHARACTER SET utf8mb4 COLLATE utf8mb4_general_ci NULL DEFAULT NULL COMMENT '时区',
  PRIMARY KEY (`sched_name`, `trigger_name`, `trigger_group`) USING BTREE,
  CONSTRAINT `qrtz_cron_triggers_ibfk_1` FOREIGN KEY (`sched_name`, `trigger_name`, `trigger_group`) REFERENCES `qrtz_triggers` (`sched_name`, `trigger_name`, `trigger_group`) ON DELETE RESTRICT ON UPDATE RESTRICT
) ENGINE = InnoDB CHARACTER SET = utf8mb4 COLLATE = utf8mb4_general_ci COMMENT = 'Cron类型的触发器表' ROW_FORMAT = Dynamic;

-- ----------------------------
-- Records of qrtz_cron_triggers
-- ----------------------------
INSERT INTO `qrtz_cron_triggers` VALUES ('SrtScheduler', 'TASK_NAME_2', 'data_production', '0/30 * * * * ? *', 'GMT+08:00');

-- ----------------------------
-- Table structure for qrtz_fired_triggers
-- ----------------------------
DROP TABLE IF EXISTS `qrtz_fired_triggers`;
CREATE TABLE `qrtz_fired_triggers`  (
  `sched_name` varchar(120) CHARACTER SET utf8mb4 COLLATE utf8mb4_general_ci NOT NULL COMMENT '调度名称',
  `entry_id` varchar(95) CHARACTER SET utf8mb4 COLLATE utf8mb4_general_ci NOT NULL COMMENT '调度器实例id',
  `trigger_name` varchar(200) CHARACTER SET utf8mb4 COLLATE utf8mb4_general_ci NOT NULL COMMENT 'qrtz_triggers表trigger_name的外键',
  `trigger_group` varchar(200) CHARACTER SET utf8mb4 COLLATE utf8mb4_general_ci NOT NULL COMMENT 'qrtz_triggers表trigger_group的外键',
  `instance_name` varchar(200) CHARACTER SET utf8mb4 COLLATE utf8mb4_general_ci NOT NULL COMMENT '调度器实例名',
  `fired_time` bigint(13) NOT NULL COMMENT '触发的时间',
  `sched_time` bigint(13) NOT NULL COMMENT '定时器制定的时间',
  `priority` int(11) NOT NULL COMMENT '优先级',
  `state` varchar(16) CHARACTER SET utf8mb4 COLLATE utf8mb4_general_ci NOT NULL COMMENT '状态',
  `job_name` varchar(200) CHARACTER SET utf8mb4 COLLATE utf8mb4_general_ci NULL DEFAULT NULL COMMENT '任务名称',
  `job_group` varchar(200) CHARACTER SET utf8mb4 COLLATE utf8mb4_general_ci NULL DEFAULT NULL COMMENT '任务组名',
  `is_nonconcurrent` varchar(1) CHARACTER SET utf8mb4 COLLATE utf8mb4_general_ci NULL DEFAULT NULL COMMENT '是否并发',
  `requests_recovery` varchar(1) CHARACTER SET utf8mb4 COLLATE utf8mb4_general_ci NULL DEFAULT NULL COMMENT '是否接受恢复执行',
  PRIMARY KEY (`sched_name`, `entry_id`) USING BTREE
) ENGINE = InnoDB CHARACTER SET = utf8mb4 COLLATE = utf8mb4_general_ci COMMENT = '已触发的触发器表' ROW_FORMAT = Dynamic;

-- ----------------------------
-- Records of qrtz_fired_triggers
-- ----------------------------

-- ----------------------------
-- Table structure for qrtz_job_details
-- ----------------------------
DROP TABLE IF EXISTS `qrtz_job_details`;
CREATE TABLE `qrtz_job_details`  (
  `sched_name` varchar(120) CHARACTER SET utf8mb4 COLLATE utf8mb4_general_ci NOT NULL COMMENT '调度名称',
  `job_name` varchar(200) CHARACTER SET utf8mb4 COLLATE utf8mb4_general_ci NOT NULL COMMENT '任务名称',
  `job_group` varchar(200) CHARACTER SET utf8mb4 COLLATE utf8mb4_general_ci NOT NULL COMMENT '任务组名',
  `description` varchar(250) CHARACTER SET utf8mb4 COLLATE utf8mb4_general_ci NULL DEFAULT NULL COMMENT '相关介绍',
  `job_class_name` varchar(250) CHARACTER SET utf8mb4 COLLATE utf8mb4_general_ci NOT NULL COMMENT '执行任务类名称',
  `is_durable` varchar(1) CHARACTER SET utf8mb4 COLLATE utf8mb4_general_ci NOT NULL COMMENT '是否持久化',
  `is_nonconcurrent` varchar(1) CHARACTER SET utf8mb4 COLLATE utf8mb4_general_ci NOT NULL COMMENT '是否并发',
  `is_update_data` varchar(1) CHARACTER SET utf8mb4 COLLATE utf8mb4_general_ci NOT NULL COMMENT '是否更新数据',
  `requests_recovery` varchar(1) CHARACTER SET utf8mb4 COLLATE utf8mb4_general_ci NOT NULL COMMENT '是否接受恢复执行',
  `job_data` blob NULL COMMENT '存放持久化job对象',
  PRIMARY KEY (`sched_name`, `job_name`, `job_group`) USING BTREE
) ENGINE = InnoDB CHARACTER SET = utf8mb4 COLLATE = utf8mb4_general_ci COMMENT = '任务详细信息表' ROW_FORMAT = Dynamic;

-- ----------------------------
-- Records of qrtz_job_details
-- ----------------------------
INSERT INTO `qrtz_job_details` VALUES ('SrtScheduler', 'TASK_NAME_2', 'data_production', NULL, 'net.srt.quartz.utils.ScheduleDisallowConcurrentExecution', '0', '1', '0', '0', 0xACED0005737200156F72672E71756172747A2E4A6F62446174614D61709FB083E8BFA9B0CB020000787200266F72672E71756172747A2E7574696C732E537472696E674B65794469727479466C61674D61708208E8C3FBC55D280200015A0013616C6C6F77735472616E7369656E74446174617872001D6F72672E71756172747A2E7574696C732E4469727479466C61674D617013E62EAD28760ACE0200025A000564697274794C00036D617074000F4C6A6176612F7574696C2F4D61703B787001737200116A6176612E7574696C2E486173684D61700507DAC1C31660D103000246000A6C6F6164466163746F724900097468726573686F6C6478703F4000000000000C7708000000100000000174000D4A4F425F504152414D5F4B4559737200276E65742E7372742E71756172747A2E656E746974792E5363686564756C654A6F62456E7469747900000000000000010200155A0007736176654C6F674C00086265616E4E616D657400124C6A6176612F6C616E672F537472696E673B4C000A636F6E63757272656E747400134C6A6176612F6C616E672F496E74656765723B4C000A63726561746554696D657400104C6A6176612F7574696C2F446174653B4C000763726561746F727400104C6A6176612F6C616E672F4C6F6E673B4C000E63726F6E45787072657373696F6E71007E00094C000764656C6574656471007E000A4C0002696471007E000C4C00086A6F6247726F757071007E00094C00076A6F624E616D6571007E00094C00076A6F625479706571007E000A4C00066D6574686F6471007E00094C00046F6E63657400134C6A6176612F6C616E672F426F6F6C65616E3B4C0006706172616D7371007E00094C000970726F6A656374496471007E000C4C000672656D61726B71007E00094C000673746174757371007E000A4C000674797065496471007E000C4C000A75706461746554696D6571007E000B4C00077570646174657271007E000C4C000776657273696F6E71007E000A78700074001A6461746150726F64756374696F6E5363686564756C655461736B737200116A6176612E6C616E672E496E746567657212E2A0A4F781873802000149000576616C7565787200106A6176612E6C616E672E4E756D62657286AC951D0B94E08B0200007870000000007372000E6A6176612E7574696C2E44617465686A81014B5974190300007870770800000185D2B187407870740010302F3330202A202A202A202A203F202A71007E00127372000E6A6176612E6C616E672E4C6F6E673B8BE490CC8F23DF0200014A000576616C75657871007E0011000000000000000274000F646174615F70726F64756374696F6E74000F5B315DE6B58BE8AF95E8B083E5BAA67371007E00100000000374000372756E737200116A6176612E6C616E672E426F6F6C65616ECD207280D59CFAEE0200015A000576616C7565787000740001317371007E001600000000000027127071007E00127371007E001600000000000000017371007E0013770800000185D2B2D73078707371007E0010000000017800);

-- ----------------------------
-- Table structure for qrtz_locks
-- ----------------------------
DROP TABLE IF EXISTS `qrtz_locks`;
CREATE TABLE `qrtz_locks`  (
  `sched_name` varchar(120) CHARACTER SET utf8mb4 COLLATE utf8mb4_general_ci NOT NULL COMMENT '调度名称',
  `lock_name` varchar(40) CHARACTER SET utf8mb4 COLLATE utf8mb4_general_ci NOT NULL COMMENT '悲观锁名称',
  PRIMARY KEY (`sched_name`, `lock_name`) USING BTREE
) ENGINE = InnoDB CHARACTER SET = utf8mb4 COLLATE = utf8mb4_general_ci COMMENT = '存储的悲观锁信息表' ROW_FORMAT = Dynamic;

-- ----------------------------
-- Records of qrtz_locks
-- ----------------------------
INSERT INTO `qrtz_locks` VALUES ('SrtScheduler', 'STATE_ACCESS');
INSERT INTO `qrtz_locks` VALUES ('SrtScheduler', 'TRIGGER_ACCESS');

-- ----------------------------
-- Table structure for qrtz_paused_trigger_grps
-- ----------------------------
DROP TABLE IF EXISTS `qrtz_paused_trigger_grps`;
CREATE TABLE `qrtz_paused_trigger_grps`  (
  `sched_name` varchar(120) CHARACTER SET utf8mb4 COLLATE utf8mb4_general_ci NOT NULL COMMENT '调度名称',
  `trigger_group` varchar(200) CHARACTER SET utf8mb4 COLLATE utf8mb4_general_ci NOT NULL COMMENT 'qrtz_triggers表trigger_group的外键',
  PRIMARY KEY (`sched_name`, `trigger_group`) USING BTREE
) ENGINE = InnoDB CHARACTER SET = utf8mb4 COLLATE = utf8mb4_general_ci COMMENT = '暂停的触发器表' ROW_FORMAT = Dynamic;

-- ----------------------------
-- Records of qrtz_paused_trigger_grps
-- ----------------------------

-- ----------------------------
-- Table structure for qrtz_scheduler_state
-- ----------------------------
DROP TABLE IF EXISTS `qrtz_scheduler_state`;
CREATE TABLE `qrtz_scheduler_state`  (
  `sched_name` varchar(120) CHARACTER SET utf8mb4 COLLATE utf8mb4_general_ci NOT NULL COMMENT '调度名称',
  `instance_name` varchar(200) CHARACTER SET utf8mb4 COLLATE utf8mb4_general_ci NOT NULL COMMENT '实例名称',
  `last_checkin_time` bigint(13) NOT NULL COMMENT '上次检查时间',
  `checkin_interval` bigint(13) NOT NULL COMMENT '检查间隔时间',
  PRIMARY KEY (`sched_name`, `instance_name`) USING BTREE
) ENGINE = InnoDB CHARACTER SET = utf8mb4 COLLATE = utf8mb4_general_ci COMMENT = '调度器状态表' ROW_FORMAT = Dynamic;

-- ----------------------------
-- Records of qrtz_scheduler_state
-- ----------------------------
INSERT INTO `qrtz_scheduler_state` VALUES ('SrtScheduler', 'DESKTOP-4EMVBHU1674290835644', 1674441831677, 15000);

-- ----------------------------
-- Table structure for qrtz_simple_triggers
-- ----------------------------
DROP TABLE IF EXISTS `qrtz_simple_triggers`;
CREATE TABLE `qrtz_simple_triggers`  (
  `sched_name` varchar(120) CHARACTER SET utf8mb4 COLLATE utf8mb4_general_ci NOT NULL COMMENT '调度名称',
  `trigger_name` varchar(200) CHARACTER SET utf8mb4 COLLATE utf8mb4_general_ci NOT NULL COMMENT 'qrtz_triggers表trigger_name的外键',
  `trigger_group` varchar(200) CHARACTER SET utf8mb4 COLLATE utf8mb4_general_ci NOT NULL COMMENT 'qrtz_triggers表trigger_group的外键',
  `repeat_count` bigint(7) NOT NULL COMMENT '重复的次数统计',
  `repeat_interval` bigint(12) NOT NULL COMMENT '重复的间隔时间',
  `times_triggered` bigint(10) NOT NULL COMMENT '已经触发的次数',
  PRIMARY KEY (`sched_name`, `trigger_name`, `trigger_group`) USING BTREE,
  CONSTRAINT `qrtz_simple_triggers_ibfk_1` FOREIGN KEY (`sched_name`, `trigger_name`, `trigger_group`) REFERENCES `qrtz_triggers` (`sched_name`, `trigger_name`, `trigger_group`) ON DELETE RESTRICT ON UPDATE RESTRICT
) ENGINE = InnoDB CHARACTER SET = utf8mb4 COLLATE = utf8mb4_general_ci COMMENT = '简单触发器的信息表' ROW_FORMAT = Dynamic;

-- ----------------------------
-- Records of qrtz_simple_triggers
-- ----------------------------

-- ----------------------------
-- Table structure for qrtz_simprop_triggers
-- ----------------------------
DROP TABLE IF EXISTS `qrtz_simprop_triggers`;
CREATE TABLE `qrtz_simprop_triggers`  (
  `sched_name` varchar(120) CHARACTER SET utf8mb4 COLLATE utf8mb4_general_ci NOT NULL COMMENT '调度名称',
  `trigger_name` varchar(200) CHARACTER SET utf8mb4 COLLATE utf8mb4_general_ci NOT NULL COMMENT 'qrtz_triggers表trigger_name的外键',
  `trigger_group` varchar(200) CHARACTER SET utf8mb4 COLLATE utf8mb4_general_ci NOT NULL COMMENT 'qrtz_triggers表trigger_group的外键',
  `str_prop_1` varchar(512) CHARACTER SET utf8mb4 COLLATE utf8mb4_general_ci NULL DEFAULT NULL COMMENT 'String类型的trigger的第一个参数',
  `str_prop_2` varchar(512) CHARACTER SET utf8mb4 COLLATE utf8mb4_general_ci NULL DEFAULT NULL COMMENT 'String类型的trigger的第二个参数',
  `str_prop_3` varchar(512) CHARACTER SET utf8mb4 COLLATE utf8mb4_general_ci NULL DEFAULT NULL COMMENT 'String类型的trigger的第三个参数',
  `int_prop_1` int(11) NULL DEFAULT NULL COMMENT 'int类型的trigger的第一个参数',
  `int_prop_2` int(11) NULL DEFAULT NULL COMMENT 'int类型的trigger的第二个参数',
  `long_prop_1` bigint(20) NULL DEFAULT NULL COMMENT 'long类型的trigger的第一个参数',
  `long_prop_2` bigint(20) NULL DEFAULT NULL COMMENT 'long类型的trigger的第二个参数',
  `dec_prop_1` decimal(13, 4) NULL DEFAULT NULL COMMENT 'decimal类型的trigger的第一个参数',
  `dec_prop_2` decimal(13, 4) NULL DEFAULT NULL COMMENT 'decimal类型的trigger的第二个参数',
  `bool_prop_1` varchar(1) CHARACTER SET utf8mb4 COLLATE utf8mb4_general_ci NULL DEFAULT NULL COMMENT 'Boolean类型的trigger的第一个参数',
  `bool_prop_2` varchar(1) CHARACTER SET utf8mb4 COLLATE utf8mb4_general_ci NULL DEFAULT NULL COMMENT 'Boolean类型的trigger的第二个参数',
  PRIMARY KEY (`sched_name`, `trigger_name`, `trigger_group`) USING BTREE,
  CONSTRAINT `qrtz_simprop_triggers_ibfk_1` FOREIGN KEY (`sched_name`, `trigger_name`, `trigger_group`) REFERENCES `qrtz_triggers` (`sched_name`, `trigger_name`, `trigger_group`) ON DELETE RESTRICT ON UPDATE RESTRICT
) ENGINE = InnoDB CHARACTER SET = utf8mb4 COLLATE = utf8mb4_general_ci COMMENT = '同步机制的行锁表' ROW_FORMAT = Dynamic;

-- ----------------------------
-- Records of qrtz_simprop_triggers
-- ----------------------------

-- ----------------------------
-- Table structure for qrtz_triggers
-- ----------------------------
DROP TABLE IF EXISTS `qrtz_triggers`;
CREATE TABLE `qrtz_triggers`  (
  `sched_name` varchar(120) CHARACTER SET utf8mb4 COLLATE utf8mb4_general_ci NOT NULL COMMENT '调度名称',
  `trigger_name` varchar(200) CHARACTER SET utf8mb4 COLLATE utf8mb4_general_ci NOT NULL COMMENT '触发器的名字',
  `trigger_group` varchar(200) CHARACTER SET utf8mb4 COLLATE utf8mb4_general_ci NOT NULL COMMENT '触发器所属组的名字',
  `job_name` varchar(200) CHARACTER SET utf8mb4 COLLATE utf8mb4_general_ci NOT NULL COMMENT 'qrtz_job_details表job_name的外键',
  `job_group` varchar(200) CHARACTER SET utf8mb4 COLLATE utf8mb4_general_ci NOT NULL COMMENT 'qrtz_job_details表job_group的外键',
  `description` varchar(250) CHARACTER SET utf8mb4 COLLATE utf8mb4_general_ci NULL DEFAULT NULL COMMENT '相关介绍',
  `next_fire_time` bigint(13) NULL DEFAULT NULL COMMENT '上一次触发时间（毫秒）',
  `prev_fire_time` bigint(13) NULL DEFAULT NULL COMMENT '下一次触发时间（默认为-1表示不触发）',
  `priority` int(11) NULL DEFAULT NULL COMMENT '优先级',
  `trigger_state` varchar(16) CHARACTER SET utf8mb4 COLLATE utf8mb4_general_ci NOT NULL COMMENT '触发器状态',
  `trigger_type` varchar(8) CHARACTER SET utf8mb4 COLLATE utf8mb4_general_ci NOT NULL COMMENT '触发器的类型',
  `start_time` bigint(13) NOT NULL COMMENT '开始时间',
  `end_time` bigint(13) NULL DEFAULT NULL COMMENT '结束时间',
  `calendar_name` varchar(200) CHARACTER SET utf8mb4 COLLATE utf8mb4_general_ci NULL DEFAULT NULL COMMENT '日程表名称',
  `misfire_instr` smallint(2) NULL DEFAULT NULL COMMENT '补偿执行的策略',
  `job_data` blob NULL COMMENT '存放持久化job对象',
  PRIMARY KEY (`sched_name`, `trigger_name`, `trigger_group`) USING BTREE,
  INDEX `sched_name`(`sched_name`, `job_name`, `job_group`) USING BTREE,
  CONSTRAINT `qrtz_triggers_ibfk_1` FOREIGN KEY (`sched_name`, `job_name`, `job_group`) REFERENCES `qrtz_job_details` (`sched_name`, `job_name`, `job_group`) ON DELETE RESTRICT ON UPDATE RESTRICT
) ENGINE = InnoDB CHARACTER SET = utf8mb4 COLLATE = utf8mb4_general_ci COMMENT = '触发器详细信息表' ROW_FORMAT = Dynamic;

-- ----------------------------
-- Records of qrtz_triggers
-- ----------------------------
INSERT INTO `qrtz_triggers` VALUES ('SrtScheduler', 'TASK_NAME_2', 'data_production', 'TASK_NAME_2', 'data_production', NULL, 1674290850000, -1, 5, 'PAUSED', 'CRON', 1674290850000, 0, NULL, 2, '');

-- ----------------------------
-- Table structure for schedule_job
-- ----------------------------
DROP TABLE IF EXISTS `schedule_job`;
CREATE TABLE `schedule_job`  (
  `id` bigint(20) NOT NULL AUTO_INCREMENT COMMENT 'id',
  `project_id` bigint(20) NOT NULL COMMENT '项目（租户）id',
  `type_id` bigint(20) NULL DEFAULT NULL COMMENT '类型id',
  `job_type` int(1) NOT NULL DEFAULT 1 COMMENT '任务类型 1-自定义 2-数据接入 3-数据生产',
  `job_name` varchar(200) CHARACTER SET utf8mb4 COLLATE utf8mb4_0900_ai_ci NULL DEFAULT NULL COMMENT '名称',
  `job_group` varchar(100) CHARACTER SET utf8mb4 COLLATE utf8mb4_0900_ai_ci NULL DEFAULT NULL COMMENT '分组',
  `bean_name` varchar(200) CHARACTER SET utf8mb4 COLLATE utf8mb4_0900_ai_ci NULL DEFAULT NULL COMMENT 'spring bean名称',
  `method` varchar(100) CHARACTER SET utf8mb4 COLLATE utf8mb4_0900_ai_ci NULL DEFAULT NULL COMMENT '执行方法',
  `params` varchar(2000) CHARACTER SET utf8mb4 COLLATE utf8mb4_0900_ai_ci NULL DEFAULT NULL COMMENT '参数',
  `once` tinyint(1) NOT NULL DEFAULT 0 COMMENT '只一次',
  `cron_expression` varchar(100) CHARACTER SET utf8mb4 COLLATE utf8mb4_0900_ai_ci NULL DEFAULT NULL COMMENT 'cron表达式',
  `status` tinyint(3) UNSIGNED NULL DEFAULT NULL COMMENT '状态  0：暂停  1：正常',
  `concurrent` tinyint(3) UNSIGNED NULL DEFAULT NULL COMMENT '是否并发  0：禁止  1：允许',
  `remark` varchar(255) CHARACTER SET utf8mb4 COLLATE utf8mb4_0900_ai_ci NULL DEFAULT NULL COMMENT '备注',
  `version` int(11) NULL DEFAULT NULL COMMENT '版本号',
  `deleted` tinyint(4) NULL DEFAULT NULL COMMENT '删除标识  0：正常   1：已删除',
  `creator` bigint(20) NULL DEFAULT NULL COMMENT '创建者',
  `create_time` datetime(0) NULL DEFAULT NULL COMMENT '创建时间',
  `updater` bigint(20) NULL DEFAULT NULL COMMENT '更新者',
  `update_time` datetime(0) NULL DEFAULT NULL COMMENT '更新时间',
  PRIMARY KEY (`id`) USING BTREE
) ENGINE = InnoDB AUTO_INCREMENT = 4 CHARACTER SET = utf8mb4 COLLATE = utf8mb4_0900_ai_ci COMMENT = '定时任务' ROW_FORMAT = Dynamic;

-- ----------------------------
-- Records of schedule_job
-- ----------------------------
INSERT INTO `schedule_job` VALUES (1, 10002, 120008, 2, '[120008]人口测试数据-》中台库', 'data_access', 'dataAccessTask', 'syncData', '120008', 0, '0/30 * * * * ? *', 0, 0, NULL, NULL, 0, NULL, NULL, NULL, '2023-01-22 20:48:19');
INSERT INTO `schedule_job` VALUES (2, 10002, 1, 3, '[1]测试调度', 'data_production', 'dataProductionScheduleTask', 'run', '1', 0, '0/30 * * * * ? *', 0, 0, NULL, 1, 0, NULL, '2023-01-21 12:58:48', NULL, '2023-01-21 13:00:14');
INSERT INTO `schedule_job` VALUES (3, 10002, 120008, 2, '[120008]人口测试数据-》中台库', 'data_access', 'dataAccessTask', 'syncData', '120008', 1, '', 0, 0, NULL, 1, 0, NULL, '2023-01-21 15:11:38', NULL, '2023-01-21 17:03:47');

-- ----------------------------
-- Table structure for schedule_job_log
-- ----------------------------
DROP TABLE IF EXISTS `schedule_job_log`;
CREATE TABLE `schedule_job_log`  (
  `id` bigint(20) NOT NULL AUTO_INCREMENT COMMENT 'id',
  `project_id` bigint(20) NOT NULL COMMENT '项目（租户）id',
  `type_id` bigint(20) NULL DEFAULT NULL COMMENT '类型id',
  `job_type` int(1) NOT NULL COMMENT '任务类型 1-自定义 2-数据接入 3-数据生产调度',
  `job_id` bigint(20) NOT NULL COMMENT '任务id',
  `job_name` varchar(200) CHARACTER SET utf8mb4 COLLATE utf8mb4_0900_ai_ci NULL DEFAULT NULL COMMENT '任务名称',
  `job_group` varchar(100) CHARACTER SET utf8mb4 COLLATE utf8mb4_0900_ai_ci NULL DEFAULT NULL COMMENT '任务组名',
  `bean_name` varchar(200) CHARACTER SET utf8mb4 COLLATE utf8mb4_0900_ai_ci NULL DEFAULT NULL COMMENT 'spring bean名称',
  `method` varchar(100) CHARACTER SET utf8mb4 COLLATE utf8mb4_0900_ai_ci NULL DEFAULT NULL COMMENT '执行方法',
  `params` varchar(2000) CHARACTER SET utf8mb4 COLLATE utf8mb4_0900_ai_ci NULL DEFAULT NULL COMMENT '参数',
  `status` tinyint(3) UNSIGNED NOT NULL COMMENT '任务状态    0：失败    1：成功',
  `error` text CHARACTER SET utf8mb4 COLLATE utf8mb4_0900_ai_ci NULL COMMENT '异常信息',
  `times` bigint(20) NOT NULL COMMENT '耗时(单位：毫秒)',
  `create_time` datetime(0) NULL DEFAULT NULL COMMENT '创建时间',
  PRIMARY KEY (`id`) USING BTREE,
  INDEX `idx_job_id`(`job_id`) USING BTREE
) ENGINE = InnoDB AUTO_INCREMENT = 28 CHARACTER SET = utf8mb4 COLLATE = utf8mb4_0900_ai_ci COMMENT = '定时任务日志' ROW_FORMAT = Dynamic;

-- ----------------------------
-- Records of schedule_job_log
-- ----------------------------
INSERT INTO `schedule_job_log` VALUES (1, 10002, 120008, 2, 1, '[120008]人口测试数据-》中台库', 'data_access', 'dataAccessTask', 'syncData', '120008', 1, NULL, 1806, '2023-01-20 14:10:32');
INSERT INTO `schedule_job_log` VALUES (2, 10002, 120008, 2, 1, '[120008]人口测试数据-》中台库', 'data_access', 'dataAccessTask', 'syncData', '120008', 1, NULL, 354, '2023-01-20 14:11:00');
INSERT INTO `schedule_job_log` VALUES (3, 10002, 120008, 2, 1, '[120008]人口测试数据-》中台库', 'data_access', 'dataAccessTask', 'syncData', '120008', 1, NULL, 1397, '2023-01-20 14:11:31');
INSERT INTO `schedule_job_log` VALUES (4, 10002, 120008, 2, 1, '[120008]人口测试数据-》中台库', 'data_access', 'dataAccessTask', 'syncData', '120008', 1, NULL, 1949, '2023-01-20 16:06:18');
INSERT INTO `schedule_job_log` VALUES (5, 10002, 120008, 2, 1, '[120008]人口测试数据-》中台库', 'data_access', 'dataAccessTask', 'syncData', '120008', 1, NULL, 553, '2023-01-20 16:10:42');
INSERT INTO `schedule_job_log` VALUES (6, 10002, 120008, 2, 1, '[120008]人口测试数据-》中台库', 'data_access', 'dataAccessTask', 'syncData', '120008', 1, NULL, 513, '2023-01-20 16:11:01');
INSERT INTO `schedule_job_log` VALUES (7, 10002, 120008, 2, 1, '[120008]人口测试数据-》中台库', 'data_access', 'dataAccessTask', 'syncData', '120008', 1, NULL, 571, '2023-01-20 16:11:41');
INSERT INTO `schedule_job_log` VALUES (8, 10002, 120008, 2, 1, '[120008]人口测试数据-》中台库', 'data_access', 'dataAccessTask', 'syncData', '120008', 1, NULL, 794, '2023-01-20 16:35:34');
INSERT INTO `schedule_job_log` VALUES (9, 10002, 120008, 2, 1, '[120008]人口测试数据-》中台库', 'data_access', 'dataAccessTask', 'syncData', '120008', 1, NULL, 658, '2023-01-20 16:36:44');
INSERT INTO `schedule_job_log` VALUES (10, 10002, 120008, 2, 1, '[120008]人口测试数据-》中台库', 'data_access', 'dataAccessTask', 'syncData', '120008', 1, NULL, 2172, '2023-01-21 12:26:40');
INSERT INTO `schedule_job_log` VALUES (11, 10002, 120008, 2, 1, '[120008]人口测试数据-》中台库', 'data_access', 'dataAccessTask', 'syncData', '120008', 1, NULL, 1371, '2023-01-21 12:28:02');
INSERT INTO `schedule_job_log` VALUES (12, 10002, 120008, 2, 1, '[120008]人口测试数据-》中台库', 'data_access', 'dataAccessTask', 'syncData', '120008', 1, NULL, 737, '2023-01-21 12:28:31');
INSERT INTO `schedule_job_log` VALUES (13, 10002, 1, 3, 2, '[1]测试调度', 'data_production', 'dataProductionScheduleTask', 'run', '1', 1, NULL, 15125, '2023-01-21 12:59:15');
INSERT INTO `schedule_job_log` VALUES (14, 10002, 1, 3, 2, '[1]测试调度', 'data_production', 'dataProductionScheduleTask', 'run', '1', 1, NULL, 5062, '2023-01-21 12:59:35');
INSERT INTO `schedule_job_log` VALUES (15, 10002, 1, 3, 2, '[1]测试调度', 'data_production', 'dataProductionScheduleTask', 'run', '1', 1, NULL, 5070, '2023-01-21 13:00:05');
INSERT INTO `schedule_job_log` VALUES (16, 10002, 120008, 2, 1, '[120008]人口测试数据-》中台库', 'data_access', 'dataAccessTask', 'syncData', '120008', 1, NULL, 991, '2023-01-21 14:51:01');
INSERT INTO `schedule_job_log` VALUES (17, 10002, 120008, 2, 1, '[120008]人口测试数据-》中台库', 'data_access', 'dataAccessTask', 'syncData', '120008', 1, NULL, 538, '2023-01-21 14:51:31');
INSERT INTO `schedule_job_log` VALUES (18, 10002, 120008, 2, 1, '[120008]人口测试数据-》中台库', 'data_access', 'dataAccessTask', 'syncData', '120008', 1, NULL, 560, '2023-01-21 14:52:01');
INSERT INTO `schedule_job_log` VALUES (19, 10002, 120008, 2, 1, '[120008]人口测试数据-》中台库', 'data_access', 'dataAccessTask', 'syncData', '120008', 1, NULL, 775, '2023-01-21 14:53:01');
INSERT INTO `schedule_job_log` VALUES (20, 10002, 120008, 2, 1, '[120008]人口测试数据-》中台库', 'data_access', 'dataAccessTask', 'syncData', '120008', 1, NULL, 524, '2023-01-21 14:53:31');
INSERT INTO `schedule_job_log` VALUES (21, 10002, 120008, 2, 1, '[120008]人口测试数据-》中台库', 'data_access', 'dataAccessTask', 'syncData', '120008', 1, NULL, 779, '2023-01-21 14:54:01');
INSERT INTO `schedule_job_log` VALUES (22, 10002, 120008, 2, 1, '[120008]人口测试数据-》中台库', 'data_access', 'dataAccessTask', 'syncData', '120008', 1, NULL, 819, '2023-01-21 14:54:31');
INSERT INTO `schedule_job_log` VALUES (23, 10002, 120008, 2, 1, '[120008]人口测试数据-》中台库', 'data_access', 'dataAccessTask', 'syncData', '120008', 1, NULL, 439, '2023-01-21 14:55:00');
INSERT INTO `schedule_job_log` VALUES (24, 10002, 120008, 2, 1, '[120008]人口测试数据-》中台库', 'data_access', 'dataAccessTask', 'syncData', '120008', 1, NULL, 479, '2023-01-21 14:56:31');
INSERT INTO `schedule_job_log` VALUES (25, 10002, 120008, 2, 3, '[120008]人口测试数据-》中台库', 'data_access', 'dataAccessTask', 'syncData', '120008', 1, NULL, 682, '2023-01-21 15:11:39');
INSERT INTO `schedule_job_log` VALUES (26, 10002, 120008, 2, 3, '[120008]人口测试数据-》中台库', 'data_access', 'dataAccessTask', 'syncData', '120008', 1, NULL, 542, '2023-01-21 17:03:00');
INSERT INTO `schedule_job_log` VALUES (27, 10002, 120008, 2, 1, '[120008]人口测试数据-》中台库', 'data_access', 'dataAccessTask', 'syncData', '120008', 1, NULL, 537, '2023-01-21 17:04:31');
INSERT INTO `schedule_job_log` VALUES (28, 10002, 120008, 2, 1, '[120008]人口测试数据-》中台库', 'data_access', 'dataAccessTask', 'syncData', '120008', 1, NULL, 1721, '2023-01-22 20:47:02');
INSERT INTO `schedule_job_log` VALUES (29, 10002, 120008, 2, 1, '[120008]人口测试数据-》中台库', 'data_access', 'dataAccessTask', 'syncData', '120008', 1, NULL, 1023, '2023-01-22 20:47:31');
INSERT INTO `schedule_job_log` VALUES (30, 10002, 120008, 2, 1, '[120008]人口测试数据-》中台库', 'data_access', 'dataAccessTask', 'syncData', '120008', 1, NULL, 848, '2023-01-22 20:48:01');

-- ----------------------------
-- Table structure for sms_log
-- ----------------------------
DROP TABLE IF EXISTS `sms_log`;
CREATE TABLE `sms_log`  (
  `id` bigint(20) NOT NULL AUTO_INCREMENT COMMENT 'id',
  `platform_id` bigint(20) NULL DEFAULT NULL COMMENT '平台ID',
  `platform` tinyint(4) NULL DEFAULT NULL COMMENT '平台类型',
  `mobile` varchar(20) CHARACTER SET utf8mb4 COLLATE utf8mb4_0900_ai_ci NOT NULL COMMENT '手机号',
  `params` varchar(200) CHARACTER SET utf8mb4 COLLATE utf8mb4_0900_ai_ci NULL DEFAULT NULL COMMENT '参数',
  `status` tinyint(4) NULL DEFAULT NULL COMMENT '状态  0：失败   1：成功',
  `error` varchar(2000) CHARACTER SET utf8mb4 COLLATE utf8mb4_0900_ai_ci NULL DEFAULT NULL COMMENT '异常信息',
  `create_time` datetime(0) NULL DEFAULT NULL COMMENT '创建时间',
  PRIMARY KEY (`id`) USING BTREE
) ENGINE = InnoDB CHARACTER SET = utf8mb4 COLLATE = utf8mb4_0900_ai_ci COMMENT = '短信日志' ROW_FORMAT = Dynamic;

-- ----------------------------
-- Records of sms_log
-- ----------------------------

-- ----------------------------
-- Table structure for sms_platform
-- ----------------------------
DROP TABLE IF EXISTS `sms_platform`;
CREATE TABLE `sms_platform`  (
  `id` bigint(20) NOT NULL AUTO_INCREMENT COMMENT 'id',
  `platform` tinyint(4) NULL DEFAULT NULL COMMENT '平台类型  0：阿里云   1：腾讯云   2：七牛云   3：华为云',
  `sign_name` varchar(100) CHARACTER SET utf8mb4 COLLATE utf8mb4_0900_ai_ci NOT NULL COMMENT '短信签名',
  `template_id` varchar(100) CHARACTER SET utf8mb4 COLLATE utf8mb4_0900_ai_ci NOT NULL COMMENT '短信模板',
  `app_id` varchar(100) CHARACTER SET utf8mb4 COLLATE utf8mb4_0900_ai_ci NOT NULL COMMENT '短信应用ID，如：腾讯云等',
  `sender_id` varchar(100) CHARACTER SET utf8mb4 COLLATE utf8mb4_0900_ai_ci NOT NULL COMMENT '腾讯云国际短信、华为云等需要',
  `url` varchar(200) CHARACTER SET utf8mb4 COLLATE utf8mb4_0900_ai_ci NOT NULL COMMENT '接入地址，如：华为云',
  `access_key` varchar(100) CHARACTER SET utf8mb4 COLLATE utf8mb4_0900_ai_ci NULL DEFAULT NULL COMMENT 'AccessKey',
  `secret_key` varchar(100) CHARACTER SET utf8mb4 COLLATE utf8mb4_0900_ai_ci NULL DEFAULT NULL COMMENT 'SecretKey',
  `status` tinyint(4) NULL DEFAULT NULL COMMENT '状态  0：禁用   1：启用',
  `version` int(11) NULL DEFAULT NULL COMMENT '版本号',
  `deleted` tinyint(4) NULL DEFAULT NULL COMMENT '删除标识  0：正常   1：已删除',
  `creator` bigint(20) NULL DEFAULT NULL COMMENT '创建者',
  `create_time` datetime(0) NULL DEFAULT NULL COMMENT '创建时间',
  `updater` bigint(20) NULL DEFAULT NULL COMMENT '更新者',
  `update_time` datetime(0) NULL DEFAULT NULL COMMENT '更新时间',
  PRIMARY KEY (`id`) USING BTREE
) ENGINE = InnoDB CHARACTER SET = utf8mb4 COLLATE = utf8mb4_0900_ai_ci COMMENT = '短信平台' ROW_FORMAT = Dynamic;

-- ----------------------------
-- Records of sms_platform
-- ----------------------------

-- ----------------------------
-- Table structure for sys_attachment
-- ----------------------------
DROP TABLE IF EXISTS `sys_attachment`;
CREATE TABLE `sys_attachment`  (
  `id` bigint(20) NOT NULL AUTO_INCREMENT COMMENT 'id',
  `name` varchar(255) CHARACTER SET utf8mb4 COLLATE utf8mb4_0900_ai_ci NOT NULL COMMENT '附件名称',
  `url` varchar(255) CHARACTER SET utf8mb4 COLLATE utf8mb4_0900_ai_ci NOT NULL COMMENT '附件地址',
  `size` bigint(20) NULL DEFAULT NULL COMMENT '附件大小',
  `platform` varchar(50) CHARACTER SET utf8mb4 COLLATE utf8mb4_0900_ai_ci NULL DEFAULT NULL COMMENT '存储平台',
  `version` int(11) NULL DEFAULT NULL COMMENT '版本号',
  `deleted` tinyint(4) NULL DEFAULT NULL COMMENT '删除标识  0：正常   1：已删除',
  `creator` bigint(20) NULL DEFAULT NULL COMMENT '创建者',
  `create_time` datetime(0) NULL DEFAULT NULL COMMENT '创建时间',
  `updater` bigint(20) NULL DEFAULT NULL COMMENT '更新者',
  `update_time` datetime(0) NULL DEFAULT NULL COMMENT '更新时间',
  PRIMARY KEY (`id`) USING BTREE
) ENGINE = InnoDB AUTO_INCREMENT = 2 CHARACTER SET = utf8mb4 COLLATE = utf8mb4_0900_ai_ci COMMENT = '附件管理' ROW_FORMAT = Dynamic;

-- ----------------------------
-- Records of sys_attachment
-- ----------------------------
INSERT INTO `sys_attachment` VALUES (1, '调度配置.png', 'http://localhost:8080/sys/upload/20221028/调度配置_59019.png', 68077, 'LOCAL', 0, 1, 10000, '2022-10-28 16:23:40', 10000, '2022-10-28 16:29:22');

-- ----------------------------
-- Table structure for sys_dict_data
-- ----------------------------
DROP TABLE IF EXISTS `sys_dict_data`;
CREATE TABLE `sys_dict_data`  (
  `id` bigint(20) NOT NULL AUTO_INCREMENT COMMENT 'id',
  `dict_type_id` bigint(20) NOT NULL COMMENT '字典类型ID',
  `dict_label` varchar(255) CHARACTER SET utf8mb4 COLLATE utf8mb4_0900_ai_ci NOT NULL COMMENT '字典标签',
  `dict_value` varchar(255) CHARACTER SET utf8mb4 COLLATE utf8mb4_0900_ai_ci NULL DEFAULT NULL COMMENT '字典值',
  `remark` varchar(255) CHARACTER SET utf8mb4 COLLATE utf8mb4_0900_ai_ci NULL DEFAULT NULL COMMENT '备注',
  `sort` int(11) NULL DEFAULT NULL COMMENT '排序',
  `version` int(11) NULL DEFAULT NULL COMMENT '版本号',
  `deleted` tinyint(4) NULL DEFAULT NULL COMMENT '删除标识  0：正常   1：已删除',
  `creator` bigint(20) NULL DEFAULT NULL COMMENT '创建者',
  `create_time` datetime(0) NULL DEFAULT NULL COMMENT '创建时间',
  `updater` bigint(20) NULL DEFAULT NULL COMMENT '更新者',
  `update_time` datetime(0) NULL DEFAULT NULL COMMENT '更新时间',
  PRIMARY KEY (`id`) USING BTREE
) ENGINE = InnoDB AUTO_INCREMENT = 94 CHARACTER SET = utf8mb4 COLLATE = utf8mb4_0900_ai_ci COMMENT = '字典数据' ROW_FORMAT = Dynamic;

-- ----------------------------
-- Records of sys_dict_data
-- ----------------------------
INSERT INTO `sys_dict_data` VALUES (1, 1, '停用', '0', '', 1, 0, 0, 10000, '2022-09-27 11:01:26', 10000, '2022-09-27 11:01:26');
INSERT INTO `sys_dict_data` VALUES (2, 1, '正常', '1', '', 0, 0, 0, 10000, '2022-09-27 11:01:26', 10000, '2022-09-27 11:01:26');
INSERT INTO `sys_dict_data` VALUES (3, 2, '男', '0', '', 0, 0, 0, 10000, '2022-09-27 11:01:26', 10000, '2022-09-27 11:01:26');
INSERT INTO `sys_dict_data` VALUES (4, 2, '女', '1', '', 1, 0, 0, 10000, '2022-09-27 11:01:26', 10000, '2022-09-27 11:01:26');
INSERT INTO `sys_dict_data` VALUES (5, 2, '未知', '2', '', 2, 0, 0, 10000, '2022-09-27 11:01:26', 10000, '2022-09-27 11:01:26');
INSERT INTO `sys_dict_data` VALUES (6, 3, '正常', '1', '', 0, 0, 0, 10000, '2022-09-27 11:01:26', 10000, '2022-09-27 11:01:26');
INSERT INTO `sys_dict_data` VALUES (7, 3, '停用', '0', '', 1, 0, 0, 10000, '2022-09-27 11:01:26', 10000, '2022-09-27 11:01:26');
INSERT INTO `sys_dict_data` VALUES (8, 4, '全部数据', '0', '', 0, 0, 0, 10000, '2022-09-27 11:01:26', 10000, '2022-09-27 11:01:26');
INSERT INTO `sys_dict_data` VALUES (9, 4, '本部门及子部门数据', '1', '', 0, 0, 0, 10000, '2022-09-27 11:01:26', 10000, '2022-09-27 11:01:26');
INSERT INTO `sys_dict_data` VALUES (10, 4, '本部门数据', '2', '', 0, 0, 0, 10000, '2022-09-27 11:01:26', 10000, '2022-09-27 11:01:26');
INSERT INTO `sys_dict_data` VALUES (11, 4, '本人数据', '3', '', 0, 0, 0, 10000, '2022-09-27 11:01:26', 10000, '2022-09-27 11:01:26');
INSERT INTO `sys_dict_data` VALUES (12, 4, '自定义数据', '4', '', 0, 0, 0, 10000, '2022-09-27 11:01:26', 10000, '2022-09-27 11:01:26');
INSERT INTO `sys_dict_data` VALUES (13, 5, '禁用', '0', '', 1, 0, 0, 10000, '2022-09-27 11:01:26', 10000, '2022-09-27 11:01:26');
INSERT INTO `sys_dict_data` VALUES (14, 5, '启用', '1', '', 0, 0, 0, 10000, '2022-09-27 11:01:26', 10000, '2022-09-27 11:01:26');
INSERT INTO `sys_dict_data` VALUES (15, 6, '失败', '0', '', 1, 0, 0, 10000, '2022-09-27 11:01:26', 10000, '2022-09-27 11:01:26');
INSERT INTO `sys_dict_data` VALUES (16, 6, '成功', '1', '', 0, 0, 0, 10000, '2022-09-27 11:01:26', 10000, '2022-09-27 11:01:26');
INSERT INTO `sys_dict_data` VALUES (17, 7, '登录成功', '0', '', 0, 0, 0, 10000, '2022-09-27 11:01:26', 10000, '2022-09-27 11:01:26');
INSERT INTO `sys_dict_data` VALUES (18, 7, '退出成功', '1', '', 1, 0, 0, 10000, '2022-09-27 11:01:26', 10000, '2022-09-27 11:01:26');
INSERT INTO `sys_dict_data` VALUES (19, 7, '验证码错误', '2', '', 2, 0, 0, 10000, '2022-09-27 11:01:26', 10000, '2022-09-27 11:01:26');
INSERT INTO `sys_dict_data` VALUES (20, 7, '账号密码错误', '3', '', 3, 0, 0, 10000, '2022-09-27 11:01:26', 10000, '2022-09-27 11:01:26');
INSERT INTO `sys_dict_data` VALUES (21, 8, '阿里云', '0', '', 0, 0, 0, 10000, '2022-09-27 11:01:47', 10000, '2022-09-27 11:01:47');
INSERT INTO `sys_dict_data` VALUES (22, 8, '腾讯云', '1', '', 1, 0, 0, 10000, '2022-09-27 11:01:47', 10000, '2022-09-27 11:01:47');
INSERT INTO `sys_dict_data` VALUES (23, 8, '七牛云', '2', '', 2, 0, 0, 10000, '2022-09-27 11:01:47', 10000, '2022-09-27 11:01:47');
INSERT INTO `sys_dict_data` VALUES (24, 8, '华为云', '3', '', 3, 0, 0, 10000, '2022-09-27 11:01:47', 10000, '2022-09-27 11:01:47');
INSERT INTO `sys_dict_data` VALUES (25, 9, '默认', 'default', '', 0, 0, 0, 10000, '2022-09-27 11:02:02', 10000, '2022-09-27 11:02:02');
INSERT INTO `sys_dict_data` VALUES (26, 9, '数据生产', 'data_production', '', 2, 0, 0, 10000, '2022-09-27 11:02:02', 10000, '2023-01-19 16:51:31');
INSERT INTO `sys_dict_data` VALUES (27, 10, '暂停', '0', '', 0, 0, 0, 10000, '2022-09-27 11:02:02', 10000, '2022-09-27 11:02:02');
INSERT INTO `sys_dict_data` VALUES (28, 10, '正常', '1', '', 1, 0, 0, 10000, '2022-09-27 11:02:02', 10000, '2022-09-27 11:02:02');
INSERT INTO `sys_dict_data` VALUES (29, 11, '停用', '0', '', 0, 0, 0, 10000, '2022-09-27 12:00:10', 10000, '2022-09-27 12:00:10');
INSERT INTO `sys_dict_data` VALUES (30, 11, '启用', '1', '', 0, 0, 0, 10000, '2022-09-27 12:00:17', 10000, '2022-09-27 12:00:17');
INSERT INTO `sys_dict_data` VALUES (31, 12, 'MYSQL', '1', '', 1, 0, 0, 10000, '2022-10-09 17:17:20', 10000, '2022-10-09 17:17:20');
INSERT INTO `sys_dict_data` VALUES (32, 12, 'ORACLE', '2', '', 2, 0, 0, 10000, '2022-10-09 17:17:30', 10000, '2022-10-09 17:17:30');
INSERT INTO `sys_dict_data` VALUES (33, 12, 'SQLSERVER2000', '3', '', 5, 0, 0, 10000, '2022-10-09 17:17:46', 10000, '2022-10-09 17:17:46');
INSERT INTO `sys_dict_data` VALUES (34, 12, 'SQLSERVER', '4', '', 4, 0, 0, 10000, '2022-10-09 17:17:55', 10000, '2022-10-09 17:17:55');
INSERT INTO `sys_dict_data` VALUES (35, 12, 'POSTGRESQL', '5', '', 3, 0, 0, 10000, '2022-10-09 17:18:06', 10000, '2022-10-09 17:18:06');
INSERT INTO `sys_dict_data` VALUES (36, 12, 'GREENPLUM', '6', '', 12, 0, 0, 10000, '2022-10-09 17:18:20', 10000, '2022-10-09 17:18:20');
INSERT INTO `sys_dict_data` VALUES (37, 12, 'MARIADB', '7', '', 7, 0, 0, 10000, '2022-10-09 17:18:31', 10000, '2022-10-09 17:18:31');
INSERT INTO `sys_dict_data` VALUES (38, 12, 'DB2', '8', '', 6, 0, 0, 10000, '2022-10-09 17:18:40', 10000, '2022-10-09 17:18:40');
INSERT INTO `sys_dict_data` VALUES (39, 12, 'DM', '9', '', 8, 0, 0, 10000, '2022-10-09 17:19:00', 10000, '2022-10-09 17:19:00');
INSERT INTO `sys_dict_data` VALUES (40, 12, 'KINGBASE', '10', '', 11, 0, 0, 10000, '2022-10-09 17:19:16', 10000, '2022-10-09 17:19:16');
INSERT INTO `sys_dict_data` VALUES (41, 12, 'OSCAR', '11', '', 15, 0, 0, 10000, '2022-10-09 17:19:25', 10000, '2022-10-09 17:19:25');
INSERT INTO `sys_dict_data` VALUES (42, 12, 'GBASE8A', '12', '', 13, 0, 0, 10000, '2022-10-09 17:19:37', 10000, '2022-10-09 17:19:37');
INSERT INTO `sys_dict_data` VALUES (43, 12, 'HIVE', '13', '', 9, 0, 0, 10000, '2022-10-09 17:19:57', 10000, '2022-10-09 17:19:57');
INSERT INTO `sys_dict_data` VALUES (44, 12, 'SQLITE3', '14', '', 10, 0, 0, 10000, '2022-10-09 17:20:09', 10000, '2022-10-09 17:20:09');
INSERT INTO `sys_dict_data` VALUES (45, 12, 'SYBASE', '15', '', 14, 0, 0, 10000, '2022-10-09 17:20:19', 10000, '2022-10-09 17:20:19');
INSERT INTO `sys_dict_data` VALUES (46, 11, '断开', '0', '', 0, 0, 1, 10000, '2022-10-09 17:23:42', 10000, '2022-10-09 17:23:52');
INSERT INTO `sys_dict_data` VALUES (47, 13, '断开', '0', '', 0, 0, 0, 10000, '2022-10-09 17:24:31', 10000, '2022-10-09 17:24:31');
INSERT INTO `sys_dict_data` VALUES (48, 13, '正常', '1', '', 0, 0, 0, 10000, '2022-10-09 17:24:37', 10000, '2022-10-09 17:24:37');
INSERT INTO `sys_dict_data` VALUES (49, 14, '否', '0', '', 0, 0, 0, 10000, '2022-10-09 17:25:13', 10000, '2022-10-09 17:25:13');
INSERT INTO `sys_dict_data` VALUES (50, 14, '是', '1', '', 0, 0, 0, 10000, '2022-10-09 17:25:18', 10000, '2022-10-09 17:25:18');
INSERT INTO `sys_dict_data` VALUES (51, 15, '实时同步', '1', '', 1, 0, 1, 10000, '2022-10-24 17:47:15', 10000, '2023-01-21 14:50:00');
INSERT INTO `sys_dict_data` VALUES (52, 15, '一次性全量同步', '2', '', 2, 0, 0, 10000, '2022-10-24 17:47:26', 10000, '2022-10-24 17:47:26');
INSERT INTO `sys_dict_data` VALUES (53, 15, '一次性全量周期性增量', '3', '', 3, 0, 0, 10000, '2022-10-24 17:47:41', 10000, '2022-10-24 17:47:41');
INSERT INTO `sys_dict_data` VALUES (54, 16, '等待中', '1', '', 1, 0, 0, 10000, '2022-10-24 17:49:04', 10000, '2022-10-24 17:49:04');
INSERT INTO `sys_dict_data` VALUES (55, 16, '运行中', '2', '', 2, 0, 0, 10000, '2022-10-24 17:49:13', 10000, '2022-10-24 17:49:13');
INSERT INTO `sys_dict_data` VALUES (56, 16, '正常结束', '3', '', 3, 0, 0, 10000, '2022-10-24 17:49:23', 10000, '2022-10-24 17:49:23');
INSERT INTO `sys_dict_data` VALUES (57, 16, '异常结束', '4', '', 4, 0, 0, 10000, '2022-10-24 17:49:33', 10000, '2022-10-24 17:49:33');
INSERT INTO `sys_dict_data` VALUES (58, 17, '未发布', '0', '', 0, 0, 0, 10000, '2022-10-24 17:50:23', 10000, '2022-10-24 17:50:23');
INSERT INTO `sys_dict_data` VALUES (59, 17, '已发布', '1', '', 1, 0, 0, 10000, '2022-10-24 17:50:31', 10000, '2022-10-24 17:50:31');
INSERT INTO `sys_dict_data` VALUES (60, 18, 'Sql', '1', '', 1, 0, 0, 10000, '2022-11-26 20:29:36', 10000, '2023-01-10 17:09:02');
INSERT INTO `sys_dict_data` VALUES (61, 18, 'FlinkSql', '2', '', 2, 0, 0, 10000, '2022-11-26 20:29:49', 10000, '2023-01-10 17:09:08');
INSERT INTO `sys_dict_data` VALUES (62, 19, 'Standalone', '1', NULL, 1, 0, 0, 10000, '2022-12-03 10:41:18', 10000, '2022-12-03 10:41:23');
INSERT INTO `sys_dict_data` VALUES (63, 19, 'Yarn Session', '2', NULL, 2, 0, 0, 10000, '2022-12-03 10:41:55', 10000, '2022-12-03 10:42:00');
INSERT INTO `sys_dict_data` VALUES (64, 19, 'Yarn Per-Job', '3', NULL, 3, 0, 0, 10000, '2022-12-03 10:42:29', 10000, '2022-12-03 10:42:35');
INSERT INTO `sys_dict_data` VALUES (65, 19, 'Yarn Application', '4', NULL, 4, 0, 0, 10000, '2022-12-03 10:43:02', 10000, '2022-12-03 10:43:08');
INSERT INTO `sys_dict_data` VALUES (66, 19, 'K8s Session', '5', NULL, 5, 0, 1, 10000, '2022-12-03 10:43:41', 10000, '2023-01-03 21:37:16');
INSERT INTO `sys_dict_data` VALUES (67, 19, 'K8s Application', '6', NULL, 6, 0, 1, 10000, '2022-12-03 10:44:24', 10000, '2023-01-03 21:37:19');
INSERT INTO `sys_dict_data` VALUES (68, 19, 'Local', '0', '', 0, 0, 0, 10000, '2022-12-21 11:35:54', 10000, '2022-12-21 11:35:54');
INSERT INTO `sys_dict_data` VALUES (69, 20, 'Flink On Yarn', 'Yarn', '', 0, 0, 0, 10000, '2022-12-22 09:31:02', 10000, '2022-12-22 09:31:02');
INSERT INTO `sys_dict_data` VALUES (70, 21, 'INITIALIZE', '0', '', 0, 0, 0, 10000, '2023-01-03 20:47:20', 10000, '2023-01-03 20:47:20');
INSERT INTO `sys_dict_data` VALUES (71, 21, 'RUNNING', '1', '', 1, 0, 0, 10000, '2023-01-03 20:47:27', 10000, '2023-01-03 20:47:27');
INSERT INTO `sys_dict_data` VALUES (72, 21, 'SUCCESS', '2', '', 2, 0, 0, 10000, '2023-01-03 20:47:36', 10000, '2023-01-03 20:47:36');
INSERT INTO `sys_dict_data` VALUES (73, 21, 'FAILED', '3', '', 3, 0, 0, 10000, '2023-01-03 20:47:43', 10000, '2023-01-03 20:47:43');
INSERT INTO `sys_dict_data` VALUES (74, 22, 'INITIALIZING', 'INITIALIZING', '', 0, 0, 0, 10000, '2023-01-03 20:50:05', 10000, '2023-01-03 20:50:05');
INSERT INTO `sys_dict_data` VALUES (75, 22, 'CREATED', 'CREATED', '', 1, 0, 0, 10000, '2023-01-03 20:50:15', 10000, '2023-01-03 20:50:15');
INSERT INTO `sys_dict_data` VALUES (76, 22, 'RUNNING', 'RUNNING', '', 2, 0, 0, 10000, '2023-01-03 20:50:22', 10000, '2023-01-03 20:50:22');
INSERT INTO `sys_dict_data` VALUES (77, 22, 'FAILING', 'FAILING', '', 3, 0, 0, 10000, '2023-01-03 20:50:29', 10000, '2023-01-03 20:50:29');
INSERT INTO `sys_dict_data` VALUES (78, 22, 'FAILED', 'FAILED', '', 4, 0, 0, 10000, '2023-01-03 20:50:36', 10000, '2023-01-03 20:50:36');
INSERT INTO `sys_dict_data` VALUES (79, 22, 'CANCELLING', 'CANCELLING', '', 5, 0, 0, 10000, '2023-01-03 20:50:44', 10000, '2023-01-03 20:50:44');
INSERT INTO `sys_dict_data` VALUES (80, 22, 'CANCELED', 'CANCELED', '', 6, 0, 0, 10000, '2023-01-03 20:50:51', 10000, '2023-01-03 20:50:51');
INSERT INTO `sys_dict_data` VALUES (81, 22, 'FINISHED', 'FINISHED', '', 7, 0, 0, 10000, '2023-01-03 20:50:58', 10000, '2023-01-03 20:50:58');
INSERT INTO `sys_dict_data` VALUES (82, 22, 'RESTARTING', 'RESTARTING', '', 8, 0, 0, 10000, '2023-01-03 20:51:05', 10000, '2023-01-03 20:51:05');
INSERT INTO `sys_dict_data` VALUES (83, 22, 'SUSPENDED', 'SUSPENDED', '', 9, 0, 0, 10000, '2023-01-03 20:51:11', 10000, '2023-01-03 20:51:11');
INSERT INTO `sys_dict_data` VALUES (84, 22, 'RECONCILING', 'RECONCILING', '', 10, 0, 0, 10000, '2023-01-03 20:51:18', 10000, '2023-01-03 20:51:18');
INSERT INTO `sys_dict_data` VALUES (85, 22, 'UNKNOWN', 'UNKNOWN', '', 11, 0, 0, 10000, '2023-01-03 20:51:25', 10000, '2023-01-03 20:51:25');
INSERT INTO `sys_dict_data` VALUES (86, 23, '禁用', '0', '', 0, 0, 0, 10000, '2023-01-09 21:23:38', 10000, '2023-01-09 21:23:38');
INSERT INTO `sys_dict_data` VALUES (87, 23, '最近一次', '1', '', 1, 0, 0, 10000, '2023-01-09 21:23:49', 10000, '2023-01-09 21:23:53');
INSERT INTO `sys_dict_data` VALUES (88, 23, '最早一次', '2', '', 2, 0, 0, 10000, '2023-01-09 21:24:02', 10000, '2023-01-09 21:24:02');
INSERT INTO `sys_dict_data` VALUES (89, 23, '指定一次', '3', '', 3, 0, 0, 10000, '2023-01-09 21:24:12', 10000, '2023-01-09 21:24:17');
INSERT INTO `sys_dict_data` VALUES (90, 18, 'FlinkSqlCommon', '4', 'FlinkSql的公共代码块，例如一些初始化的ddl等', 4, 0, 0, 10000, '2023-01-10 17:07:45', 10000, '2023-01-10 17:09:12');
INSERT INTO `sys_dict_data` VALUES (91, 24, '手动', '1', '', 0, 0, 0, 10000, '2023-01-18 15:13:22', 10000, '2023-01-18 15:13:22');
INSERT INTO `sys_dict_data` VALUES (92, 24, '调度', '2', '', 1, 0, 0, 10000, '2023-01-18 15:13:30', 10000, '2023-01-18 15:13:30');
INSERT INTO `sys_dict_data` VALUES (93, 9, '数据接入', 'data_access', '', 1, 0, 0, 10000, '2023-01-19 16:51:55', 10000, '2023-01-19 16:51:55');

-- ----------------------------
-- Table structure for sys_dict_type
-- ----------------------------
DROP TABLE IF EXISTS `sys_dict_type`;
CREATE TABLE `sys_dict_type`  (
  `id` bigint(20) NOT NULL AUTO_INCREMENT COMMENT 'id',
  `dict_type` varchar(100) CHARACTER SET utf8mb4 COLLATE utf8mb4_0900_ai_ci NOT NULL COMMENT '字典类型',
  `dict_name` varchar(255) CHARACTER SET utf8mb4 COLLATE utf8mb4_0900_ai_ci NOT NULL COMMENT '字典名称',
  `remark` varchar(255) CHARACTER SET utf8mb4 COLLATE utf8mb4_0900_ai_ci NULL DEFAULT NULL COMMENT '备注',
  `sort` int(11) NULL DEFAULT NULL COMMENT '排序',
  `version` int(11) NULL DEFAULT NULL COMMENT '版本号',
  `deleted` tinyint(4) NULL DEFAULT NULL COMMENT '删除标识  0：正常   1：已删除',
  `creator` bigint(20) NULL DEFAULT NULL COMMENT '创建者',
  `create_time` datetime(0) NULL DEFAULT NULL COMMENT '创建时间',
  `updater` bigint(20) NULL DEFAULT NULL COMMENT '更新者',
  `update_time` datetime(0) NULL DEFAULT NULL COMMENT '更新时间',
  PRIMARY KEY (`id`) USING BTREE
) ENGINE = InnoDB AUTO_INCREMENT = 25 CHARACTER SET = utf8mb4 COLLATE = utf8mb4_0900_ai_ci COMMENT = '字典类型' ROW_FORMAT = Dynamic;

-- ----------------------------
-- Records of sys_dict_type
-- ----------------------------
INSERT INTO `sys_dict_type` VALUES (1, 'post_status', '状态', '岗位管理', 0, 0, 0, 10000, '2022-09-27 11:01:26', 10000, '2022-09-27 11:01:26');
INSERT INTO `sys_dict_type` VALUES (2, 'user_gender', '性别', '用户管理', 0, 0, 0, 10000, '2022-09-27 11:01:26', 10000, '2022-09-27 11:01:26');
INSERT INTO `sys_dict_type` VALUES (3, 'user_status', '状态', '用户管理', 0, 0, 0, 10000, '2022-09-27 11:01:26', 10000, '2022-09-27 11:01:26');
INSERT INTO `sys_dict_type` VALUES (4, 'role_data_scope', '数据范围', '角色管理', 0, 0, 0, 10000, '2022-09-27 11:01:26', 10000, '2022-09-27 11:01:26');
INSERT INTO `sys_dict_type` VALUES (5, 'enable_disable', '状态', '功能状态：启用 | 禁用 ', 0, 0, 0, 10000, '2022-09-27 11:01:26', 10000, '2022-09-27 11:01:26');
INSERT INTO `sys_dict_type` VALUES (6, 'success_fail', '状态', '操作状态：成功 | 失败', 0, 0, 0, 10000, '2022-09-27 11:01:26', 10000, '2022-09-27 11:01:26');
INSERT INTO `sys_dict_type` VALUES (7, 'login_operation', '操作信息', '登录管理', 0, 0, 0, 10000, '2022-09-27 11:01:26', 10000, '2022-09-27 11:01:26');
INSERT INTO `sys_dict_type` VALUES (8, 'sms_platform', '平台类型', '短信管理', 0, 0, 0, 10000, '2022-09-27 11:01:47', 10000, '2022-09-27 11:01:47');
INSERT INTO `sys_dict_type` VALUES (9, 'schedule_group', '任务组名', '定时任务', 0, 0, 0, 10000, '2022-09-27 11:02:02', 10000, '2022-09-27 11:02:02');
INSERT INTO `sys_dict_type` VALUES (10, 'schedule_status', '状态', '定时任务', 0, 0, 0, 10000, '2022-09-27 11:02:02', 10000, '2022-09-27 11:02:02');
INSERT INTO `sys_dict_type` VALUES (11, 'project_status', '项目状态', '', 0, 0, 0, 10000, '2022-09-27 11:01:26', 10000, '2022-09-27 11:01:26');
INSERT INTO `sys_dict_type` VALUES (12, 'database_type', '数据库类型', '', 0, 0, 0, 10000, '2022-10-09 16:07:56', 10000, '2022-10-09 16:07:56');
INSERT INTO `sys_dict_type` VALUES (13, 'database_status', '数据库状态', '', 0, 0, 0, 10000, '2022-10-09 17:24:20', 10000, '2022-10-09 17:24:20');
INSERT INTO `sys_dict_type` VALUES (14, 'yes_or_no', '是否', '', 0, 0, 0, 10000, '2022-10-09 17:25:01', 10000, '2022-10-09 17:25:01');
INSERT INTO `sys_dict_type` VALUES (15, 'task_type', '任务类型', '', 0, 0, 0, 10000, '2022-10-24 17:46:19', 10000, '2022-10-24 17:46:19');
INSERT INTO `sys_dict_type` VALUES (16, 'run_status', '运行状态', '', 0, 0, 0, 10000, '2022-10-24 17:48:48', 10000, '2022-10-24 17:48:48');
INSERT INTO `sys_dict_type` VALUES (17, 'release_status', '发布状态', '', 0, 0, 0, 10000, '2022-10-24 17:50:07', 10000, '2022-10-24 17:50:07');
INSERT INTO `sys_dict_type` VALUES (18, 'production_task_type', '数据生产作业类型', '数据生产作业类型', 0, 0, 0, 10000, '2022-11-26 20:28:20', 10000, '2022-11-26 20:28:20');
INSERT INTO `sys_dict_type` VALUES (19, 'production_cluster_type', '数据生产集群实例类型', '数据生产集群实例类型', 0, 0, 0, 10000, '2022-12-03 10:40:37', 10000, '2022-12-03 10:40:43');
INSERT INTO `sys_dict_type` VALUES (20, 'production_cluster_configuration_type', '集群配置类型', '', 0, 0, 0, 10000, '2022-12-22 09:30:02', 10000, '2022-12-22 09:30:02');
INSERT INTO `sys_dict_type` VALUES (21, 'task_status', '作业状态', '', 0, 0, 0, 10000, '2023-01-03 20:46:59', 10000, '2023-01-03 20:46:59');
INSERT INTO `sys_dict_type` VALUES (22, 'instance_status', '作业实例状态', '', 0, 0, 0, 10000, '2023-01-03 20:49:16', 10000, '2023-01-03 20:49:16');
INSERT INTO `sys_dict_type` VALUES (23, 'savepoint_strategy', 'flink的savepoint策略', '', 0, 0, 0, 10000, '2023-01-09 21:22:38', 10000, '2023-01-09 21:22:38');
INSERT INTO `sys_dict_type` VALUES (24, 'execute_type', '执行类型', '', 0, 0, 0, 10000, '2023-01-18 15:13:05', 10000, '2023-01-18 15:13:05');

-- ----------------------------
-- Table structure for sys_log_login
-- ----------------------------
DROP TABLE IF EXISTS `sys_log_login`;
CREATE TABLE `sys_log_login`  (
  `id` bigint(20) NOT NULL AUTO_INCREMENT COMMENT 'id',
  `username` varchar(50) CHARACTER SET utf8mb4 COLLATE utf8mb4_0900_ai_ci NULL DEFAULT NULL COMMENT '用户名',
  `ip` varchar(32) CHARACTER SET utf8mb4 COLLATE utf8mb4_0900_ai_ci NULL DEFAULT NULL COMMENT '登录IP',
  `address` varchar(32) CHARACTER SET utf8mb4 COLLATE utf8mb4_0900_ai_ci NULL DEFAULT NULL COMMENT '登录地点',
  `user_agent` varchar(500) CHARACTER SET utf8mb4 COLLATE utf8mb4_0900_ai_ci NULL DEFAULT NULL COMMENT 'User Agent',
  `status` tinyint(4) NULL DEFAULT NULL COMMENT '登录状态  0：失败   1：成功',
  `operation` tinyint(3) UNSIGNED NULL DEFAULT NULL COMMENT '操作信息   0：登录成功   1：退出成功  2：验证码错误  3：账号密码错误',
  `create_time` datetime(0) NULL DEFAULT NULL COMMENT '创建时间',
  PRIMARY KEY (`id`) USING BTREE
) ENGINE = InnoDB AUTO_INCREMENT = 207 CHARACTER SET = utf8mb4 COLLATE = utf8mb4_0900_ai_ci COMMENT = '登录日志' ROW_FORMAT = Dynamic;

-- ----------------------------
-- Records of sys_log_login
-- ----------------------------
INSERT INTO `sys_log_login` VALUES (1, 'admin', '127.0.0.1', '内网IP', 'Mozilla/5.0 (Windows NT 10.0; Win64; x64) AppleWebKit/537.36 (KHTML, like Gecko) Chrome/97.0.4692.99 Safari/537.36', 0, 2, '2022-09-27 17:11:24');
INSERT INTO `sys_log_login` VALUES (2, 'admin', '127.0.0.1', '内网IP', 'Mozilla/5.0 (Windows NT 10.0; Win64; x64) AppleWebKit/537.36 (KHTML, like Gecko) Chrome/97.0.4692.99 Safari/537.36', 1, 0, '2022-09-27 17:11:36');
INSERT INTO `sys_log_login` VALUES (3, 'admin', '127.0.0.1', '内网IP', 'Mozilla/5.0 (Windows NT 10.0; Win64; x64) AppleWebKit/537.36 (KHTML, like Gecko) Chrome/97.0.4692.99 Safari/537.36', 1, 1, '2022-09-27 20:48:32');
INSERT INTO `sys_log_login` VALUES (4, 'admin', '127.0.0.1', '内网IP', 'Mozilla/5.0 (Windows NT 10.0; Win64; x64) AppleWebKit/537.36 (KHTML, like Gecko) Chrome/97.0.4692.99 Safari/537.36', 1, 0, '2022-09-27 20:48:42');
INSERT INTO `sys_log_login` VALUES (5, 'admin', '127.0.0.1', '内网IP', 'Mozilla/5.0 (Windows NT 10.0; Win64; x64) AppleWebKit/537.36 (KHTML, like Gecko) Chrome/97.0.4692.99 Safari/537.36', 1, 0, '2022-10-04 14:09:31');
INSERT INTO `sys_log_login` VALUES (6, 'admin', '127.0.0.1', '内网IP', 'Mozilla/5.0 (Windows NT 10.0; Win64; x64) AppleWebKit/537.36 (KHTML, like Gecko) Chrome/97.0.4692.99 Safari/537.36', 1, 0, '2022-10-07 11:23:48');
INSERT INTO `sys_log_login` VALUES (7, 'admin', '127.0.0.1', '内网IP', 'Mozilla/5.0 (Windows NT 10.0; Win64; x64) AppleWebKit/537.36 (KHTML, like Gecko) Chrome/97.0.4692.99 Safari/537.36', 1, 1, '2022-10-07 12:00:53');
INSERT INTO `sys_log_login` VALUES (8, 'admin', '127.0.0.1', '内网IP', 'Mozilla/5.0 (Windows NT 10.0; Win64; x64) AppleWebKit/537.36 (KHTML, like Gecko) Chrome/97.0.4692.99 Safari/537.36', 1, 0, '2022-10-07 12:01:05');
INSERT INTO `sys_log_login` VALUES (9, 'admin', '127.0.0.1', '内网IP', 'Mozilla/5.0 (Windows NT 10.0; Win64; x64) AppleWebKit/537.36 (KHTML, like Gecko) Chrome/97.0.4692.99 Safari/537.36', 1, 0, '2022-10-08 12:42:10');
INSERT INTO `sys_log_login` VALUES (10, 'admin', '127.0.0.1', '内网IP', 'Mozilla/5.0 (Windows NT 10.0; Win64; x64) AppleWebKit/537.36 (KHTML, like Gecko) Chrome/97.0.4692.99 Safari/537.36', 1, 1, '2022-10-08 16:57:53');
INSERT INTO `sys_log_login` VALUES (11, 'admin', '127.0.0.1', '内网IP', 'Mozilla/5.0 (Windows NT 10.0; Win64; x64) AppleWebKit/537.36 (KHTML, like Gecko) Chrome/97.0.4692.99 Safari/537.36', 1, 0, '2022-10-08 16:58:11');
INSERT INTO `sys_log_login` VALUES (12, 'admin', '127.0.0.1', '内网IP', 'Mozilla/5.0 (Windows NT 10.0; Win64; x64) AppleWebKit/537.36 (KHTML, like Gecko) Chrome/97.0.4692.99 Safari/537.36', 1, 1, '2022-10-08 17:30:44');
INSERT INTO `sys_log_login` VALUES (13, 'admin', '127.0.0.1', '内网IP', 'Mozilla/5.0 (Windows NT 10.0; Win64; x64) AppleWebKit/537.36 (KHTML, like Gecko) Chrome/97.0.4692.99 Safari/537.36', 1, 0, '2022-10-08 17:30:52');
INSERT INTO `sys_log_login` VALUES (14, 'admin', '127.0.0.1', '内网IP', 'Mozilla/5.0 (Windows NT 10.0; Win64; x64) AppleWebKit/537.36 (KHTML, like Gecko) Chrome/97.0.4692.99 Safari/537.36', 1, 1, '2022-10-09 12:40:22');
INSERT INTO `sys_log_login` VALUES (15, 'admin', '127.0.0.1', '内网IP', 'Mozilla/5.0 (Windows NT 10.0; Win64; x64) AppleWebKit/537.36 (KHTML, like Gecko) Chrome/97.0.4692.99 Safari/537.36', 1, 0, '2022-10-09 12:40:31');
INSERT INTO `sys_log_login` VALUES (16, 'admin', '127.0.0.1', '内网IP', 'Mozilla/5.0 (Windows NT 10.0; Win64; x64) AppleWebKit/537.36 (KHTML, like Gecko) Chrome/97.0.4692.99 Safari/537.36', 0, 2, '2022-10-11 17:47:52');
INSERT INTO `sys_log_login` VALUES (17, 'admin', '127.0.0.1', '内网IP', 'Mozilla/5.0 (Windows NT 10.0; Win64; x64) AppleWebKit/537.36 (KHTML, like Gecko) Chrome/97.0.4692.99 Safari/537.36', 1, 0, '2022-10-11 17:48:06');
INSERT INTO `sys_log_login` VALUES (18, 'admin', '127.0.0.1', '内网IP', 'Mozilla/5.0 (Windows NT 10.0; Win64; x64) AppleWebKit/537.36 (KHTML, like Gecko) Chrome/97.0.4692.99 Safari/537.36', 1, 0, '2022-10-17 11:03:13');
INSERT INTO `sys_log_login` VALUES (19, 'admin', '127.0.0.1', '内网IP', 'Mozilla/5.0 (Windows NT 10.0; Win64; x64) AppleWebKit/537.36 (KHTML, like Gecko) Chrome/97.0.4692.99 Safari/537.36', 1, 1, '2022-10-17 13:48:23');
INSERT INTO `sys_log_login` VALUES (20, 'admin', '127.0.0.1', '内网IP', 'Mozilla/5.0 (Windows NT 10.0; Win64; x64) AppleWebKit/537.36 (KHTML, like Gecko) Chrome/97.0.4692.99 Safari/537.36', 1, 0, '2022-10-17 13:48:37');
INSERT INTO `sys_log_login` VALUES (21, 'admin', '127.0.0.1', '内网IP', 'Mozilla/5.0 (Windows NT 10.0; Win64; x64) AppleWebKit/537.36 (KHTML, like Gecko) Chrome/97.0.4692.99 Safari/537.36', 1, 1, '2022-10-17 13:49:08');
INSERT INTO `sys_log_login` VALUES (22, '测试用户', '127.0.0.1', '内网IP', 'Mozilla/5.0 (Windows NT 10.0; Win64; x64) AppleWebKit/537.36 (KHTML, like Gecko) Chrome/97.0.4692.99 Safari/537.36', 0, 3, '2022-10-17 13:49:21');
INSERT INTO `sys_log_login` VALUES (23, '测试用户', '127.0.0.1', '内网IP', 'Mozilla/5.0 (Windows NT 10.0; Win64; x64) AppleWebKit/537.36 (KHTML, like Gecko) Chrome/97.0.4692.99 Safari/537.36', 0, 2, '2022-10-17 13:49:32');
INSERT INTO `sys_log_login` VALUES (24, '测试用户', '127.0.0.1', '内网IP', 'Mozilla/5.0 (Windows NT 10.0; Win64; x64) AppleWebKit/537.36 (KHTML, like Gecko) Chrome/97.0.4692.99 Safari/537.36', 1, 0, '2022-10-17 13:49:44');
INSERT INTO `sys_log_login` VALUES (25, '测试用户', '127.0.0.1', '内网IP', 'Mozilla/5.0 (Windows NT 10.0; Win64; x64) AppleWebKit/537.36 (KHTML, like Gecko) Chrome/97.0.4692.99 Safari/537.36', 1, 1, '2022-10-17 13:51:26');
INSERT INTO `sys_log_login` VALUES (26, 'admin', '127.0.0.1', '内网IP', 'Mozilla/5.0 (Windows NT 10.0; Win64; x64) AppleWebKit/537.36 (KHTML, like Gecko) Chrome/97.0.4692.99 Safari/537.36', 0, 2, '2022-10-17 13:51:42');
INSERT INTO `sys_log_login` VALUES (27, 'admin', '127.0.0.1', '内网IP', 'Mozilla/5.0 (Windows NT 10.0; Win64; x64) AppleWebKit/537.36 (KHTML, like Gecko) Chrome/97.0.4692.99 Safari/537.36', 1, 0, '2022-10-17 13:51:49');
INSERT INTO `sys_log_login` VALUES (28, 'admin', '127.0.0.1', '内网IP', 'Mozilla/5.0 (Windows NT 10.0; Win64; x64) AppleWebKit/537.36 (KHTML, like Gecko) Chrome/97.0.4692.99 Safari/537.36', 1, 1, '2022-10-17 13:59:53');
INSERT INTO `sys_log_login` VALUES (29, '测试用户', '127.0.0.1', '内网IP', 'Mozilla/5.0 (Windows NT 10.0; Win64; x64) AppleWebKit/537.36 (KHTML, like Gecko) Chrome/97.0.4692.99 Safari/537.36', 0, 2, '2022-10-17 14:00:05');
INSERT INTO `sys_log_login` VALUES (30, '测试用户', '127.0.0.1', '内网IP', 'Mozilla/5.0 (Windows NT 10.0; Win64; x64) AppleWebKit/537.36 (KHTML, like Gecko) Chrome/97.0.4692.99 Safari/537.36', 1, 0, '2022-10-17 14:00:11');
INSERT INTO `sys_log_login` VALUES (31, 'admin', '127.0.0.1', '内网IP', 'Mozilla/5.0 (Windows NT 10.0; Win64; x64) AppleWebKit/537.36 (KHTML, like Gecko) Chrome/97.0.4692.99 Safari/537.36', 1, 0, '2022-10-19 10:10:25');
INSERT INTO `sys_log_login` VALUES (32, 'admin', '127.0.0.1', '内网IP', 'Mozilla/5.0 (Windows NT 10.0; Win64; x64) AppleWebKit/537.36 (KHTML, like Gecko) Chrome/97.0.4692.99 Safari/537.36', 1, 0, '2022-10-20 10:48:03');
INSERT INTO `sys_log_login` VALUES (33, 'admin', '127.0.0.1', '内网IP', 'Mozilla/5.0 (Windows NT 10.0; Win64; x64) AppleWebKit/537.36 (KHTML, like Gecko) Chrome/97.0.4692.99 Safari/537.36', 1, 1, '2022-10-20 12:01:44');
INSERT INTO `sys_log_login` VALUES (34, '测试用户', '127.0.0.1', '内网IP', 'Mozilla/5.0 (Windows NT 10.0; Win64; x64) AppleWebKit/537.36 (KHTML, like Gecko) Chrome/97.0.4692.99 Safari/537.36', 1, 0, '2022-10-20 12:01:51');
INSERT INTO `sys_log_login` VALUES (35, '测试用户', '127.0.0.1', '内网IP', 'Mozilla/5.0 (Windows NT 10.0; Win64; x64) AppleWebKit/537.36 (KHTML, like Gecko) Chrome/97.0.4692.99 Safari/537.36', 1, 1, '2022-10-20 12:55:48');
INSERT INTO `sys_log_login` VALUES (36, '测试用户', '127.0.0.1', '内网IP', 'Mozilla/5.0 (Windows NT 10.0; Win64; x64) AppleWebKit/537.36 (KHTML, like Gecko) Chrome/97.0.4692.99 Safari/537.36', 1, 1, '2022-10-20 12:55:48');
INSERT INTO `sys_log_login` VALUES (37, 'admin', '127.0.0.1', '内网IP', 'Mozilla/5.0 (Windows NT 10.0; Win64; x64) AppleWebKit/537.36 (KHTML, like Gecko) Chrome/97.0.4692.99 Safari/537.36', 1, 0, '2022-10-20 12:56:10');
INSERT INTO `sys_log_login` VALUES (38, 'admin', '127.0.0.1', '内网IP', 'Mozilla/5.0 (Windows NT 10.0; Win64; x64) AppleWebKit/537.36 (KHTML, like Gecko) Chrome/97.0.4692.99 Safari/537.36', 1, 0, '2022-10-22 11:46:48');
INSERT INTO `sys_log_login` VALUES (39, 'admin', '127.0.0.1', '内网IP', 'Mozilla/5.0 (Windows NT 10.0; Win64; x64) AppleWebKit/537.36 (KHTML, like Gecko) Chrome/97.0.4692.99 Safari/537.36', 1, 1, '2022-10-22 13:15:51');
INSERT INTO `sys_log_login` VALUES (40, 'admin', '127.0.0.1', '内网IP', 'Mozilla/5.0 (Windows NT 10.0; Win64; x64) AppleWebKit/537.36 (KHTML, like Gecko) Chrome/97.0.4692.99 Safari/537.36', 1, 0, '2022-10-22 13:16:05');
INSERT INTO `sys_log_login` VALUES (41, 'admin', '127.0.0.1', '内网IP', 'Mozilla/5.0 (Windows NT 10.0; Win64; x64) AppleWebKit/537.36 (KHTML, like Gecko) Chrome/97.0.4692.99 Safari/537.36', 1, 1, '2022-10-22 13:34:19');
INSERT INTO `sys_log_login` VALUES (42, 'admin', '127.0.0.1', '内网IP', 'Mozilla/5.0 (Windows NT 10.0; Win64; x64) AppleWebKit/537.36 (KHTML, like Gecko) Chrome/97.0.4692.99 Safari/537.36', 0, 2, '2022-10-22 13:34:27');
INSERT INTO `sys_log_login` VALUES (43, 'admin', '127.0.0.1', '内网IP', 'Mozilla/5.0 (Windows NT 10.0; Win64; x64) AppleWebKit/537.36 (KHTML, like Gecko) Chrome/97.0.4692.99 Safari/537.36', 1, 0, '2022-10-22 13:34:33');
INSERT INTO `sys_log_login` VALUES (44, 'admin', '127.0.0.1', '内网IP', 'Mozilla/5.0 (Windows NT 10.0; Win64; x64) AppleWebKit/537.36 (KHTML, like Gecko) Chrome/97.0.4692.99 Safari/537.36', 1, 1, '2022-10-22 16:39:23');
INSERT INTO `sys_log_login` VALUES (45, 'admin', '127.0.0.1', '内网IP', 'Mozilla/5.0 (Windows NT 10.0; Win64; x64) AppleWebKit/537.36 (KHTML, like Gecko) Chrome/97.0.4692.99 Safari/537.36', 1, 0, '2022-10-22 16:39:30');
INSERT INTO `sys_log_login` VALUES (46, 'admin', '127.0.0.1', '内网IP', 'Mozilla/5.0 (Windows NT 10.0; Win64; x64) AppleWebKit/537.36 (KHTML, like Gecko) Chrome/97.0.4692.99 Safari/537.36', 1, 1, '2022-10-22 17:00:00');
INSERT INTO `sys_log_login` VALUES (47, 'admin', '127.0.0.1', '内网IP', 'Mozilla/5.0 (Windows NT 10.0; Win64; x64) AppleWebKit/537.36 (KHTML, like Gecko) Chrome/97.0.4692.99 Safari/537.36', 1, 0, '2022-10-22 17:00:09');
INSERT INTO `sys_log_login` VALUES (48, 'admin', '127.0.0.1', '内网IP', 'Mozilla/5.0 (Windows NT 10.0; Win64; x64) AppleWebKit/537.36 (KHTML, like Gecko) Chrome/97.0.4692.99 Safari/537.36', 1, 1, '2022-10-22 17:17:08');
INSERT INTO `sys_log_login` VALUES (49, 'admin', '127.0.0.1', '内网IP', 'Mozilla/5.0 (Windows NT 10.0; Win64; x64) AppleWebKit/537.36 (KHTML, like Gecko) Chrome/97.0.4692.99 Safari/537.36', 1, 0, '2022-10-22 17:17:24');
INSERT INTO `sys_log_login` VALUES (50, 'admin', '127.0.0.1', '内网IP', 'Mozilla/5.0 (Windows NT 10.0; Win64; x64) AppleWebKit/537.36 (KHTML, like Gecko) Chrome/97.0.4692.99 Safari/537.36', 1, 1, '2022-10-22 20:04:14');
INSERT INTO `sys_log_login` VALUES (51, 'admin', '127.0.0.1', '内网IP', 'Mozilla/5.0 (Windows NT 10.0; Win64; x64) AppleWebKit/537.36 (KHTML, like Gecko) Chrome/97.0.4692.99 Safari/537.36', 1, 0, '2022-10-22 20:04:23');
INSERT INTO `sys_log_login` VALUES (52, 'admin', '127.0.0.1', '内网IP', 'Mozilla/5.0 (Windows NT 10.0; Win64; x64) AppleWebKit/537.36 (KHTML, like Gecko) Chrome/97.0.4692.99 Safari/537.36', 1, 0, '2022-10-23 20:10:49');
INSERT INTO `sys_log_login` VALUES (53, 'admin', '127.0.0.1', '内网IP', 'Mozilla/5.0 (Windows NT 10.0; Win64; x64) AppleWebKit/537.36 (KHTML, like Gecko) Chrome/97.0.4692.99 Safari/537.36', 1, 0, '2022-10-24 21:45:07');
INSERT INTO `sys_log_login` VALUES (54, 'admin', '127.0.0.1', '内网IP', 'Mozilla/5.0 (Windows NT 10.0; Win64; x64) AppleWebKit/537.36 (KHTML, like Gecko) Chrome/97.0.4692.99 Safari/537.36', 1, 1, '2022-10-25 15:27:30');
INSERT INTO `sys_log_login` VALUES (55, 'admin', '127.0.0.1', '内网IP', 'Mozilla/5.0 (Windows NT 10.0; Win64; x64) AppleWebKit/537.36 (KHTML, like Gecko) Chrome/97.0.4692.99 Safari/537.36', 1, 0, '2022-10-25 15:27:39');
INSERT INTO `sys_log_login` VALUES (56, 'admin', '127.0.0.1', '内网IP', 'Mozilla/5.0 (Windows NT 10.0; Win64; x64) AppleWebKit/537.36 (KHTML, like Gecko) Chrome/97.0.4692.99 Safari/537.36', 1, 0, '2022-10-26 22:37:16');
INSERT INTO `sys_log_login` VALUES (57, 'admin', '127.0.0.1', '内网IP', 'Mozilla/5.0 (Windows NT 10.0; Win64; x64) AppleWebKit/537.36 (KHTML, like Gecko) Chrome/97.0.4692.99 Safari/537.36', 1, 1, '2022-10-27 14:59:36');
INSERT INTO `sys_log_login` VALUES (58, 'admin', '127.0.0.1', '内网IP', 'Mozilla/5.0 (Windows NT 10.0; Win64; x64) AppleWebKit/537.36 (KHTML, like Gecko) Chrome/97.0.4692.99 Safari/537.36', 1, 0, '2022-10-27 14:59:50');
INSERT INTO `sys_log_login` VALUES (59, 'admin', '127.0.0.1', '内网IP', 'Mozilla/5.0 (Windows NT 10.0; Win64; x64) AppleWebKit/537.36 (KHTML, like Gecko) Chrome/97.0.4692.99 Safari/537.36', 1, 1, '2022-10-27 15:35:46');
INSERT INTO `sys_log_login` VALUES (60, 'admin', '127.0.0.1', '内网IP', 'Mozilla/5.0 (Windows NT 10.0; Win64; x64) AppleWebKit/537.36 (KHTML, like Gecko) Chrome/97.0.4692.99 Safari/537.36', 1, 0, '2022-10-27 16:14:35');
INSERT INTO `sys_log_login` VALUES (61, 'admin', '127.0.0.1', '内网IP', 'Mozilla/5.0 (Windows NT 10.0; Win64; x64) AppleWebKit/537.36 (KHTML, like Gecko) Chrome/97.0.4692.99 Safari/537.36', 1, 1, '2022-10-27 22:19:45');
INSERT INTO `sys_log_login` VALUES (62, 'admin', '127.0.0.1', '内网IP', 'Mozilla/5.0 (Windows NT 10.0; Win64; x64) AppleWebKit/537.36 (KHTML, like Gecko) Chrome/97.0.4692.99 Safari/537.36', 1, 0, '2022-10-27 22:19:56');
INSERT INTO `sys_log_login` VALUES (63, 'admin', '127.0.0.1', '内网IP', 'Mozilla/5.0 (Windows NT 10.0; Win64; x64) AppleWebKit/537.36 (KHTML, like Gecko) Chrome/97.0.4692.99 Safari/537.36', 1, 1, '2022-10-28 17:00:33');
INSERT INTO `sys_log_login` VALUES (64, 'admin', '127.0.0.1', '内网IP', 'Mozilla/5.0 (Windows NT 10.0; Win64; x64) AppleWebKit/537.36 (KHTML, like Gecko) Chrome/97.0.4692.99 Safari/537.36', 1, 0, '2022-10-28 17:00:41');
INSERT INTO `sys_log_login` VALUES (65, 'admin', '127.0.0.1', '内网IP', 'Mozilla/5.0 (Windows NT 10.0; Win64; x64) AppleWebKit/537.36 (KHTML, like Gecko) Chrome/97.0.4692.99 Safari/537.36', 1, 1, '2022-10-29 12:49:32');
INSERT INTO `sys_log_login` VALUES (66, 'admin', '127.0.0.1', '内网IP', 'Mozilla/5.0 (Windows NT 10.0; Win64; x64) AppleWebKit/537.36 (KHTML, like Gecko) Chrome/97.0.4692.99 Safari/537.36', 1, 0, '2022-10-29 12:55:40');
INSERT INTO `sys_log_login` VALUES (67, 'admin', '127.0.0.1', '内网IP', 'Mozilla/5.0 (Windows NT 10.0; Win64; x64) AppleWebKit/537.36 (KHTML, like Gecko) Chrome/97.0.4692.99 Safari/537.36', 1, 1, '2022-10-29 12:57:00');
INSERT INTO `sys_log_login` VALUES (68, 'admin', '127.0.0.1', '内网IP', 'Mozilla/5.0 (Windows NT 10.0; Win64; x64) AppleWebKit/537.36 (KHTML, like Gecko) Chrome/97.0.4692.99 Safari/537.36', 1, 0, '2022-10-29 12:57:10');
INSERT INTO `sys_log_login` VALUES (69, 'admin', '127.0.0.1', '内网IP', 'Mozilla/5.0 (Windows NT 10.0; Win64; x64) AppleWebKit/537.36 (KHTML, like Gecko) Chrome/97.0.4692.99 Safari/537.36', 1, 1, '2022-10-29 14:30:10');
INSERT INTO `sys_log_login` VALUES (70, 'admin', '127.0.0.1', '内网IP', 'Mozilla/5.0 (Windows NT 10.0; Win64; x64) AppleWebKit/537.36 (KHTML, like Gecko) Chrome/97.0.4692.99 Safari/537.36', 1, 0, '2022-10-29 14:30:18');
INSERT INTO `sys_log_login` VALUES (71, 'admin', '127.0.0.1', '内网IP', 'Mozilla/5.0 (Windows NT 10.0; Win64; x64) AppleWebKit/537.36 (KHTML, like Gecko) Chrome/97.0.4692.99 Safari/537.36', 0, 2, '2022-11-01 23:14:43');
INSERT INTO `sys_log_login` VALUES (72, 'admin', '127.0.0.1', '内网IP', 'Mozilla/5.0 (Windows NT 10.0; Win64; x64) AppleWebKit/537.36 (KHTML, like Gecko) Chrome/97.0.4692.99 Safari/537.36', 1, 0, '2022-11-01 23:15:01');
INSERT INTO `sys_log_login` VALUES (73, 'admin', '127.0.0.1', '内网IP', 'Mozilla/5.0 (Windows NT 10.0; Win64; x64) AppleWebKit/537.36 (KHTML, like Gecko) Chrome/97.0.4692.99 Safari/537.36', 1, 0, '2022-11-10 16:51:17');
INSERT INTO `sys_log_login` VALUES (74, 'admin', '127.0.0.1', '内网IP', 'Mozilla/5.0 (Windows NT 10.0; Win64; x64) AppleWebKit/537.36 (KHTML, like Gecko) Chrome/97.0.4692.99 Safari/537.36', 0, 2, '2022-11-11 17:38:02');
INSERT INTO `sys_log_login` VALUES (75, 'admin', '127.0.0.1', '内网IP', 'Mozilla/5.0 (Windows NT 10.0; Win64; x64) AppleWebKit/537.36 (KHTML, like Gecko) Chrome/97.0.4692.99 Safari/537.36', 1, 0, '2022-11-11 17:38:10');
INSERT INTO `sys_log_login` VALUES (76, 'admin', '127.0.0.1', '内网IP', 'Mozilla/5.0 (Windows NT 10.0; Win64; x64) AppleWebKit/537.36 (KHTML, like Gecko) Chrome/97.0.4692.99 Safari/537.36', 1, 0, '2022-11-12 21:23:47');
INSERT INTO `sys_log_login` VALUES (77, 'admin', '127.0.0.1', '内网IP', 'Mozilla/5.0 (Windows NT 10.0; Win64; x64) AppleWebKit/537.36 (KHTML, like Gecko) Chrome/97.0.4692.99 Safari/537.36', 1, 0, '2022-11-14 15:04:59');
INSERT INTO `sys_log_login` VALUES (78, 'admin', '127.0.0.1', '内网IP', 'Mozilla/5.0 (Windows NT 10.0; Win64; x64) AppleWebKit/537.36 (KHTML, like Gecko) Chrome/97.0.4692.99 Safari/537.36', 1, 0, '2022-11-16 11:15:56');
INSERT INTO `sys_log_login` VALUES (79, 'admin', '127.0.0.1', '内网IP', 'Mozilla/5.0 (Windows NT 10.0; Win64; x64) AppleWebKit/537.36 (KHTML, like Gecko) Chrome/97.0.4692.99 Safari/537.36', 1, 1, '2022-11-16 11:53:52');
INSERT INTO `sys_log_login` VALUES (80, 'admin', '127.0.0.1', '内网IP', 'Mozilla/5.0 (Windows NT 10.0; Win64; x64) AppleWebKit/537.36 (KHTML, like Gecko) Chrome/97.0.4692.99 Safari/537.36', 0, 2, '2022-11-16 11:54:04');
INSERT INTO `sys_log_login` VALUES (81, 'admin', '127.0.0.1', '内网IP', 'Mozilla/5.0 (Windows NT 10.0; Win64; x64) AppleWebKit/537.36 (KHTML, like Gecko) Chrome/97.0.4692.99 Safari/537.36', 1, 0, '2022-11-16 11:54:12');
INSERT INTO `sys_log_login` VALUES (82, 'admin', '127.0.0.1', '内网IP', 'Mozilla/5.0 (Windows NT 10.0; Win64; x64) AppleWebKit/537.36 (KHTML, like Gecko) Chrome/97.0.4692.99 Safari/537.36', 1, 0, '2022-11-18 12:59:49');
INSERT INTO `sys_log_login` VALUES (83, 'admin', '127.0.0.1', '内网IP', 'Mozilla/5.0 (Windows NT 10.0; Win64; x64) AppleWebKit/537.36 (KHTML, like Gecko) Chrome/97.0.4692.99 Safari/537.36', 1, 1, '2022-11-18 14:27:20');
INSERT INTO `sys_log_login` VALUES (84, 'admin', '127.0.0.1', '内网IP', 'Mozilla/5.0 (Windows NT 10.0; Win64; x64) AppleWebKit/537.36 (KHTML, like Gecko) Chrome/97.0.4692.99 Safari/537.36', 1, 0, '2022-11-18 14:27:31');
INSERT INTO `sys_log_login` VALUES (85, 'admin', '127.0.0.1', '内网IP', 'Mozilla/5.0 (Windows NT 10.0; Win64; x64) AppleWebKit/537.36 (KHTML, like Gecko) Chrome/97.0.4692.99 Safari/537.36', 1, 0, '2022-11-21 09:21:12');
INSERT INTO `sys_log_login` VALUES (86, 'admin', '127.0.0.1', '内网IP', 'Mozilla/5.0 (Windows NT 10.0; Win64; x64) AppleWebKit/537.36 (KHTML, like Gecko) Chrome/97.0.4692.99 Safari/537.36', 0, 2, '2022-11-22 10:36:54');
INSERT INTO `sys_log_login` VALUES (87, 'admin', '127.0.0.1', '内网IP', 'Mozilla/5.0 (Windows NT 10.0; Win64; x64) AppleWebKit/537.36 (KHTML, like Gecko) Chrome/97.0.4692.99 Safari/537.36', 0, 2, '2022-11-22 10:36:50');
INSERT INTO `sys_log_login` VALUES (88, 'admin', '127.0.0.1', '内网IP', 'Mozilla/5.0 (Windows NT 10.0; Win64; x64) AppleWebKit/537.36 (KHTML, like Gecko) Chrome/97.0.4692.99 Safari/537.36', 1, 0, '2022-11-22 10:37:04');
INSERT INTO `sys_log_login` VALUES (89, 'admin', '127.0.0.1', '内网IP', 'Mozilla/5.0 (Windows NT 10.0; Win64; x64) AppleWebKit/537.36 (KHTML, like Gecko) Chrome/97.0.4692.99 Safari/537.36', 0, 2, '2022-11-23 10:40:40');
INSERT INTO `sys_log_login` VALUES (90, 'admin', '127.0.0.1', '内网IP', 'Mozilla/5.0 (Windows NT 10.0; Win64; x64) AppleWebKit/537.36 (KHTML, like Gecko) Chrome/97.0.4692.99 Safari/537.36', 1, 0, '2022-11-23 10:40:49');
INSERT INTO `sys_log_login` VALUES (91, 'admin', '127.0.0.1', '内网IP', 'Mozilla/5.0 (Windows NT 10.0; Win64; x64) AppleWebKit/537.36 (KHTML, like Gecko) Chrome/97.0.4692.99 Safari/537.36', 1, 0, '2022-11-24 10:43:19');
INSERT INTO `sys_log_login` VALUES (92, 'admin', '127.0.0.1', '内网IP', 'Mozilla/5.0 (Windows NT 10.0; Win64; x64) AppleWebKit/537.36 (KHTML, like Gecko) Chrome/97.0.4692.99 Safari/537.36', 1, 0, '2022-11-25 11:40:20');
INSERT INTO `sys_log_login` VALUES (93, 'admin', '127.0.0.1', '内网IP', 'Mozilla/5.0 (Windows NT 10.0; Win64; x64) AppleWebKit/537.36 (KHTML, like Gecko) Chrome/97.0.4692.99 Safari/537.36', 1, 1, '2022-11-25 21:46:41');
INSERT INTO `sys_log_login` VALUES (94, '测试用户', '127.0.0.1', '内网IP', 'Mozilla/5.0 (Windows NT 10.0; Win64; x64) AppleWebKit/537.36 (KHTML, like Gecko) Chrome/97.0.4692.99 Safari/537.36', 1, 0, '2022-11-25 21:47:14');
INSERT INTO `sys_log_login` VALUES (95, '测试用户', '127.0.0.1', '内网IP', 'Mozilla/5.0 (Windows NT 10.0; Win64; x64) AppleWebKit/537.36 (KHTML, like Gecko) Chrome/97.0.4692.99 Safari/537.36', 1, 1, '2022-11-25 22:03:34');
INSERT INTO `sys_log_login` VALUES (96, '测试用户', '127.0.0.1', '内网IP', 'Mozilla/5.0 (Windows NT 10.0; Win64; x64) AppleWebKit/537.36 (KHTML, like Gecko) Chrome/97.0.4692.99 Safari/537.36', 1, 0, '2022-11-25 22:03:44');
INSERT INTO `sys_log_login` VALUES (97, '测试用户', '127.0.0.1', '内网IP', 'Mozilla/5.0 (Windows NT 10.0; Win64; x64) AppleWebKit/537.36 (KHTML, like Gecko) Chrome/97.0.4692.99 Safari/537.36', 1, 1, '2022-11-25 23:20:46');
INSERT INTO `sys_log_login` VALUES (98, 'admin', '127.0.0.1', '内网IP', 'Mozilla/5.0 (Windows NT 10.0; Win64; x64) AppleWebKit/537.36 (KHTML, like Gecko) Chrome/97.0.4692.99 Safari/537.36', 1, 0, '2022-11-25 23:20:53');
INSERT INTO `sys_log_login` VALUES (99, 'admin', '127.0.0.1', '内网IP', 'Mozilla/5.0 (Windows NT 10.0; Win64; x64) AppleWebKit/537.36 (KHTML, like Gecko) Chrome/97.0.4692.99 Safari/537.36', 0, 2, '2022-11-25 23:25:09');
INSERT INTO `sys_log_login` VALUES (100, 'admin', '127.0.0.1', '内网IP', 'Mozilla/5.0 (Windows NT 10.0; Win64; x64) AppleWebKit/537.36 (KHTML, like Gecko) Chrome/97.0.4692.99 Safari/537.36', 1, 0, '2022-11-25 23:25:16');
INSERT INTO `sys_log_login` VALUES (101, 'admin', '127.0.0.1', '内网IP', 'Mozilla/5.0 (Windows NT 10.0; Win64; x64) AppleWebKit/537.36 (KHTML, like Gecko) Chrome/97.0.4692.99 Safari/537.36', 1, 0, '2022-11-25 23:35:55');
INSERT INTO `sys_log_login` VALUES (102, 'admin', '127.0.0.1', '内网IP', 'Mozilla/5.0 (Windows NT 10.0; Win64; x64) AppleWebKit/537.36 (KHTML, like Gecko) Chrome/97.0.4692.99 Safari/537.36', 1, 1, '2022-11-25 23:37:24');
INSERT INTO `sys_log_login` VALUES (103, '测试用户', '127.0.0.1', '内网IP', 'Mozilla/5.0 (Windows NT 10.0; Win64; x64) AppleWebKit/537.36 (KHTML, like Gecko) Chrome/97.0.4692.99 Safari/537.36', 1, 0, '2022-11-25 23:37:33');
INSERT INTO `sys_log_login` VALUES (104, '测试用户', '127.0.0.1', '内网IP', 'Mozilla/5.0 (Windows NT 10.0; Win64; x64) AppleWebKit/537.36 (KHTML, like Gecko) Chrome/97.0.4692.99 Safari/537.36', 1, 1, '2022-11-25 23:38:27');
INSERT INTO `sys_log_login` VALUES (105, 'admin', '127.0.0.1', '内网IP', 'Mozilla/5.0 (Windows NT 10.0; Win64; x64) AppleWebKit/537.36 (KHTML, like Gecko) Chrome/97.0.4692.99 Safari/537.36', 1, 0, '2022-11-25 23:43:47');
INSERT INTO `sys_log_login` VALUES (106, 'admin', '127.0.0.1', '内网IP', 'Mozilla/5.0 (Windows NT 10.0; Win64; x64) AppleWebKit/537.36 (KHTML, like Gecko) Chrome/97.0.4692.99 Safari/537.36', 1, 1, '2022-11-26 00:03:39');
INSERT INTO `sys_log_login` VALUES (107, 'admin', '127.0.0.1', '内网IP', 'Mozilla/5.0 (Windows NT 10.0; Win64; x64) AppleWebKit/537.36 (KHTML, like Gecko) Chrome/97.0.4692.99 Safari/537.36', 1, 0, '2022-11-26 00:03:51');
INSERT INTO `sys_log_login` VALUES (108, 'admin', '127.0.0.1', '内网IP', 'Mozilla/5.0 (Windows NT 10.0; Win64; x64) AppleWebKit/537.36 (KHTML, like Gecko) Chrome/97.0.4692.99 Safari/537.36', 1, 1, '2022-11-26 12:03:03');
INSERT INTO `sys_log_login` VALUES (109, '测试用户', '127.0.0.1', '内网IP', 'Mozilla/5.0 (Windows NT 10.0; Win64; x64) AppleWebKit/537.36 (KHTML, like Gecko) Chrome/97.0.4692.99 Safari/537.36', 1, 0, '2022-11-26 12:03:17');
INSERT INTO `sys_log_login` VALUES (110, '测试用户', '127.0.0.1', '内网IP', 'Mozilla/5.0 (Windows NT 10.0; Win64; x64) AppleWebKit/537.36 (KHTML, like Gecko) Chrome/97.0.4692.99 Safari/537.36', 1, 1, '2022-11-26 12:05:30');
INSERT INTO `sys_log_login` VALUES (111, 'admin', '127.0.0.1', '内网IP', 'Mozilla/5.0 (Windows NT 10.0; Win64; x64) AppleWebKit/537.36 (KHTML, like Gecko) Chrome/97.0.4692.99 Safari/537.36', 1, 0, '2022-11-26 12:05:47');
INSERT INTO `sys_log_login` VALUES (112, 'admin', '127.0.0.1', '内网IP', 'Mozilla/5.0 (Windows NT 10.0; Win64; x64) AppleWebKit/537.36 (KHTML, like Gecko) Chrome/97.0.4692.99 Safari/537.36', 1, 1, '2022-11-26 12:10:04');
INSERT INTO `sys_log_login` VALUES (113, '测试用户', '127.0.0.1', '内网IP', 'Mozilla/5.0 (Windows NT 10.0; Win64; x64) AppleWebKit/537.36 (KHTML, like Gecko) Chrome/97.0.4692.99 Safari/537.36', 1, 0, '2022-11-26 12:10:15');
INSERT INTO `sys_log_login` VALUES (114, '测试用户', '127.0.0.1', '内网IP', 'Mozilla/5.0 (Windows NT 10.0; Win64; x64) AppleWebKit/537.36 (KHTML, like Gecko) Chrome/97.0.4692.99 Safari/537.36', 1, 1, '2022-11-26 16:35:40');
INSERT INTO `sys_log_login` VALUES (115, 'admin', '127.0.0.1', '内网IP', 'Mozilla/5.0 (Windows NT 10.0; Win64; x64) AppleWebKit/537.36 (KHTML, like Gecko) Chrome/97.0.4692.99 Safari/537.36', 1, 0, '2022-11-26 16:35:50');
INSERT INTO `sys_log_login` VALUES (116, 'admin', '127.0.0.1', '内网IP', 'Mozilla/5.0 (Windows NT 10.0; Win64; x64) AppleWebKit/537.36 (KHTML, like Gecko) Chrome/97.0.4692.99 Safari/537.36', 0, 2, '2022-11-27 18:38:34');
INSERT INTO `sys_log_login` VALUES (117, 'admin', '127.0.0.1', '内网IP', 'Mozilla/5.0 (Windows NT 10.0; Win64; x64) AppleWebKit/537.36 (KHTML, like Gecko) Chrome/97.0.4692.99 Safari/537.36', 0, 2, '2022-11-27 18:38:49');
INSERT INTO `sys_log_login` VALUES (118, 'admin', '127.0.0.1', '内网IP', 'Mozilla/5.0 (Windows NT 10.0; Win64; x64) AppleWebKit/537.36 (KHTML, like Gecko) Chrome/97.0.4692.99 Safari/537.36', 1, 0, '2022-11-27 18:38:55');
INSERT INTO `sys_log_login` VALUES (119, 'admin', '127.0.0.1', '内网IP', 'Mozilla/5.0 (Windows NT 10.0; Win64; x64) AppleWebKit/537.36 (KHTML, like Gecko) Chrome/97.0.4692.99 Safari/537.36', 1, 1, '2022-11-28 15:34:17');
INSERT INTO `sys_log_login` VALUES (120, 'admin', '127.0.0.1', '内网IP', 'Mozilla/5.0 (Windows NT 10.0; Win64; x64) AppleWebKit/537.36 (KHTML, like Gecko) Chrome/97.0.4692.99 Safari/537.36', 1, 0, '2022-11-28 15:34:39');
INSERT INTO `sys_log_login` VALUES (121, 'admin', '127.0.0.1', '内网IP', 'Mozilla/5.0 (Windows NT 10.0; Win64; x64) AppleWebKit/537.36 (KHTML, like Gecko) Chrome/97.0.4692.99 Safari/537.36', 1, 0, '2022-11-29 15:40:57');
INSERT INTO `sys_log_login` VALUES (122, 'admin', '127.0.0.1', '内网IP', 'Mozilla/5.0 (Windows NT 10.0; Win64; x64) AppleWebKit/537.36 (KHTML, like Gecko) Chrome/97.0.4692.99 Safari/537.36', 0, 2, '2022-11-30 16:10:59');
INSERT INTO `sys_log_login` VALUES (123, 'admin', '127.0.0.1', '内网IP', 'Mozilla/5.0 (Windows NT 10.0; Win64; x64) AppleWebKit/537.36 (KHTML, like Gecko) Chrome/97.0.4692.99 Safari/537.36', 0, 2, '2022-11-30 16:11:15');
INSERT INTO `sys_log_login` VALUES (124, 'admin', '127.0.0.1', '内网IP', 'Mozilla/5.0 (Windows NT 10.0; Win64; x64) AppleWebKit/537.36 (KHTML, like Gecko) Chrome/97.0.4692.99 Safari/537.36', 0, 2, '2022-11-30 16:11:19');
INSERT INTO `sys_log_login` VALUES (125, 'admin', '127.0.0.1', '内网IP', 'Mozilla/5.0 (Windows NT 10.0; Win64; x64) AppleWebKit/537.36 (KHTML, like Gecko) Chrome/97.0.4692.99 Safari/537.36', 1, 0, '2022-11-30 16:11:26');
INSERT INTO `sys_log_login` VALUES (126, 'admin', '127.0.0.1', '内网IP', 'Mozilla/5.0 (Windows NT 10.0; Win64; x64) AppleWebKit/537.36 (KHTML, like Gecko) Chrome/97.0.4692.99 Safari/537.36', 1, 0, '2022-12-01 16:15:28');
INSERT INTO `sys_log_login` VALUES (127, 'admin', '127.0.0.1', '内网IP', 'Mozilla/5.0 (Windows NT 10.0; Win64; x64) AppleWebKit/537.36 (KHTML, like Gecko) Chrome/97.0.4692.99 Safari/537.36', 1, 0, '2022-12-03 11:13:35');
INSERT INTO `sys_log_login` VALUES (128, 'admin', '127.0.0.1', '内网IP', 'Mozilla/5.0 (Windows NT 10.0; Win64; x64) AppleWebKit/537.36 (KHTML, like Gecko) Chrome/97.0.4692.99 Safari/537.36', 1, 1, '2022-12-03 11:25:18');
INSERT INTO `sys_log_login` VALUES (129, 'admin', '127.0.0.1', '内网IP', 'Mozilla/5.0 (Windows NT 10.0; Win64; x64) AppleWebKit/537.36 (KHTML, like Gecko) Chrome/97.0.4692.99 Safari/537.36', 1, 0, '2022-12-03 11:25:28');
INSERT INTO `sys_log_login` VALUES (130, 'admin', '127.0.0.1', '内网IP', 'Mozilla/5.0 (Windows NT 10.0; Win64; x64) AppleWebKit/537.36 (KHTML, like Gecko) Chrome/97.0.4692.99 Safari/537.36', 1, 0, '2022-12-04 11:25:38');
INSERT INTO `sys_log_login` VALUES (131, 'admin', '127.0.0.1', '内网IP', 'Mozilla/5.0 (Windows NT 10.0; Win64; x64) AppleWebKit/537.36 (KHTML, like Gecko) Chrome/97.0.4692.99 Safari/537.36', 1, 0, '2022-12-05 16:40:26');
INSERT INTO `sys_log_login` VALUES (132, 'admin', '127.0.0.1', '内网IP', 'Mozilla/5.0 (Windows NT 10.0; Win64; x64) AppleWebKit/537.36 (KHTML, like Gecko) Chrome/97.0.4692.99 Safari/537.36', 1, 0, '2022-12-06 17:23:45');
INSERT INTO `sys_log_login` VALUES (133, 'admin', '127.0.0.1', '内网IP', 'Mozilla/5.0 (Windows NT 10.0; Win64; x64) AppleWebKit/537.36 (KHTML, like Gecko) Chrome/97.0.4692.99 Safari/537.36', 1, 1, '2022-12-07 09:26:16');
INSERT INTO `sys_log_login` VALUES (134, 'admin', '127.0.0.1', '内网IP', 'Mozilla/5.0 (Windows NT 10.0; Win64; x64) AppleWebKit/537.36 (KHTML, like Gecko) Chrome/97.0.4692.99 Safari/537.36', 1, 0, '2022-12-07 09:26:26');
INSERT INTO `sys_log_login` VALUES (135, 'admin', '127.0.0.1', '内网IP', 'Mozilla/5.0 (Windows NT 10.0; Win64; x64) AppleWebKit/537.36 (KHTML, like Gecko) Chrome/97.0.4692.99 Safari/537.36', 1, 0, '2022-12-08 13:01:55');
INSERT INTO `sys_log_login` VALUES (136, 'admin', '127.0.0.1', '内网IP', 'Mozilla/5.0 (Windows NT 10.0; Win64; x64) AppleWebKit/537.36 (KHTML, like Gecko) Chrome/97.0.4692.99 Safari/537.36', 0, 2, '2022-12-09 15:45:04');
INSERT INTO `sys_log_login` VALUES (137, 'admin', '127.0.0.1', '内网IP', 'Mozilla/5.0 (Windows NT 10.0; Win64; x64) AppleWebKit/537.36 (KHTML, like Gecko) Chrome/97.0.4692.99 Safari/537.36', 0, 2, '2022-12-09 15:45:11');
INSERT INTO `sys_log_login` VALUES (138, 'admin', '127.0.0.1', '内网IP', 'Mozilla/5.0 (Windows NT 10.0; Win64; x64) AppleWebKit/537.36 (KHTML, like Gecko) Chrome/97.0.4692.99 Safari/537.36', 1, 0, '2022-12-09 15:45:12');
INSERT INTO `sys_log_login` VALUES (139, 'admin', '127.0.0.1', '内网IP', 'Mozilla/5.0 (Windows NT 10.0; Win64; x64) AppleWebKit/537.36 (KHTML, like Gecko) Chrome/97.0.4692.99 Safari/537.36', 1, 0, '2022-12-10 18:19:41');
INSERT INTO `sys_log_login` VALUES (140, 'admin', '127.0.0.1', '内网IP', 'Mozilla/5.0 (Windows NT 10.0; Win64; x64) AppleWebKit/537.36 (KHTML, like Gecko) Chrome/97.0.4692.99 Safari/537.36', 1, 0, '2022-12-14 12:13:21');
INSERT INTO `sys_log_login` VALUES (141, 'admin', '127.0.0.1', '内网IP', 'Mozilla/5.0 (Windows NT 10.0; Win64; x64) AppleWebKit/537.36 (KHTML, like Gecko) Chrome/97.0.4692.99 Safari/537.36', 1, 0, '2022-12-15 16:15:03');
INSERT INTO `sys_log_login` VALUES (142, 'admin', '127.0.0.1', '内网IP', 'Mozilla/5.0 (Windows NT 10.0; Win64; x64) AppleWebKit/537.36 (KHTML, like Gecko) Chrome/97.0.4692.99 Safari/537.36', 1, 0, '2022-12-19 10:29:52');
INSERT INTO `sys_log_login` VALUES (143, 'admin', '127.0.0.1', '内网IP', 'Mozilla/5.0 (Windows NT 10.0; Win64; x64) AppleWebKit/537.36 (KHTML, like Gecko) Chrome/97.0.4692.99 Safari/537.36', 1, 0, '2022-12-20 16:14:50');
INSERT INTO `sys_log_login` VALUES (144, 'admin', '127.0.0.1', '内网IP', 'Mozilla/5.0 (Windows NT 10.0; Win64; x64) AppleWebKit/537.36 (KHTML, like Gecko) Chrome/97.0.4692.99 Safari/537.36', 1, 0, '2022-12-21 16:15:22');
INSERT INTO `sys_log_login` VALUES (145, 'admin', '127.0.0.1', '内网IP', 'Mozilla/5.0 (Windows NT 10.0; Win64; x64) AppleWebKit/537.36 (KHTML, like Gecko) Chrome/97.0.4692.99 Safari/537.36', 1, 1, '2022-12-21 20:44:20');
INSERT INTO `sys_log_login` VALUES (146, 'admin', '127.0.0.1', '内网IP', 'Mozilla/5.0 (Windows NT 10.0; Win64; x64) AppleWebKit/537.36 (KHTML, like Gecko) Chrome/97.0.4692.99 Safari/537.36', 0, 2, '2022-12-22 09:29:02');
INSERT INTO `sys_log_login` VALUES (147, 'admin', '127.0.0.1', '内网IP', 'Mozilla/5.0 (Windows NT 10.0; Win64; x64) AppleWebKit/537.36 (KHTML, like Gecko) Chrome/97.0.4692.99 Safari/537.36', 1, 0, '2022-12-22 09:29:10');
INSERT INTO `sys_log_login` VALUES (148, 'admin', '127.0.0.1', '内网IP', 'Mozilla/5.0 (Windows NT 10.0; Win64; x64) AppleWebKit/537.36 (KHTML, like Gecko) Chrome/97.0.4692.99 Safari/537.36', 1, 0, '2022-12-23 11:11:15');
INSERT INTO `sys_log_login` VALUES (149, 'admin', '127.0.0.1', '内网IP', 'Mozilla/5.0 (Windows NT 10.0; Win64; x64) AppleWebKit/537.36 (KHTML, like Gecko) Chrome/97.0.4692.99 Safari/537.36', 1, 0, '2022-12-24 16:18:17');
INSERT INTO `sys_log_login` VALUES (150, 'admin', '192.168.40.1', '内网IP', 'Mozilla/5.0 (Windows NT 10.0; Win64; x64) AppleWebKit/537.36 (KHTML, like Gecko) Chrome/97.0.4692.99 Safari/537.36', 0, 2, '2022-12-25 04:02:09');
INSERT INTO `sys_log_login` VALUES (151, 'admin', '192.168.40.1', '内网IP', 'Mozilla/5.0 (Windows NT 10.0; Win64; x64) AppleWebKit/537.36 (KHTML, like Gecko) Chrome/97.0.4692.99 Safari/537.36', 1, 0, '2022-12-25 04:02:29');
INSERT INTO `sys_log_login` VALUES (152, 'admin', '127.0.0.1', '内网IP', 'Mozilla/5.0 (Windows NT 10.0; Win64; x64) AppleWebKit/537.36 (KHTML, like Gecko) Chrome/97.0.4692.99 Safari/537.36', 1, 1, '2022-12-25 16:53:04');
INSERT INTO `sys_log_login` VALUES (153, 'admin', '127.0.0.1', '内网IP', 'Mozilla/5.0 (Windows NT 10.0; Win64; x64) AppleWebKit/537.36 (KHTML, like Gecko) Chrome/97.0.4692.99 Safari/537.36', 1, 0, '2022-12-25 16:53:14');
INSERT INTO `sys_log_login` VALUES (154, 'admin', '127.0.0.1', '内网IP', 'Mozilla/5.0 (Windows NT 10.0; Win64; x64) AppleWebKit/537.36 (KHTML, like Gecko) Chrome/97.0.4692.99 Safari/537.36', 1, 0, '2022-12-27 12:46:14');
INSERT INTO `sys_log_login` VALUES (155, 'admin', '127.0.0.1', '内网IP', 'Mozilla/5.0 (Windows NT 10.0; Win64; x64) AppleWebKit/537.36 (KHTML, like Gecko) Chrome/97.0.4692.99 Safari/537.36', 1, 0, '2022-12-28 17:01:30');
INSERT INTO `sys_log_login` VALUES (156, 'admin', '127.0.0.1', '内网IP', 'Mozilla/5.0 (Windows NT 10.0; Win64; x64) AppleWebKit/537.36 (KHTML, like Gecko) Chrome/97.0.4692.99 Safari/537.36', 0, 2, '2022-12-28 17:01:49');
INSERT INTO `sys_log_login` VALUES (157, 'admin', '127.0.0.1', '内网IP', 'Mozilla/5.0 (Windows NT 10.0; Win64; x64) AppleWebKit/537.36 (KHTML, like Gecko) Chrome/97.0.4692.99 Safari/537.36', 1, 0, '2022-12-28 17:01:55');
INSERT INTO `sys_log_login` VALUES (158, 'admin', '127.0.0.1', '内网IP', 'Mozilla/5.0 (Windows NT 10.0; Win64; x64) AppleWebKit/537.36 (KHTML, like Gecko) Chrome/97.0.4692.99 Safari/537.36', 0, 2, '2022-12-28 17:02:05');
INSERT INTO `sys_log_login` VALUES (159, 'admin', '127.0.0.1', '内网IP', 'Mozilla/5.0 (Windows NT 10.0; Win64; x64) AppleWebKit/537.36 (KHTML, like Gecko) Chrome/97.0.4692.99 Safari/537.36', 1, 0, '2022-12-28 17:02:11');
INSERT INTO `sys_log_login` VALUES (160, 'admin', '127.0.0.1', '内网IP', 'Mozilla/5.0 (Windows NT 10.0; Win64; x64) AppleWebKit/537.36 (KHTML, like Gecko) Chrome/97.0.4692.99 Safari/537.36', 1, 0, '2022-12-28 17:02:27');
INSERT INTO `sys_log_login` VALUES (161, 'admin', '127.0.0.1', '内网IP', 'Mozilla/5.0 (Windows NT 10.0; Win64; x64) AppleWebKit/537.36 (KHTML, like Gecko) Chrome/97.0.4692.99 Safari/537.36', 0, 2, '2022-12-28 17:03:28');
INSERT INTO `sys_log_login` VALUES (162, 'admin', '127.0.0.1', '内网IP', 'Mozilla/5.0 (Windows NT 10.0; Win64; x64) AppleWebKit/537.36 (KHTML, like Gecko) Chrome/97.0.4692.99 Safari/537.36', 0, 2, '2022-12-28 17:03:35');
INSERT INTO `sys_log_login` VALUES (163, 'admin', '127.0.0.1', '内网IP', 'Mozilla/5.0 (Windows NT 10.0; Win64; x64) AppleWebKit/537.36 (KHTML, like Gecko) Chrome/97.0.4692.99 Safari/537.36', 1, 0, '2022-12-28 17:03:42');
INSERT INTO `sys_log_login` VALUES (164, 'admin', '127.0.0.1', '内网IP', 'Mozilla/5.0 (Windows NT 10.0; Win64; x64) AppleWebKit/537.36 (KHTML, like Gecko) Chrome/97.0.4692.99 Safari/537.36', 1, 0, '2022-12-28 17:07:12');
INSERT INTO `sys_log_login` VALUES (165, 'admin', '127.0.0.1', '内网IP', 'Mozilla/5.0 (Windows NT 10.0; Win64; x64) AppleWebKit/537.36 (KHTML, like Gecko) Chrome/97.0.4692.99 Safari/537.36', 1, 0, '2022-12-28 17:07:40');
INSERT INTO `sys_log_login` VALUES (166, 'admin', '127.0.0.1', '内网IP', 'Mozilla/5.0 (Windows NT 10.0; Win64; x64) AppleWebKit/537.36 (KHTML, like Gecko) Chrome/97.0.4692.99 Safari/537.36', 1, 0, '2022-12-28 17:08:30');
INSERT INTO `sys_log_login` VALUES (167, 'admin', '127.0.0.1', '内网IP', 'Mozilla/5.0 (Windows NT 10.0; Win64; x64) AppleWebKit/537.36 (KHTML, like Gecko) Chrome/97.0.4692.99 Safari/537.36', 1, 0, '2022-12-28 17:08:42');
INSERT INTO `sys_log_login` VALUES (168, 'admin', '127.0.0.1', '内网IP', 'Mozilla/5.0 (Windows NT 10.0; Win64; x64) AppleWebKit/537.36 (KHTML, like Gecko) Chrome/97.0.4692.99 Safari/537.36', 1, 0, '2022-12-28 17:12:53');
INSERT INTO `sys_log_login` VALUES (169, 'admin', '127.0.0.1', '内网IP', 'Mozilla/5.0 (Windows NT 10.0; Win64; x64) AppleWebKit/537.36 (KHTML, like Gecko) Chrome/97.0.4692.99 Safari/537.36', 0, 2, '2022-12-28 17:44:39');
INSERT INTO `sys_log_login` VALUES (170, 'admin', '127.0.0.1', '内网IP', 'Mozilla/5.0 (Windows NT 10.0; Win64; x64) AppleWebKit/537.36 (KHTML, like Gecko) Chrome/97.0.4692.99 Safari/537.36', 1, 0, '2022-12-28 17:44:49');
INSERT INTO `sys_log_login` VALUES (171, 'admin', '127.0.0.1', '内网IP', 'Mozilla/5.0 (Windows NT 10.0; Win64; x64) AppleWebKit/537.36 (KHTML, like Gecko) Chrome/97.0.4692.99 Safari/537.36', 0, 2, '2022-12-30 09:53:45');
INSERT INTO `sys_log_login` VALUES (172, 'admin', '127.0.0.1', '内网IP', 'Mozilla/5.0 (Windows NT 10.0; Win64; x64) AppleWebKit/537.36 (KHTML, like Gecko) Chrome/97.0.4692.99 Safari/537.36', 0, 2, '2022-12-30 09:53:45');
INSERT INTO `sys_log_login` VALUES (173, 'admin', '127.0.0.1', '内网IP', 'Mozilla/5.0 (Windows NT 10.0; Win64; x64) AppleWebKit/537.36 (KHTML, like Gecko) Chrome/97.0.4692.99 Safari/537.36', 1, 0, '2022-12-30 09:53:52');
INSERT INTO `sys_log_login` VALUES (174, 'admin', '127.0.0.1', '内网IP', 'Mozilla/5.0 (Windows NT 10.0; Win64; x64) AppleWebKit/537.36 (KHTML, like Gecko) Chrome/97.0.4692.99 Safari/537.36', 1, 0, '2022-12-31 11:56:53');
INSERT INTO `sys_log_login` VALUES (175, 'admin', '127.0.0.1', '内网IP', 'Mozilla/5.0 (Windows NT 10.0; Win64; x64) AppleWebKit/537.36 (KHTML, like Gecko) Chrome/97.0.4692.99 Safari/537.36', 1, 0, '2023-01-01 12:18:29');
INSERT INTO `sys_log_login` VALUES (176, 'admin', '127.0.0.1', '内网IP', 'Mozilla/5.0 (Windows NT 10.0; Win64; x64) AppleWebKit/537.36 (KHTML, like Gecko) Chrome/97.0.4692.99 Safari/537.36', 1, 0, '2023-01-02 13:08:57');
INSERT INTO `sys_log_login` VALUES (177, 'admin', '127.0.0.1', '内网IP', 'Mozilla/5.0 (Windows NT 10.0; Win64; x64) AppleWebKit/537.36 (KHTML, like Gecko) Chrome/97.0.4692.99 Safari/537.36', 1, 0, '2023-01-03 20:45:34');
INSERT INTO `sys_log_login` VALUES (178, 'admin', '127.0.0.1', '内网IP', 'Mozilla/5.0 (Windows NT 10.0; Win64; x64) AppleWebKit/537.36 (KHTML, like Gecko) Chrome/97.0.4692.99 Safari/537.36', 0, 2, '2023-01-04 21:08:34');
INSERT INTO `sys_log_login` VALUES (179, 'admin', '127.0.0.1', '内网IP', 'Mozilla/5.0 (Windows NT 10.0; Win64; x64) AppleWebKit/537.36 (KHTML, like Gecko) Chrome/97.0.4692.99 Safari/537.36', 0, 2, '2023-01-04 21:08:42');
INSERT INTO `sys_log_login` VALUES (180, 'admin', '127.0.0.1', '内网IP', 'Mozilla/5.0 (Windows NT 10.0; Win64; x64) AppleWebKit/537.36 (KHTML, like Gecko) Chrome/97.0.4692.99 Safari/537.36', 1, 0, '2023-01-04 21:08:48');
INSERT INTO `sys_log_login` VALUES (181, 'admin', '127.0.0.1', '内网IP', 'Mozilla/5.0 (Windows NT 10.0; Win64; x64) AppleWebKit/537.36 (KHTML, like Gecko) Chrome/97.0.4692.99 Safari/537.36', 0, 2, '2023-01-05 21:13:59');
INSERT INTO `sys_log_login` VALUES (182, 'admin', '127.0.0.1', '内网IP', 'Mozilla/5.0 (Windows NT 10.0; Win64; x64) AppleWebKit/537.36 (KHTML, like Gecko) Chrome/97.0.4692.99 Safari/537.36', 1, 0, '2023-01-05 21:14:07');
INSERT INTO `sys_log_login` VALUES (183, 'admin', '127.0.0.1', '内网IP', 'Mozilla/5.0 (Windows NT 10.0; Win64; x64) AppleWebKit/537.36 (KHTML, like Gecko) Chrome/97.0.4692.99 Safari/537.36', 1, 0, '2023-01-07 15:55:06');
INSERT INTO `sys_log_login` VALUES (184, 'admin', '127.0.0.1', '内网IP', 'Mozilla/5.0 (Windows NT 10.0; Win64; x64) AppleWebKit/537.36 (KHTML, like Gecko) Chrome/97.0.4692.99 Safari/537.36', 0, 2, '2023-01-08 17:28:55');
INSERT INTO `sys_log_login` VALUES (185, 'admin', '127.0.0.1', '内网IP', 'Mozilla/5.0 (Windows NT 10.0; Win64; x64) AppleWebKit/537.36 (KHTML, like Gecko) Chrome/97.0.4692.99 Safari/537.36', 1, 0, '2023-01-08 17:29:22');
INSERT INTO `sys_log_login` VALUES (186, 'admin', '127.0.0.1', '内网IP', 'Mozilla/5.0 (Windows NT 10.0; Win64; x64) AppleWebKit/537.36 (KHTML, like Gecko) Chrome/97.0.4692.99 Safari/537.36', 1, 0, '2023-01-09 20:02:14');
INSERT INTO `sys_log_login` VALUES (187, 'admin', '127.0.0.1', '内网IP', 'Mozilla/5.0 (Windows NT 10.0; Win64; x64) AppleWebKit/537.36 (KHTML, like Gecko) Chrome/97.0.4692.99 Safari/537.36', 1, 0, '2023-01-10 22:21:51');
INSERT INTO `sys_log_login` VALUES (188, 'admin', '127.0.0.1', '内网IP', 'Mozilla/5.0 (Windows NT 10.0; Win64; x64) AppleWebKit/537.36 (KHTML, like Gecko) Chrome/97.0.4692.99 Safari/537.36', 0, 2, '2023-01-12 10:26:37');
INSERT INTO `sys_log_login` VALUES (189, 'admin', '127.0.0.1', '内网IP', 'Mozilla/5.0 (Windows NT 10.0; Win64; x64) AppleWebKit/537.36 (KHTML, like Gecko) Chrome/97.0.4692.99 Safari/537.36', 0, 2, '2023-01-12 10:26:47');
INSERT INTO `sys_log_login` VALUES (190, 'admin', '127.0.0.1', '内网IP', 'Mozilla/5.0 (Windows NT 10.0; Win64; x64) AppleWebKit/537.36 (KHTML, like Gecko) Chrome/97.0.4692.99 Safari/537.36', 1, 0, '2023-01-12 10:26:53');
INSERT INTO `sys_log_login` VALUES (191, 'admin', '127.0.0.1', '内网IP', 'Mozilla/5.0 (Windows NT 10.0; Win64; x64) AppleWebKit/537.36 (KHTML, like Gecko) Chrome/97.0.4692.99 Safari/537.36', 1, 0, '2023-01-13 10:28:17');
INSERT INTO `sys_log_login` VALUES (192, 'admin', '127.0.0.1', '内网IP', 'Mozilla/5.0 (Windows NT 10.0; Win64; x64) AppleWebKit/537.36 (KHTML, like Gecko) Chrome/97.0.4692.99 Safari/537.36', 1, 0, '2023-01-14 11:41:45');
INSERT INTO `sys_log_login` VALUES (193, 'admin', '127.0.0.1', '内网IP', 'Mozilla/5.0 (Windows NT 10.0; Win64; x64) AppleWebKit/537.36 (KHTML, like Gecko) Chrome/97.0.4692.99 Safari/537.36', 1, 1, '2023-01-14 19:22:05');
INSERT INTO `sys_log_login` VALUES (194, 'admin', '127.0.0.1', '内网IP', 'Mozilla/5.0 (Windows NT 10.0; Win64; x64) AppleWebKit/537.36 (KHTML, like Gecko) Chrome/97.0.4692.99 Safari/537.36', 1, 0, '2023-01-14 19:22:14');
INSERT INTO `sys_log_login` VALUES (195, 'admin', '127.0.0.1', '内网IP', 'Mozilla/5.0 (Windows NT 10.0; Win64; x64) AppleWebKit/537.36 (KHTML, like Gecko) Chrome/97.0.4692.99 Safari/537.36', 1, 0, '2023-01-15 20:52:51');
INSERT INTO `sys_log_login` VALUES (196, 'admin', '127.0.0.1', '内网IP', 'Mozilla/5.0 (Windows NT 10.0; Win64; x64) AppleWebKit/537.36 (KHTML, like Gecko) Chrome/97.0.4692.99 Safari/537.36', 1, 0, '2023-01-17 16:29:17');
INSERT INTO `sys_log_login` VALUES (197, 'admin', '127.0.0.1', '内网IP', 'Mozilla/5.0 (Windows NT 10.0; Win64; x64) AppleWebKit/537.36 (KHTML, like Gecko) Chrome/97.0.4692.99 Safari/537.36', 1, 1, '2023-01-17 17:06:30');
INSERT INTO `sys_log_login` VALUES (198, 'admin', '127.0.0.1', '内网IP', 'Mozilla/5.0 (Windows NT 10.0; Win64; x64) AppleWebKit/537.36 (KHTML, like Gecko) Chrome/97.0.4692.99 Safari/537.36', 1, 0, '2023-01-17 17:06:41');
INSERT INTO `sys_log_login` VALUES (199, 'admin', '127.0.0.1', '内网IP', 'Mozilla/5.0 (Windows NT 10.0; Win64; x64) AppleWebKit/537.36 (KHTML, like Gecko) Chrome/97.0.4692.99 Safari/537.36', 1, 1, '2023-01-18 16:00:40');
INSERT INTO `sys_log_login` VALUES (200, 'admin', '127.0.0.1', '内网IP', 'Mozilla/5.0 (Windows NT 10.0; Win64; x64) AppleWebKit/537.36 (KHTML, like Gecko) Chrome/97.0.4692.99 Safari/537.36', 0, 2, '2023-01-18 16:04:57');
INSERT INTO `sys_log_login` VALUES (201, 'admin', '127.0.0.1', '内网IP', 'Mozilla/5.0 (Windows NT 10.0; Win64; x64) AppleWebKit/537.36 (KHTML, like Gecko) Chrome/97.0.4692.99 Safari/537.36', 1, 0, '2023-01-18 16:05:04');
INSERT INTO `sys_log_login` VALUES (202, 'admin', '127.0.0.1', '内网IP', 'Mozilla/5.0 (Windows NT 10.0; Win64; x64) AppleWebKit/537.36 (KHTML, like Gecko) Chrome/97.0.4692.99 Safari/537.36', 1, 0, '2023-01-19 16:50:06');
INSERT INTO `sys_log_login` VALUES (203, 'admin', '127.0.0.1', '内网IP', 'Mozilla/5.0 (Windows NT 10.0; Win64; x64) AppleWebKit/537.36 (KHTML, like Gecko) Chrome/97.0.4692.99 Safari/537.36', 1, 1, '2023-01-19 21:47:25');
INSERT INTO `sys_log_login` VALUES (204, 'admin', '127.0.0.1', '内网IP', 'Mozilla/5.0 (Windows NT 10.0; Win64; x64) AppleWebKit/537.36 (KHTML, like Gecko) Chrome/97.0.4692.99 Safari/537.36', 1, 0, '2023-01-19 21:47:36');
INSERT INTO `sys_log_login` VALUES (205, 'admin', '127.0.0.1', '内网IP', 'Mozilla/5.0 (Windows NT 10.0; Win64; x64) AppleWebKit/537.36 (KHTML, like Gecko) Chrome/97.0.4692.99 Safari/537.36', 1, 0, '2023-01-20 22:07:37');
INSERT INTO `sys_log_login` VALUES (206, 'admin', '127.0.0.1', '内网IP', 'Mozilla/5.0 (Windows NT 10.0; Win64; x64) AppleWebKit/537.36 (KHTML, like Gecko) Chrome/97.0.4692.99 Safari/537.36', 1, 0, '2023-01-21 14:19:09');
INSERT INTO `sys_log_login` VALUES (207, 'admin', '127.0.0.1', '内网IP', 'Mozilla/5.0 (Windows NT 10.0; Win64; x64) AppleWebKit/537.36 (KHTML, like Gecko) Chrome/97.0.4692.99 Safari/537.36', 0, 2, '2023-01-22 15:47:10');
INSERT INTO `sys_log_login` VALUES (208, 'admin', '127.0.0.1', '内网IP', 'Mozilla/5.0 (Windows NT 10.0; Win64; x64) AppleWebKit/537.36 (KHTML, like Gecko) Chrome/97.0.4692.99 Safari/537.36', 0, 2, '2023-01-22 15:47:15');
INSERT INTO `sys_log_login` VALUES (209, 'admin', '127.0.0.1', '内网IP', 'Mozilla/5.0 (Windows NT 10.0; Win64; x64) AppleWebKit/537.36 (KHTML, like Gecko) Chrome/97.0.4692.99 Safari/537.36', 1, 0, '2023-01-22 15:47:20');
INSERT INTO `sys_log_login` VALUES (210, 'admin', '127.0.0.1', '内网IP', 'Mozilla/5.0 (Windows NT 10.0; Win64; x64) AppleWebKit/537.36 (KHTML, like Gecko) Chrome/97.0.4692.99 Safari/537.36', 0, 2, '2023-01-22 16:01:06');
INSERT INTO `sys_log_login` VALUES (211, 'admin', '127.0.0.1', '内网IP', 'Mozilla/5.0 (Windows NT 10.0; Win64; x64) AppleWebKit/537.36 (KHTML, like Gecko) Chrome/97.0.4692.99 Safari/537.36', 1, 0, '2023-01-22 16:01:13');
INSERT INTO `sys_log_login` VALUES (212, 'admin', '127.0.0.1', '内网IP', 'Mozilla/5.0 (Windows NT 10.0; Win64; x64) AppleWebKit/537.36 (KHTML, like Gecko) Chrome/97.0.4692.99 Safari/537.36', 1, 1, '2023-01-22 20:35:22');
INSERT INTO `sys_log_login` VALUES (213, 'admin', '127.0.0.1', '内网IP', 'Mozilla/5.0 (Windows NT 10.0; Win64; x64) AppleWebKit/537.36 (KHTML, like Gecko) Chrome/97.0.4692.99 Safari/537.36', 1, 0, '2023-01-22 20:37:34');

-- ----------------------------
-- Table structure for sys_menu
-- ----------------------------
DROP TABLE IF EXISTS `sys_menu`;
CREATE TABLE `sys_menu`  (
  `id` bigint(20) NOT NULL AUTO_INCREMENT COMMENT 'id',
  `pid` bigint(20) NULL DEFAULT NULL COMMENT '上级ID，一级菜单为0',
  `name` varchar(200) CHARACTER SET utf8mb4 COLLATE utf8mb4_0900_ai_ci NULL DEFAULT NULL COMMENT '菜单名称',
  `url` varchar(200) CHARACTER SET utf8mb4 COLLATE utf8mb4_0900_ai_ci NULL DEFAULT NULL COMMENT '菜单URL',
  `authority` varchar(500) CHARACTER SET utf8mb4 COLLATE utf8mb4_0900_ai_ci NULL DEFAULT NULL COMMENT '授权标识(多个用逗号分隔，如：sys:menu:list,sys:menu:save)',
  `type` tinyint(4) NULL DEFAULT NULL COMMENT '类型   0：菜单   1：按钮   2：接口',
  `open_style` tinyint(4) NULL DEFAULT NULL COMMENT '打开方式   0：内部   1：外部',
  `icon` varchar(50) CHARACTER SET utf8mb4 COLLATE utf8mb4_0900_ai_ci NULL DEFAULT NULL COMMENT '菜单图标',
  `sort` int(11) NULL DEFAULT NULL COMMENT '排序',
  `version` int(11) NULL DEFAULT NULL COMMENT '版本号',
  `deleted` tinyint(4) NULL DEFAULT NULL COMMENT '删除标识  0：正常   1：已删除',
  `creator` bigint(20) NULL DEFAULT NULL COMMENT '创建者',
  `create_time` datetime(0) NULL DEFAULT NULL COMMENT '创建时间',
  `updater` bigint(20) NULL DEFAULT NULL COMMENT '更新者',
  `update_time` datetime(0) NULL DEFAULT NULL COMMENT '更新时间',
  PRIMARY KEY (`id`) USING BTREE,
  INDEX `idx_pid`(`pid`) USING BTREE
) ENGINE = InnoDB AUTO_INCREMENT = 149 CHARACTER SET = utf8mb4 COLLATE = utf8mb4_0900_ai_ci COMMENT = '菜单管理' ROW_FORMAT = Dynamic;

-- ----------------------------
-- Records of sys_menu
-- ----------------------------
INSERT INTO `sys_menu` VALUES (1, 0, '系统管理', NULL, NULL, 0, 0, 'icon-setting', 21, 0, 0, 10000, '2022-09-27 11:01:26', 10000, '2023-01-12 10:28:59');
INSERT INTO `sys_menu` VALUES (2, 1, '菜单管理', 'sys/menu/index', NULL, 0, 0, 'icon-menu', 0, 0, 0, 10000, '2022-09-27 11:01:26', 10000, '2022-09-27 11:01:26');
INSERT INTO `sys_menu` VALUES (3, 2, '查看', '', 'sys:menu:list', 1, 0, '', 0, 0, 0, 10000, '2022-09-27 11:01:26', 10000, '2022-09-27 11:01:26');
INSERT INTO `sys_menu` VALUES (4, 2, '新增', '', 'sys:menu:save', 1, 0, '', 1, 0, 0, 10000, '2022-09-27 11:01:26', 10000, '2022-09-27 11:01:26');
INSERT INTO `sys_menu` VALUES (5, 2, '修改', '', 'sys:menu:update,sys:menu:info', 1, 0, '', 2, 0, 0, 10000, '2022-09-27 11:01:26', 10000, '2022-09-27 11:01:26');
INSERT INTO `sys_menu` VALUES (6, 2, '删除', '', 'sys:menu:delete', 1, 0, '', 3, 0, 0, 10000, '2022-09-27 11:01:26', 10000, '2022-09-27 11:01:26');
INSERT INTO `sys_menu` VALUES (7, 1, '数据字典', 'sys/dict/type', '', 0, 0, 'icon-insertrowabove', 1, 0, 0, 10000, '2022-09-27 11:01:26', 10000, '2022-09-27 11:01:26');
INSERT INTO `sys_menu` VALUES (8, 7, '查询', '', 'sys:dict:page', 1, 0, '', 0, 0, 0, 10000, '2022-09-27 11:01:26', 10000, '2022-09-27 11:01:26');
INSERT INTO `sys_menu` VALUES (9, 7, '新增', '', 'sys:dict:save', 1, 0, '', 2, 0, 0, 10000, '2022-09-27 11:01:26', 10000, '2022-09-27 11:01:26');
INSERT INTO `sys_menu` VALUES (10, 7, '修改', '', 'sys:dict:update,sys:dict:info', 1, 0, '', 1, 0, 0, 10000, '2022-09-27 11:01:26', 10000, '2022-09-27 11:01:26');
INSERT INTO `sys_menu` VALUES (11, 7, '删除', '', 'sys:dict:delete', 1, 0, '', 3, 0, 0, 10000, '2022-09-27 11:01:26', 10000, '2022-09-27 11:01:26');
INSERT INTO `sys_menu` VALUES (13, 1, '岗位管理', 'sys/post/index', '', 0, 0, 'icon-solution', 2, 0, 0, 10000, '2022-09-27 11:01:26', 10000, '2022-09-27 11:06:32');
INSERT INTO `sys_menu` VALUES (14, 13, '查询', '', 'sys:post:page', 1, 0, '', 0, 0, 0, 10000, '2022-09-27 11:01:26', 10000, '2022-09-27 11:01:26');
INSERT INTO `sys_menu` VALUES (15, 13, '新增', '', 'sys:post:save', 1, 0, '', 1, 0, 0, 10000, '2022-09-27 11:01:26', 10000, '2022-09-27 11:01:26');
INSERT INTO `sys_menu` VALUES (16, 13, '修改', '', 'sys:post:update,sys:post:info', 1, 0, '', 2, 0, 0, 10000, '2022-09-27 11:01:26', 10000, '2022-09-27 11:01:26');
INSERT INTO `sys_menu` VALUES (17, 13, '删除', '', 'sys:post:delete', 1, 0, '', 3, 0, 0, 10000, '2022-09-27 11:01:26', 10000, '2022-09-27 11:01:26');
INSERT INTO `sys_menu` VALUES (18, 1, '机构管理', 'sys/org/index', '', 0, 0, 'icon-cluster', 1, 0, 0, 10000, '2022-09-27 11:01:26', 10000, '2022-09-27 11:06:25');
INSERT INTO `sys_menu` VALUES (19, 18, '查询', '', 'sys:org:list', 1, 0, '', 0, 0, 0, 10000, '2022-09-27 11:01:26', 10000, '2022-09-27 11:01:26');
INSERT INTO `sys_menu` VALUES (20, 18, '新增', '', 'sys:org:save', 1, 0, '', 1, 0, 0, 10000, '2022-09-27 11:01:26', 10000, '2022-09-27 11:01:26');
INSERT INTO `sys_menu` VALUES (21, 18, '修改', '', 'sys:org:update,sys:org:info', 1, 0, '', 2, 0, 0, 10000, '2022-09-27 11:01:26', 10000, '2022-09-27 11:01:26');
INSERT INTO `sys_menu` VALUES (22, 18, '删除', '', 'sys:org:delete', 1, 0, '', 3, 0, 0, 10000, '2022-09-27 11:01:26', 10000, '2022-09-27 11:01:26');
INSERT INTO `sys_menu` VALUES (23, 1, '角色管理', 'sys/role/index', '', 0, 0, 'icon-team', 3, 0, 0, 10000, '2022-09-27 11:01:26', 10000, '2022-09-27 11:06:39');
INSERT INTO `sys_menu` VALUES (24, 23, '查询', '', 'sys:role:page', 1, 0, '', 0, 0, 0, 10000, '2022-09-27 11:01:26', 10000, '2022-09-27 11:01:26');
INSERT INTO `sys_menu` VALUES (25, 23, '新增', '', 'sys:role:save,sys:role:menu,sys:org:list', 1, 0, '', 1, 0, 0, 10000, '2022-09-27 11:01:26', 10000, '2022-09-27 11:01:26');
INSERT INTO `sys_menu` VALUES (26, 23, '修改', '', 'sys:role:update,sys:role:info,sys:role:menu,sys:org:list,sys:user:page', 1, 0, '', 2, 0, 0, 10000, '2022-09-27 11:01:26', 10000, '2022-09-27 11:01:26');
INSERT INTO `sys_menu` VALUES (27, 23, '删除', '', 'sys:role:delete', 1, 0, '', 3, 0, 0, 10000, '2022-09-27 11:01:26', 10000, '2022-09-27 11:01:26');
INSERT INTO `sys_menu` VALUES (28, 1, '用户管理', 'sys/user/index', '', 0, 0, 'icon-user', 0, 0, 0, 10000, '2022-09-27 11:01:26', 10000, '2022-09-27 11:06:16');
INSERT INTO `sys_menu` VALUES (29, 28, '查询', '', 'sys:user:page', 1, 0, '', 0, 0, 0, 10000, '2022-09-27 11:01:26', 10000, '2022-09-27 11:01:26');
INSERT INTO `sys_menu` VALUES (30, 28, '新增', '', 'sys:user:save,sys:role:list', 1, 0, '', 1, 0, 0, 10000, '2022-09-27 11:01:26', 10000, '2022-09-27 11:01:26');
INSERT INTO `sys_menu` VALUES (31, 28, '修改', '', 'sys:user:update,sys:user:info,sys:role:list', 1, 0, '', 2, 0, 0, 10000, '2022-09-27 11:01:26', 10000, '2022-09-27 11:01:26');
INSERT INTO `sys_menu` VALUES (32, 28, '删除', '', 'sys:user:delete', 1, 0, '', 3, 0, 0, 10000, '2022-09-27 11:01:26', 10000, '2022-09-27 11:01:26');
INSERT INTO `sys_menu` VALUES (33, 0, '应用管理', '', '', 0, 0, 'icon-appstore', 18, 0, 0, 10000, '2022-09-27 11:01:26', 10000, '2022-09-27 11:08:19');
INSERT INTO `sys_menu` VALUES (34, 1, '附件管理', 'sys/attachment/index', NULL, 0, 0, 'icon-folder-fill', 3, 0, 0, 10000, '2022-09-27 11:01:26', 10000, '2022-09-27 11:01:26');
INSERT INTO `sys_menu` VALUES (35, 34, '查看', '', 'sys:attachment:page', 1, 0, '', 0, 0, 0, 10000, '2022-09-27 11:01:26', 10000, '2022-09-27 11:01:26');
INSERT INTO `sys_menu` VALUES (36, 34, '上传', '', 'sys:attachment:save', 1, 0, '', 1, 0, 0, 10000, '2022-09-27 11:01:26', 10000, '2022-09-27 11:01:26');
INSERT INTO `sys_menu` VALUES (37, 34, '删除', '', 'sys:attachment:delete', 1, 0, '', 1, 0, 0, 10000, '2022-09-27 11:01:26', 10000, '2022-09-27 11:01:26');
INSERT INTO `sys_menu` VALUES (38, 0, '日志管理', '', '', 0, 0, 'icon-filedone', 19, 0, 0, 10000, '2022-09-27 11:01:26', 10000, '2022-09-27 11:08:14');
INSERT INTO `sys_menu` VALUES (39, 38, '登录日志', 'sys/log/login', 'sys:log:login', 0, 0, 'icon-solution', 0, 0, 0, 10000, '2022-09-27 11:01:26', 10000, '2022-09-27 11:01:26');
INSERT INTO `sys_menu` VALUES (40, 33, '消息管理', '', '', 0, 0, 'icon-message', 2, 0, 0, 10000, '2022-09-27 11:01:47', 10000, '2022-09-27 11:01:47');
INSERT INTO `sys_menu` VALUES (41, 40, '短信日志', 'message/sms/log/index', 'sms:log', 0, 0, 'icon-detail', 1, 0, 0, 10000, '2022-09-27 11:01:47', 10000, '2022-09-27 11:01:47');
INSERT INTO `sys_menu` VALUES (42, 40, '短信平台', 'message/sms/platform/index', NULL, 0, 0, 'icon-whatsapp', 0, 0, 0, 10000, '2022-09-27 11:01:47', 10000, '2022-09-27 11:01:47');
INSERT INTO `sys_menu` VALUES (43, 42, '查看', '', 'sms:platform:page', 1, 0, '', 0, 0, 0, 10000, '2022-09-27 11:01:47', 10000, '2022-09-27 11:01:47');
INSERT INTO `sys_menu` VALUES (44, 42, '新增', '', 'sms:platform:save', 1, 0, '', 1, 0, 0, 10000, '2022-09-27 11:01:47', 10000, '2022-09-27 11:01:47');
INSERT INTO `sys_menu` VALUES (45, 42, '修改', '', 'sms:platform:update,sms:platform:info', 1, 0, '', 2, 0, 0, 10000, '2022-09-27 11:01:47', 10000, '2022-09-27 11:01:47');
INSERT INTO `sys_menu` VALUES (46, 42, '删除', '', 'sms:platform:delete', 1, 0, '', 3, 0, 0, 10000, '2022-09-27 11:01:47', 10000, '2022-09-27 11:01:47');
INSERT INTO `sys_menu` VALUES (47, 1, '定时任务', 'quartz/schedule/index', NULL, 0, 0, 'icon-reloadtime', 0, 0, 0, 10000, '2022-09-27 11:02:02', 10000, '2022-09-27 11:02:02');
INSERT INTO `sys_menu` VALUES (48, 47, '查看', '', 'schedule:page', 1, 0, '', 0, 0, 0, 10000, '2022-09-27 11:02:02', 10000, '2022-09-27 11:02:02');
INSERT INTO `sys_menu` VALUES (49, 47, '新增', '', 'schedule:save', 1, 0, '', 1, 0, 0, 10000, '2022-09-27 11:02:02', 10000, '2022-09-27 11:02:02');
INSERT INTO `sys_menu` VALUES (50, 47, '修改', '', 'schedule:update,schedule:info', 1, 0, '', 2, 0, 0, 10000, '2022-09-27 11:02:02', 10000, '2022-09-27 11:02:02');
INSERT INTO `sys_menu` VALUES (51, 47, '删除', '', 'schedule:delete', 1, 0, '', 3, 0, 0, 10000, '2022-09-27 11:02:02', 10000, '2022-09-27 11:02:02');
INSERT INTO `sys_menu` VALUES (52, 47, '立即运行', '', 'schedule:run', 1, 0, '', 2, 0, 0, 10000, '2022-09-27 11:02:02', 10000, '2022-09-27 11:02:02');
INSERT INTO `sys_menu` VALUES (53, 47, '日志', '', 'schedule:log', 1, 0, '', 4, 0, 0, 10000, '2022-09-27 11:02:02', 10000, '2022-09-27 11:02:02');
INSERT INTO `sys_menu` VALUES (54, 0, '全局管理', '', '', 0, 0, 'icon-wallet', 20, 0, 0, 10000, '2022-09-27 11:01:26', 10000, '2023-01-12 10:29:04');
INSERT INTO `sys_menu` VALUES (55, 54, '数据项目管理', 'global-manage/project/index', '', 0, 0, 'icon-detail', 1, 0, 0, 10000, '2022-09-27 11:01:26', 10000, '2022-10-09 12:41:16');
INSERT INTO `sys_menu` VALUES (56, 54, '数仓分层展示', 'global-manage/layer/index', '', 0, 0, 'icon-table1', 2, 0, 0, 10000, '2022-09-27 11:01:26', 10000, '2022-09-27 17:12:21');
INSERT INTO `sys_menu` VALUES (57, 55, '查看', '', 'data-integrate:project:page', 1, 0, '', 0, 0, 0, 10000, '2022-09-27 20:46:51', 10000, '2022-09-27 20:46:51');
INSERT INTO `sys_menu` VALUES (58, 55, '新增', '', 'data-integrate:project:save', 1, 0, '', 1, 0, 0, 10000, '2022-09-27 20:46:51', 10000, '2022-09-27 20:46:51');
INSERT INTO `sys_menu` VALUES (59, 55, '修改', '', 'data-integrate:project:update,data-integrate:project:info', 1, 0, '', 2, 0, 0, 10000, '2022-09-27 20:46:51', 10000, '2022-09-27 20:46:51');
INSERT INTO `sys_menu` VALUES (60, 55, '删除', '', 'data-integrate:project:delete', 1, 0, '', 3, 0, 0, 10000, '2022-09-27 20:46:51', 10000, '2022-09-27 20:46:51');
INSERT INTO `sys_menu` VALUES (61, 55, '项目成员', '', 'data-integrate:project:users', 1, 0, '', 0, 0, 0, 10000, '2022-09-27 21:28:39', 10000, '2022-09-27 21:28:39');
INSERT INTO `sys_menu` VALUES (62, 55, '添加成员', '', 'data-integrate:project:adduser', 1, 0, '', 4, 0, 0, 10000, '2022-10-07 12:00:15', 10000, '2022-10-07 12:00:25');
INSERT INTO `sys_menu` VALUES (63, 56, '查看', '', 'data-integrate:layer:page', 1, 0, '', 0, 0, 0, 10000, '2022-10-08 16:55:11', 10000, '2022-10-08 16:55:11');
INSERT INTO `sys_menu` VALUES (66, 56, '修改', '', 'data-integrate:layer:update,data-integrate:layer:info', 1, 0, '', 1, 0, 0, 10000, '2022-10-08 17:30:36', 10000, '2022-10-08 17:30:36');
INSERT INTO `sys_menu` VALUES (67, 0, '数据集成', '', '', 0, 0, 'icon-control', 1, 0, 0, 10000, '2022-10-09 12:40:06', 10000, '2022-10-09 12:40:06');
INSERT INTO `sys_menu` VALUES (68, 67, '数据库管理', 'data-integrate/database/index', '', 0, 0, 'icon-insertrowright', 0, 0, 0, 10000, '2022-09-27 11:01:26', 10000, '2022-10-09 12:49:18');
INSERT INTO `sys_menu` VALUES (69, 67, '文件管理', 'data-integrate/file-category/index', '', 0, 0, 'icon-layout', 1, 0, 0, 10000, '2022-09-27 11:01:26', 10000, '2022-10-28 16:50:34');
INSERT INTO `sys_menu` VALUES (70, 67, '数据接入', 'data-integrate/access/index', '', 0, 0, 'icon-rotate-right', 2, 0, 0, 10000, '2022-09-27 11:01:26', 10000, '2022-10-09 12:51:30');
INSERT INTO `sys_menu` VALUES (71, 67, '贴源数据', 'data-integrate/ods/index', '', 0, 0, 'icon-border', 3, 0, 0, 10000, '2022-09-27 11:01:26', 10000, '2022-10-09 12:53:18');
INSERT INTO `sys_menu` VALUES (80, 68, '查看', '', 'data-integrate:database:page', 1, 0, '', 0, 0, 0, 10000, '2022-10-09 17:36:31', 10000, '2022-10-09 17:36:31');
INSERT INTO `sys_menu` VALUES (81, 68, '新增', '', 'data-integrate:database:save', 1, 0, '', 1, 0, 0, 10000, '2022-10-09 17:36:56', 10000, '2022-10-09 17:38:02');
INSERT INTO `sys_menu` VALUES (82, 68, '修改', '', 'data-integrate:database:info,data-integrate:database:update', 1, 0, '', 2, 0, 0, 10000, '2022-10-09 17:37:29', 10000, '2022-10-09 17:38:10');
INSERT INTO `sys_menu` VALUES (83, 68, '删除', '', 'data-integrate:database:delete', 1, 0, '', 3, 0, 0, 10000, '2022-10-09 17:37:54', 10000, '2022-10-09 17:37:54');
INSERT INTO `sys_menu` VALUES (84, 70, '新增', '', 'data-integrate:access:save', 1, 0, '', 1, 0, 0, 10000, '2022-10-24 22:09:49', 10000, '2022-10-24 22:10:06');
INSERT INTO `sys_menu` VALUES (85, 70, '查看', '', 'data-integrate:access:page', 1, 0, '', 0, 0, 0, 10000, '2022-10-24 22:09:49', 10000, '2022-10-24 22:10:38');
INSERT INTO `sys_menu` VALUES (86, 70, '修改', '', 'data-integrate:access:update,data-integrate:access:info', 1, 0, '', 2, 0, 0, 10000, '2022-10-24 22:09:49', 10000, '2022-10-24 22:12:14');
INSERT INTO `sys_menu` VALUES (87, 70, '删除', '', 'data-integrate:access:delete', 1, 0, '', 3, 0, 0, 10000, '2022-10-24 22:09:49', 10000, '2022-10-24 22:12:19');
INSERT INTO `sys_menu` VALUES (88, 70, '发布', '', 'data-integrate:access:release', 1, 0, '', 5, 0, 0, 10000, '2022-10-27 14:32:34', 10000, '2022-10-27 14:32:34');
INSERT INTO `sys_menu` VALUES (89, 70, '取消发布', '', 'data-integrate:access:cancle', 1, 0, '', 6, 0, 0, 10000, '2022-10-27 14:33:06', 10000, '2022-10-27 14:33:06');
INSERT INTO `sys_menu` VALUES (90, 70, '手动执行', '', 'data-integrate:access:selfhandler', 1, 0, '', 7, 0, 0, 10000, '2022-10-27 22:13:07', 10000, '2022-10-27 22:13:07');
INSERT INTO `sys_menu` VALUES (110, 69, '分组新增', '', 'data-integrate:fileCategory:save', 1, 0, '', 0, 0, 0, 10000, '2022-11-14 15:17:40', 10000, '2022-11-14 15:17:55');
INSERT INTO `sys_menu` VALUES (111, 69, '分组编辑', '', 'data-integrate:fileCategory:update', 1, 0, '', 1, 0, 0, 10000, '2022-11-14 15:17:40', 10000, '2022-11-14 15:18:20');
INSERT INTO `sys_menu` VALUES (112, 69, '分组删除', '', 'data-integrate:fileCategory:delete', 1, 0, '', 2, 0, 0, 10000, '2022-11-14 15:17:40', 10000, '2022-11-14 15:18:44');
INSERT INTO `sys_menu` VALUES (113, 69, '分页查询', '', 'data-integrate:file:page', 2, 0, '', 3, 0, 0, 10000, '2022-11-18 14:22:42', 10000, '2022-11-18 14:23:04');
INSERT INTO `sys_menu` VALUES (114, 69, '新增', '', 'data-integrate:file:save', 1, 0, '', 4, 0, 0, 10000, '2022-11-18 14:22:42', 10000, '2022-11-18 14:25:48');
INSERT INTO `sys_menu` VALUES (115, 69, '修改', '', 'data-integrate:file:info,data-integrate:file:update', 1, 0, '', 5, 0, 0, 10000, '2022-11-18 14:22:42', 10000, '2022-11-18 14:26:27');
INSERT INTO `sys_menu` VALUES (116, 69, '删除', '', 'data-integrate:file:delete', 1, 0, '', 6, 0, 0, 10000, '2022-11-18 14:22:42', 10000, '2022-11-18 14:27:04');

-- ----------------------------
-- Table structure for sys_org
-- ----------------------------
DROP TABLE IF EXISTS `sys_org`;
CREATE TABLE `sys_org`  (
  `id` bigint(20) NOT NULL AUTO_INCREMENT COMMENT 'id',
  `pid` bigint(20) NULL DEFAULT NULL COMMENT '上级ID',
  `name` varchar(50) CHARACTER SET utf8mb4 COLLATE utf8mb4_0900_ai_ci NULL DEFAULT NULL COMMENT '机构名称',
  `sort` int(11) NULL DEFAULT NULL COMMENT '排序',
  `version` int(11) NULL DEFAULT NULL COMMENT '版本号',
  `deleted` tinyint(4) NULL DEFAULT NULL COMMENT '删除标识  0：正常   1：已删除',
  `project_id` bigint(20) NOT NULL COMMENT '项目id',
  `creator` bigint(20) NULL DEFAULT NULL COMMENT '创建者',
  `create_time` datetime(0) NULL DEFAULT NULL COMMENT '创建时间',
  `updater` bigint(20) NULL DEFAULT NULL COMMENT '更新者',
  `update_time` datetime(0) NULL DEFAULT NULL COMMENT '更新时间',
  PRIMARY KEY (`id`) USING BTREE,
  INDEX `idx_pid`(`pid`) USING BTREE
) ENGINE = InnoDB AUTO_INCREMENT = 4 CHARACTER SET = utf8mb4 COLLATE = utf8mb4_0900_ai_ci COMMENT = '机构管理' ROW_FORMAT = Dynamic;

-- ----------------------------
-- Records of sys_org
-- ----------------------------
INSERT INTO `sys_org` VALUES (1, 0, '测试机构', 0, 0, 0, 10002, 10000, '2022-10-08 11:16:10', 10000, '2022-10-08 11:16:10');
INSERT INTO `sys_org` VALUES (2, 0, '测试项目2机构', 0, 0, 0, 10004, 10000, '2022-11-25 19:59:21', 10000, '2022-11-25 19:59:21');
INSERT INTO `sys_org` VALUES (3, 2, '测试项目2子机构', 0, 0, 0, 10004, 10000, '2022-11-25 19:59:38', 10000, '2022-11-25 19:59:38');

-- ----------------------------
-- Table structure for sys_post
-- ----------------------------
DROP TABLE IF EXISTS `sys_post`;
CREATE TABLE `sys_post`  (
  `id` bigint(20) NOT NULL AUTO_INCREMENT COMMENT 'id',
  `post_code` varchar(100) CHARACTER SET utf8mb4 COLLATE utf8mb4_0900_ai_ci NULL DEFAULT NULL COMMENT '岗位编码',
  `post_name` varchar(100) CHARACTER SET utf8mb4 COLLATE utf8mb4_0900_ai_ci NULL DEFAULT NULL COMMENT '岗位名称',
  `sort` int(11) NULL DEFAULT NULL COMMENT '排序',
  `status` tinyint(4) NULL DEFAULT NULL COMMENT '状态  0：停用   1：正常',
  `project_id` bigint(20) NOT NULL COMMENT '项目id',
  `version` int(11) NULL DEFAULT NULL COMMENT '版本号',
  `deleted` tinyint(4) NULL DEFAULT NULL COMMENT '删除标识  0：正常   1：已删除',
  `creator` bigint(20) NULL DEFAULT NULL COMMENT '创建者',
  `create_time` datetime(0) NULL DEFAULT NULL COMMENT '创建时间',
  `updater` bigint(20) NULL DEFAULT NULL COMMENT '更新者',
  `update_time` datetime(0) NULL DEFAULT NULL COMMENT '更新时间',
  PRIMARY KEY (`id`) USING BTREE
) ENGINE = InnoDB AUTO_INCREMENT = 3 CHARACTER SET = utf8mb4 COLLATE = utf8mb4_0900_ai_ci COMMENT = '岗位管理' ROW_FORMAT = Dynamic;

-- ----------------------------
-- Records of sys_post
-- ----------------------------
INSERT INTO `sys_post` VALUES (1, 'test', '测试岗位', 0, 1, 10002, 0, 0, 10000, '2022-10-08 11:16:25', 10000, '2022-10-08 11:16:25');
INSERT INTO `sys_post` VALUES (2, '测试项目2岗位', '测试项目2', 0, 1, 10004, 0, 0, 10000, '2022-11-25 19:59:59', 10000, '2022-11-25 20:00:09');

-- ----------------------------
-- Table structure for sys_role
-- ----------------------------
DROP TABLE IF EXISTS `sys_role`;
CREATE TABLE `sys_role`  (
  `id` bigint(20) NOT NULL AUTO_INCREMENT COMMENT 'id',
  `name` varchar(50) CHARACTER SET utf8mb4 COLLATE utf8mb4_0900_ai_ci NULL DEFAULT NULL COMMENT '角色名称',
  `remark` varchar(100) CHARACTER SET utf8mb4 COLLATE utf8mb4_0900_ai_ci NULL DEFAULT NULL COMMENT '备注',
  `data_scope` tinyint(4) NULL DEFAULT NULL COMMENT '数据范围  0：全部数据  1：本部门及子部门数据  2：本部门数据  3：本人数据  4：自定义数据',
  `org_id` bigint(20) NULL DEFAULT NULL COMMENT '机构ID',
  `project_id` int(11) NOT NULL COMMENT '项目id',
  `version` int(11) NULL DEFAULT NULL COMMENT '版本号',
  `deleted` tinyint(4) NULL DEFAULT NULL COMMENT '删除标识  0：正常   1：已删除',
  `creator` bigint(20) NULL DEFAULT NULL COMMENT '创建者',
  `create_time` datetime(0) NULL DEFAULT NULL COMMENT '创建时间',
  `updater` bigint(20) NULL DEFAULT NULL COMMENT '更新者',
  `update_time` datetime(0) NULL DEFAULT NULL COMMENT '更新时间',
  PRIMARY KEY (`id`) USING BTREE,
  INDEX `idx_org_id`(`org_id`) USING BTREE
) ENGINE = InnoDB AUTO_INCREMENT = 4 CHARACTER SET = utf8mb4 COLLATE = utf8mb4_0900_ai_ci COMMENT = '角色管理' ROW_FORMAT = Dynamic;

-- ----------------------------
-- Records of sys_role
-- ----------------------------
INSERT INTO `sys_role` VALUES (1, '测试角色', '', 3, NULL, 10002, 0, 1, 10000, '2022-10-08 11:16:41', 10000, '2022-11-25 20:01:43');
INSERT INTO `sys_role` VALUES (2, '测试项目2管理员', '测试项目2管理员', 0, NULL, 10004, 0, 0, 10000, '2022-11-25 20:01:22', 10000, '2022-11-26 12:09:12');
INSERT INTO `sys_role` VALUES (3, '测试项目角色', '测试项目角色', 0, NULL, 10002, 0, 0, 10000, '2022-11-25 20:10:26', 10000, '2022-11-26 12:10:00');

-- ----------------------------
-- Table structure for sys_role_data_scope
-- ----------------------------
DROP TABLE IF EXISTS `sys_role_data_scope`;
CREATE TABLE `sys_role_data_scope`  (
  `id` bigint(20) NOT NULL AUTO_INCREMENT COMMENT 'id',
  `role_id` bigint(20) NULL DEFAULT NULL COMMENT '角色ID',
  `org_id` bigint(20) NULL DEFAULT NULL COMMENT '机构ID',
  `version` int(11) NULL DEFAULT NULL COMMENT '版本号',
  `deleted` tinyint(4) NULL DEFAULT NULL COMMENT '删除标识  0：正常   1：已删除',
  `creator` bigint(20) NULL DEFAULT NULL COMMENT '创建者',
  `create_time` datetime(0) NULL DEFAULT NULL COMMENT '创建时间',
  `updater` bigint(20) NULL DEFAULT NULL COMMENT '更新者',
  `update_time` datetime(0) NULL DEFAULT NULL COMMENT '更新时间',
  PRIMARY KEY (`id`) USING BTREE,
  INDEX `idx_role_id`(`role_id`) USING BTREE
) ENGINE = InnoDB CHARACTER SET = utf8mb4 COLLATE = utf8mb4_0900_ai_ci COMMENT = '角色数据权限' ROW_FORMAT = Dynamic;

-- ----------------------------
-- Records of sys_role_data_scope
-- ----------------------------

-- ----------------------------
-- Table structure for sys_role_menu
-- ----------------------------
DROP TABLE IF EXISTS `sys_role_menu`;
CREATE TABLE `sys_role_menu`  (
  `id` bigint(20) NOT NULL AUTO_INCREMENT COMMENT 'id',
  `role_id` bigint(20) NULL DEFAULT NULL COMMENT '角色ID',
  `menu_id` bigint(20) NULL DEFAULT NULL COMMENT '菜单ID',
  `version` int(11) NULL DEFAULT NULL COMMENT '版本号',
  `deleted` tinyint(4) NULL DEFAULT NULL COMMENT '删除标识  0：正常   1：已删除',
  `creator` bigint(20) NULL DEFAULT NULL COMMENT '创建者',
  `create_time` datetime(0) NULL DEFAULT NULL COMMENT '创建时间',
  `updater` bigint(20) NULL DEFAULT NULL COMMENT '更新者',
  `update_time` datetime(0) NULL DEFAULT NULL COMMENT '更新时间',
  PRIMARY KEY (`id`) USING BTREE,
  INDEX `idx_role_id`(`role_id`) USING BTREE,
  INDEX `idx_menu_id`(`menu_id`) USING BTREE
) ENGINE = InnoDB AUTO_INCREMENT = 185 CHARACTER SET = utf8mb4 COLLATE = utf8mb4_0900_ai_ci COMMENT = '角色菜单关系' ROW_FORMAT = Dynamic;

-- ----------------------------
-- Records of sys_role_menu
-- ----------------------------
INSERT INTO `sys_role_menu` VALUES (1, 1, 54, 0, 1, 10000, '2022-10-08 11:16:41', 10000, '2022-10-08 11:16:41');
INSERT INTO `sys_role_menu` VALUES (2, 1, 55, 0, 1, 10000, '2022-10-08 11:16:41', 10000, '2022-10-08 11:16:41');
INSERT INTO `sys_role_menu` VALUES (3, 1, 57, 0, 1, 10000, '2022-10-08 11:16:41', 10000, '2022-10-08 11:16:41');
INSERT INTO `sys_role_menu` VALUES (4, 1, 61, 0, 1, 10000, '2022-10-08 11:16:41', 10000, '2022-10-08 11:16:41');
INSERT INTO `sys_role_menu` VALUES (5, 1, 58, 0, 1, 10000, '2022-10-08 11:16:41', 10000, '2022-10-08 11:16:41');
INSERT INTO `sys_role_menu` VALUES (6, 1, 59, 0, 1, 10000, '2022-10-08 11:16:41', 10000, '2022-10-08 11:16:41');
INSERT INTO `sys_role_menu` VALUES (7, 1, 60, 0, 1, 10000, '2022-10-08 11:16:41', 10000, '2022-10-08 11:16:41');
INSERT INTO `sys_role_menu` VALUES (8, 1, 62, 0, 1, 10000, '2022-10-08 11:16:41', 10000, '2022-10-08 11:16:41');
INSERT INTO `sys_role_menu` VALUES (9, 1, 56, 0, 1, 10000, '2022-10-08 11:16:41', 10000, '2022-10-08 11:16:41');
INSERT INTO `sys_role_menu` VALUES (10, 1, 63, 0, 1, 10000, '2022-10-17 13:49:02', 10000, '2022-10-17 13:49:02');
INSERT INTO `sys_role_menu` VALUES (11, 2, 1, 0, 0, 10000, '2022-11-25 20:01:22', 10000, '2022-11-25 20:01:22');
INSERT INTO `sys_role_menu` VALUES (12, 2, 2, 0, 0, 10000, '2022-11-25 20:01:22', 10000, '2022-11-25 20:01:22');
INSERT INTO `sys_role_menu` VALUES (13, 2, 67, 0, 0, 10000, '2022-11-25 20:01:22', 10000, '2022-11-25 20:01:22');
INSERT INTO `sys_role_menu` VALUES (14, 2, 68, 0, 0, 10000, '2022-11-25 20:01:22', 10000, '2022-11-25 20:01:22');
INSERT INTO `sys_role_menu` VALUES (15, 2, 80, 0, 0, 10000, '2022-11-25 20:01:22', 10000, '2022-11-25 20:01:22');
INSERT INTO `sys_role_menu` VALUES (16, 2, 81, 0, 0, 10000, '2022-11-25 20:01:22', 10000, '2022-11-25 20:01:22');
INSERT INTO `sys_role_menu` VALUES (17, 2, 82, 0, 0, 10000, '2022-11-25 20:01:22', 10000, '2022-11-25 20:01:22');
INSERT INTO `sys_role_menu` VALUES (18, 2, 83, 0, 0, 10000, '2022-11-25 20:01:22', 10000, '2022-11-25 20:01:22');
INSERT INTO `sys_role_menu` VALUES (19, 2, 69, 0, 0, 10000, '2022-11-25 20:01:22', 10000, '2022-11-25 20:01:22');
INSERT INTO `sys_role_menu` VALUES (20, 2, 110, 0, 0, 10000, '2022-11-25 20:01:22', 10000, '2022-11-25 20:01:22');
INSERT INTO `sys_role_menu` VALUES (21, 2, 111, 0, 0, 10000, '2022-11-25 20:01:22', 10000, '2022-11-25 20:01:22');
INSERT INTO `sys_role_menu` VALUES (22, 2, 112, 0, 0, 10000, '2022-11-25 20:01:22', 10000, '2022-11-25 20:01:22');
INSERT INTO `sys_role_menu` VALUES (23, 2, 113, 0, 0, 10000, '2022-11-25 20:01:22', 10000, '2022-11-25 20:01:22');
INSERT INTO `sys_role_menu` VALUES (24, 2, 114, 0, 0, 10000, '2022-11-25 20:01:22', 10000, '2022-11-25 20:01:22');
INSERT INTO `sys_role_menu` VALUES (25, 2, 115, 0, 0, 10000, '2022-11-25 20:01:22', 10000, '2022-11-25 20:01:22');
INSERT INTO `sys_role_menu` VALUES (26, 2, 116, 0, 0, 10000, '2022-11-25 20:01:22', 10000, '2022-11-25 20:01:22');
INSERT INTO `sys_role_menu` VALUES (27, 2, 70, 0, 0, 10000, '2022-11-25 20:01:22', 10000, '2022-11-25 20:01:22');
INSERT INTO `sys_role_menu` VALUES (28, 2, 85, 0, 0, 10000, '2022-11-25 20:01:22', 10000, '2022-11-25 20:01:22');
INSERT INTO `sys_role_menu` VALUES (29, 2, 84, 0, 0, 10000, '2022-11-25 20:01:22', 10000, '2022-11-25 20:01:22');
INSERT INTO `sys_role_menu` VALUES (30, 2, 86, 0, 0, 10000, '2022-11-25 20:01:22', 10000, '2022-11-25 20:01:22');
INSERT INTO `sys_role_menu` VALUES (31, 2, 87, 0, 0, 10000, '2022-11-25 20:01:22', 10000, '2022-11-25 20:01:22');
INSERT INTO `sys_role_menu` VALUES (32, 2, 88, 0, 0, 10000, '2022-11-25 20:01:22', 10000, '2022-11-25 20:01:22');
INSERT INTO `sys_role_menu` VALUES (33, 2, 89, 0, 0, 10000, '2022-11-25 20:01:22', 10000, '2022-11-25 20:01:22');
INSERT INTO `sys_role_menu` VALUES (34, 2, 90, 0, 0, 10000, '2022-11-25 20:01:22', 10000, '2022-11-25 20:01:22');
INSERT INTO `sys_role_menu` VALUES (35, 2, 71, 0, 0, 10000, '2022-11-25 20:01:22', 10000, '2022-11-25 20:01:22');
INSERT INTO `sys_role_menu` VALUES (36, 2, 72, 0, 0, 10000, '2022-11-25 20:01:22', 10000, '2022-11-25 20:01:22');
INSERT INTO `sys_role_menu` VALUES (37, 2, 73, 0, 1, 10000, '2022-11-25 20:01:22', 10000, '2022-11-25 20:01:22');
INSERT INTO `sys_role_menu` VALUES (38, 2, 74, 0, 1, 10000, '2022-11-25 20:01:22', 10000, '2022-11-25 20:01:22');
INSERT INTO `sys_role_menu` VALUES (39, 2, 75, 0, 1, 10000, '2022-11-25 20:01:22', 10000, '2022-11-25 20:01:22');
INSERT INTO `sys_role_menu` VALUES (40, 2, 76, 0, 1, 10000, '2022-11-25 20:01:22', 10000, '2022-11-25 20:01:22');
INSERT INTO `sys_role_menu` VALUES (41, 2, 77, 0, 1, 10000, '2022-11-25 20:01:22', 10000, '2022-11-25 20:01:22');
INSERT INTO `sys_role_menu` VALUES (42, 2, 78, 0, 0, 10000, '2022-11-25 20:01:22', 10000, '2022-11-25 20:01:22');
INSERT INTO `sys_role_menu` VALUES (43, 2, 79, 0, 1, 10000, '2022-11-25 20:01:22', 10000, '2022-11-25 20:01:22');
INSERT INTO `sys_role_menu` VALUES (44, 2, 91, 0, 1, 10000, '2022-11-25 20:01:22', 10000, '2022-11-25 20:01:22');
INSERT INTO `sys_role_menu` VALUES (45, 2, 92, 0, 1, 10000, '2022-11-25 20:01:22', 10000, '2022-11-25 20:01:22');
INSERT INTO `sys_role_menu` VALUES (46, 2, 93, 0, 1, 10000, '2022-11-25 20:01:22', 10000, '2022-11-25 20:01:22');
INSERT INTO `sys_role_menu` VALUES (47, 2, 94, 0, 1, 10000, '2022-11-25 20:01:22', 10000, '2022-11-25 20:01:22');
INSERT INTO `sys_role_menu` VALUES (48, 2, 97, 0, 1, 10000, '2022-11-25 20:01:22', 10000, '2022-11-25 20:01:22');
INSERT INTO `sys_role_menu` VALUES (49, 2, 98, 0, 1, 10000, '2022-11-25 20:01:22', 10000, '2022-11-25 20:01:22');
INSERT INTO `sys_role_menu` VALUES (50, 2, 99, 0, 1, 10000, '2022-11-25 20:01:22', 10000, '2022-11-25 20:01:22');
INSERT INTO `sys_role_menu` VALUES (51, 2, 100, 0, 1, 10000, '2022-11-25 20:01:22', 10000, '2022-11-25 20:01:22');
INSERT INTO `sys_role_menu` VALUES (52, 2, 101, 0, 1, 10000, '2022-11-25 20:01:22', 10000, '2022-11-25 20:01:22');
INSERT INTO `sys_role_menu` VALUES (53, 2, 102, 0, 1, 10000, '2022-11-25 20:01:22', 10000, '2022-11-25 20:01:22');
INSERT INTO `sys_role_menu` VALUES (54, 2, 103, 0, 1, 10000, '2022-11-25 20:01:22', 10000, '2022-11-25 20:01:22');
INSERT INTO `sys_role_menu` VALUES (55, 2, 104, 0, 1, 10000, '2022-11-25 20:01:22', 10000, '2022-11-25 20:01:22');
INSERT INTO `sys_role_menu` VALUES (56, 2, 105, 0, 1, 10000, '2022-11-25 20:01:22', 10000, '2022-11-25 20:01:22');
INSERT INTO `sys_role_menu` VALUES (57, 2, 106, 0, 1, 10000, '2022-11-25 20:01:22', 10000, '2022-11-25 20:01:22');
INSERT INTO `sys_role_menu` VALUES (58, 2, 107, 0, 1, 10000, '2022-11-25 20:01:22', 10000, '2022-11-25 20:01:22');
INSERT INTO `sys_role_menu` VALUES (59, 2, 108, 0, 1, 10000, '2022-11-25 20:01:22', 10000, '2022-11-25 20:01:22');
INSERT INTO `sys_role_menu` VALUES (60, 2, 109, 0, 1, 10000, '2022-11-25 20:01:22', 10000, '2022-11-25 20:01:22');
INSERT INTO `sys_role_menu` VALUES (61, 2, 54, 0, 0, 10000, '2022-11-25 20:01:22', 10000, '2022-11-25 20:01:22');
INSERT INTO `sys_role_menu` VALUES (62, 2, 55, 0, 0, 10000, '2022-11-25 20:01:22', 10000, '2022-11-25 20:01:22');
INSERT INTO `sys_role_menu` VALUES (63, 2, 57, 0, 0, 10000, '2022-11-25 20:01:22', 10000, '2022-11-25 20:01:22');
INSERT INTO `sys_role_menu` VALUES (64, 2, 61, 0, 0, 10000, '2022-11-25 20:01:22', 10000, '2022-11-25 20:01:22');
INSERT INTO `sys_role_menu` VALUES (65, 2, 58, 0, 0, 10000, '2022-11-25 20:01:22', 10000, '2022-11-25 20:01:22');
INSERT INTO `sys_role_menu` VALUES (66, 2, 59, 0, 0, 10000, '2022-11-25 20:01:22', 10000, '2022-11-25 20:01:22');
INSERT INTO `sys_role_menu` VALUES (67, 2, 60, 0, 0, 10000, '2022-11-25 20:01:22', 10000, '2022-11-25 20:01:22');
INSERT INTO `sys_role_menu` VALUES (68, 2, 62, 0, 0, 10000, '2022-11-25 20:01:22', 10000, '2022-11-25 20:01:22');
INSERT INTO `sys_role_menu` VALUES (69, 2, 56, 0, 0, 10000, '2022-11-25 20:01:22', 10000, '2022-11-25 20:01:22');
INSERT INTO `sys_role_menu` VALUES (70, 2, 63, 0, 0, 10000, '2022-11-25 20:01:22', 10000, '2022-11-25 20:01:22');
INSERT INTO `sys_role_menu` VALUES (71, 2, 66, 0, 0, 10000, '2022-11-25 20:01:22', 10000, '2022-11-25 20:01:22');
INSERT INTO `sys_role_menu` VALUES (72, 2, 33, 0, 1, 10000, '2022-11-25 20:01:22', 10000, '2022-11-25 20:01:22');
INSERT INTO `sys_role_menu` VALUES (73, 2, 40, 0, 1, 10000, '2022-11-25 20:01:22', 10000, '2022-11-25 20:01:22');
INSERT INTO `sys_role_menu` VALUES (74, 2, 42, 0, 1, 10000, '2022-11-25 20:01:22', 10000, '2022-11-25 20:01:22');
INSERT INTO `sys_role_menu` VALUES (75, 2, 43, 0, 1, 10000, '2022-11-25 20:01:22', 10000, '2022-11-25 20:01:22');
INSERT INTO `sys_role_menu` VALUES (76, 2, 44, 0, 1, 10000, '2022-11-25 20:01:22', 10000, '2022-11-25 20:01:22');
INSERT INTO `sys_role_menu` VALUES (77, 2, 45, 0, 1, 10000, '2022-11-25 20:01:22', 10000, '2022-11-25 20:01:22');
INSERT INTO `sys_role_menu` VALUES (78, 2, 46, 0, 1, 10000, '2022-11-25 20:01:22', 10000, '2022-11-25 20:01:22');
INSERT INTO `sys_role_menu` VALUES (79, 2, 41, 0, 1, 10000, '2022-11-25 20:01:22', 10000, '2022-11-25 20:01:22');
INSERT INTO `sys_role_menu` VALUES (80, 2, 38, 0, 1, 10000, '2022-11-25 20:01:22', 10000, '2022-11-25 20:01:22');
INSERT INTO `sys_role_menu` VALUES (81, 2, 39, 0, 1, 10000, '2022-11-25 20:01:22', 10000, '2022-11-25 20:01:22');
INSERT INTO `sys_role_menu` VALUES (82, 2, 3, 0, 0, 10000, '2022-11-25 20:01:22', 10000, '2022-11-25 20:01:22');
INSERT INTO `sys_role_menu` VALUES (83, 2, 28, 0, 0, 10000, '2022-11-25 20:01:22', 10000, '2022-11-25 20:01:22');
INSERT INTO `sys_role_menu` VALUES (84, 2, 29, 0, 0, 10000, '2022-11-25 20:01:22', 10000, '2022-11-25 20:01:22');
INSERT INTO `sys_role_menu` VALUES (85, 2, 30, 0, 0, 10000, '2022-11-25 20:01:22', 10000, '2022-11-25 20:01:22');
INSERT INTO `sys_role_menu` VALUES (86, 2, 31, 0, 0, 10000, '2022-11-25 20:01:22', 10000, '2022-11-25 20:01:22');
INSERT INTO `sys_role_menu` VALUES (87, 2, 32, 0, 0, 10000, '2022-11-25 20:01:22', 10000, '2022-11-25 20:01:22');
INSERT INTO `sys_role_menu` VALUES (88, 2, 18, 0, 0, 10000, '2022-11-25 20:01:22', 10000, '2022-11-25 20:01:22');
INSERT INTO `sys_role_menu` VALUES (89, 2, 19, 0, 0, 10000, '2022-11-25 20:01:22', 10000, '2022-11-25 20:01:22');
INSERT INTO `sys_role_menu` VALUES (90, 2, 20, 0, 0, 10000, '2022-11-25 20:01:22', 10000, '2022-11-25 20:01:22');
INSERT INTO `sys_role_menu` VALUES (91, 2, 21, 0, 0, 10000, '2022-11-25 20:01:22', 10000, '2022-11-25 20:01:22');
INSERT INTO `sys_role_menu` VALUES (92, 2, 22, 0, 0, 10000, '2022-11-25 20:01:22', 10000, '2022-11-25 20:01:22');
INSERT INTO `sys_role_menu` VALUES (93, 2, 13, 0, 0, 10000, '2022-11-25 20:01:22', 10000, '2022-11-25 20:01:22');
INSERT INTO `sys_role_menu` VALUES (94, 2, 14, 0, 0, 10000, '2022-11-25 20:01:22', 10000, '2022-11-25 20:01:22');
INSERT INTO `sys_role_menu` VALUES (95, 2, 15, 0, 0, 10000, '2022-11-25 20:01:22', 10000, '2022-11-25 20:01:22');
INSERT INTO `sys_role_menu` VALUES (96, 2, 16, 0, 0, 10000, '2022-11-25 20:01:22', 10000, '2022-11-25 20:01:22');
INSERT INTO `sys_role_menu` VALUES (97, 2, 17, 0, 0, 10000, '2022-11-25 20:01:22', 10000, '2022-11-25 20:01:22');
INSERT INTO `sys_role_menu` VALUES (98, 2, 23, 0, 0, 10000, '2022-11-25 20:01:22', 10000, '2022-11-25 20:01:22');
INSERT INTO `sys_role_menu` VALUES (99, 2, 24, 0, 0, 10000, '2022-11-25 20:01:22', 10000, '2022-11-25 20:01:22');
INSERT INTO `sys_role_menu` VALUES (100, 2, 25, 0, 0, 10000, '2022-11-25 20:01:22', 10000, '2022-11-25 20:01:22');
INSERT INTO `sys_role_menu` VALUES (101, 2, 26, 0, 1, 10000, '2022-11-25 20:01:22', 10000, '2022-11-25 20:01:22');
INSERT INTO `sys_role_menu` VALUES (102, 2, 27, 0, 0, 10000, '2022-11-25 20:01:22', 10000, '2022-11-25 20:01:22');
INSERT INTO `sys_role_menu` VALUES (103, 3, 54, 0, 0, 10000, '2022-11-25 20:10:26', 10000, '2022-11-25 20:10:26');
INSERT INTO `sys_role_menu` VALUES (104, 3, 55, 0, 0, 10000, '2022-11-25 20:10:26', 10000, '2022-11-25 20:10:26');
INSERT INTO `sys_role_menu` VALUES (105, 3, 56, 0, 0, 10000, '2022-11-25 20:10:26', 10000, '2022-11-25 20:10:26');
INSERT INTO `sys_role_menu` VALUES (106, 3, 1, 0, 0, 10000, '2022-11-25 20:10:26', 10000, '2022-11-25 20:10:26');
INSERT INTO `sys_role_menu` VALUES (107, 3, 2, 0, 0, 10000, '2022-11-25 20:10:26', 10000, '2022-11-25 20:10:26');
INSERT INTO `sys_role_menu` VALUES (108, 3, 67, 0, 0, 10000, '2022-11-25 20:10:26', 10000, '2022-11-25 20:10:26');
INSERT INTO `sys_role_menu` VALUES (109, 3, 68, 0, 0, 10000, '2022-11-25 20:10:26', 10000, '2022-11-25 20:10:26');
INSERT INTO `sys_role_menu` VALUES (110, 3, 80, 0, 0, 10000, '2022-11-25 20:10:26', 10000, '2022-11-25 20:10:26');
INSERT INTO `sys_role_menu` VALUES (111, 3, 81, 0, 0, 10000, '2022-11-25 20:10:26', 10000, '2022-11-25 20:10:26');
INSERT INTO `sys_role_menu` VALUES (112, 3, 82, 0, 0, 10000, '2022-11-25 20:10:26', 10000, '2022-11-25 20:10:26');
INSERT INTO `sys_role_menu` VALUES (113, 3, 83, 0, 0, 10000, '2022-11-25 20:10:26', 10000, '2022-11-25 20:10:26');
INSERT INTO `sys_role_menu` VALUES (114, 3, 69, 0, 0, 10000, '2022-11-25 20:10:26', 10000, '2022-11-25 20:10:26');
INSERT INTO `sys_role_menu` VALUES (115, 3, 110, 0, 0, 10000, '2022-11-25 20:10:26', 10000, '2022-11-25 20:10:26');
INSERT INTO `sys_role_menu` VALUES (116, 3, 111, 0, 0, 10000, '2022-11-25 20:10:26', 10000, '2022-11-25 20:10:26');
INSERT INTO `sys_role_menu` VALUES (117, 3, 112, 0, 0, 10000, '2022-11-25 20:10:26', 10000, '2022-11-25 20:10:26');
INSERT INTO `sys_role_menu` VALUES (118, 3, 113, 0, 0, 10000, '2022-11-25 20:10:26', 10000, '2022-11-25 20:10:26');
INSERT INTO `sys_role_menu` VALUES (119, 3, 114, 0, 0, 10000, '2022-11-25 20:10:26', 10000, '2022-11-25 20:10:26');
INSERT INTO `sys_role_menu` VALUES (120, 3, 115, 0, 0, 10000, '2022-11-25 20:10:26', 10000, '2022-11-25 20:10:26');
INSERT INTO `sys_role_menu` VALUES (121, 3, 116, 0, 0, 10000, '2022-11-25 20:10:26', 10000, '2022-11-25 20:10:26');
INSERT INTO `sys_role_menu` VALUES (122, 3, 70, 0, 0, 10000, '2022-11-25 20:10:26', 10000, '2022-11-25 20:10:26');
INSERT INTO `sys_role_menu` VALUES (123, 3, 85, 0, 0, 10000, '2022-11-25 20:10:26', 10000, '2022-11-25 20:10:26');
INSERT INTO `sys_role_menu` VALUES (124, 3, 84, 0, 0, 10000, '2022-11-25 20:10:26', 10000, '2022-11-25 20:10:26');
INSERT INTO `sys_role_menu` VALUES (125, 3, 86, 0, 0, 10000, '2022-11-25 20:10:26', 10000, '2022-11-25 20:10:26');
INSERT INTO `sys_role_menu` VALUES (126, 3, 87, 0, 0, 10000, '2022-11-25 20:10:26', 10000, '2022-11-25 20:10:26');
INSERT INTO `sys_role_menu` VALUES (127, 3, 88, 0, 0, 10000, '2022-11-25 20:10:26', 10000, '2022-11-25 20:10:26');
INSERT INTO `sys_role_menu` VALUES (128, 3, 89, 0, 0, 10000, '2022-11-25 20:10:26', 10000, '2022-11-25 20:10:26');
INSERT INTO `sys_role_menu` VALUES (129, 3, 90, 0, 0, 10000, '2022-11-25 20:10:26', 10000, '2022-11-25 20:10:26');
INSERT INTO `sys_role_menu` VALUES (130, 3, 71, 0, 0, 10000, '2022-11-25 20:10:26', 10000, '2022-11-25 20:10:26');
INSERT INTO `sys_role_menu` VALUES (131, 3, 72, 0, 0, 10000, '2022-11-25 20:10:26', 10000, '2022-11-25 20:10:26');
INSERT INTO `sys_role_menu` VALUES (132, 3, 73, 0, 1, 10000, '2022-11-25 20:10:26', 10000, '2022-11-25 20:10:26');
INSERT INTO `sys_role_menu` VALUES (133, 3, 74, 0, 1, 10000, '2022-11-25 20:10:26', 10000, '2022-11-25 20:10:26');
INSERT INTO `sys_role_menu` VALUES (134, 3, 75, 0, 1, 10000, '2022-11-25 20:10:26', 10000, '2022-11-25 20:10:26');
INSERT INTO `sys_role_menu` VALUES (135, 3, 76, 0, 1, 10000, '2022-11-25 20:10:26', 10000, '2022-11-25 20:10:26');
INSERT INTO `sys_role_menu` VALUES (136, 3, 77, 0, 1, 10000, '2022-11-25 20:10:26', 10000, '2022-11-25 20:10:26');
INSERT INTO `sys_role_menu` VALUES (137, 3, 78, 0, 0, 10000, '2022-11-25 20:10:26', 10000, '2022-11-25 20:10:26');
INSERT INTO `sys_role_menu` VALUES (138, 3, 79, 0, 1, 10000, '2022-11-25 20:10:26', 10000, '2022-11-25 20:10:26');
INSERT INTO `sys_role_menu` VALUES (139, 3, 91, 0, 1, 10000, '2022-11-25 20:10:26', 10000, '2022-11-25 20:10:26');
INSERT INTO `sys_role_menu` VALUES (140, 3, 92, 0, 1, 10000, '2022-11-25 20:10:26', 10000, '2022-11-25 20:10:26');
INSERT INTO `sys_role_menu` VALUES (141, 3, 93, 0, 1, 10000, '2022-11-25 20:10:26', 10000, '2022-11-25 20:10:26');
INSERT INTO `sys_role_menu` VALUES (142, 3, 94, 0, 1, 10000, '2022-11-25 20:10:26', 10000, '2022-11-25 20:10:26');
INSERT INTO `sys_role_menu` VALUES (143, 3, 97, 0, 1, 10000, '2022-11-25 20:10:26', 10000, '2022-11-25 20:10:26');
INSERT INTO `sys_role_menu` VALUES (144, 3, 98, 0, 1, 10000, '2022-11-25 20:10:26', 10000, '2022-11-25 20:10:26');
INSERT INTO `sys_role_menu` VALUES (145, 3, 99, 0, 1, 10000, '2022-11-25 20:10:26', 10000, '2022-11-25 20:10:26');
INSERT INTO `sys_role_menu` VALUES (146, 3, 100, 0, 1, 10000, '2022-11-25 20:10:26', 10000, '2022-11-25 20:10:26');
INSERT INTO `sys_role_menu` VALUES (147, 3, 101, 0, 1, 10000, '2022-11-25 20:10:26', 10000, '2022-11-25 20:10:26');
INSERT INTO `sys_role_menu` VALUES (148, 3, 102, 0, 1, 10000, '2022-11-25 20:10:26', 10000, '2022-11-25 20:10:26');
INSERT INTO `sys_role_menu` VALUES (149, 3, 103, 0, 1, 10000, '2022-11-25 20:10:26', 10000, '2022-11-25 20:10:26');
INSERT INTO `sys_role_menu` VALUES (150, 3, 104, 0, 1, 10000, '2022-11-25 20:10:26', 10000, '2022-11-25 20:10:26');
INSERT INTO `sys_role_menu` VALUES (151, 3, 105, 0, 1, 10000, '2022-11-25 20:10:26', 10000, '2022-11-25 20:10:26');
INSERT INTO `sys_role_menu` VALUES (152, 3, 106, 0, 1, 10000, '2022-11-25 20:10:26', 10000, '2022-11-25 20:10:26');
INSERT INTO `sys_role_menu` VALUES (153, 3, 107, 0, 1, 10000, '2022-11-25 20:10:26', 10000, '2022-11-25 20:10:26');
INSERT INTO `sys_role_menu` VALUES (154, 3, 108, 0, 1, 10000, '2022-11-25 20:10:26', 10000, '2022-11-25 20:10:26');
INSERT INTO `sys_role_menu` VALUES (155, 3, 109, 0, 1, 10000, '2022-11-25 20:10:26', 10000, '2022-11-25 20:10:26');
INSERT INTO `sys_role_menu` VALUES (156, 3, 57, 0, 0, 10000, '2022-11-25 20:10:26', 10000, '2022-11-25 20:10:26');
INSERT INTO `sys_role_menu` VALUES (157, 3, 61, 0, 0, 10000, '2022-11-25 20:10:26', 10000, '2022-11-25 20:10:26');
INSERT INTO `sys_role_menu` VALUES (158, 3, 62, 0, 0, 10000, '2022-11-25 20:10:26', 10000, '2022-11-25 20:10:26');
INSERT INTO `sys_role_menu` VALUES (159, 3, 63, 0, 0, 10000, '2022-11-25 20:10:26', 10000, '2022-11-25 20:10:26');
INSERT INTO `sys_role_menu` VALUES (160, 3, 3, 0, 0, 10000, '2022-11-25 20:10:26', 10000, '2022-11-25 20:10:26');
INSERT INTO `sys_role_menu` VALUES (161, 3, 28, 0, 0, 10000, '2022-11-25 20:10:26', 10000, '2022-11-25 20:10:26');
INSERT INTO `sys_role_menu` VALUES (162, 3, 29, 0, 0, 10000, '2022-11-25 20:10:26', 10000, '2022-11-25 20:10:26');
INSERT INTO `sys_role_menu` VALUES (163, 3, 30, 0, 0, 10000, '2022-11-25 20:10:26', 10000, '2022-11-25 20:10:26');
INSERT INTO `sys_role_menu` VALUES (164, 3, 31, 0, 0, 10000, '2022-11-25 20:10:26', 10000, '2022-11-25 20:10:26');
INSERT INTO `sys_role_menu` VALUES (165, 3, 32, 0, 0, 10000, '2022-11-25 20:10:26', 10000, '2022-11-25 20:10:26');
INSERT INTO `sys_role_menu` VALUES (166, 3, 18, 0, 0, 10000, '2022-11-25 20:10:26', 10000, '2022-11-25 20:10:26');
INSERT INTO `sys_role_menu` VALUES (167, 3, 19, 0, 0, 10000, '2022-11-25 20:10:26', 10000, '2022-11-25 20:10:26');
INSERT INTO `sys_role_menu` VALUES (168, 3, 20, 0, 0, 10000, '2022-11-25 20:10:26', 10000, '2022-11-25 20:10:26');
INSERT INTO `sys_role_menu` VALUES (169, 3, 21, 0, 0, 10000, '2022-11-25 20:10:26', 10000, '2022-11-25 20:10:26');
INSERT INTO `sys_role_menu` VALUES (170, 3, 22, 0, 0, 10000, '2022-11-25 20:10:26', 10000, '2022-11-25 20:10:26');
INSERT INTO `sys_role_menu` VALUES (171, 3, 13, 0, 0, 10000, '2022-11-25 20:10:26', 10000, '2022-11-25 20:10:26');
INSERT INTO `sys_role_menu` VALUES (172, 3, 14, 0, 0, 10000, '2022-11-25 20:10:26', 10000, '2022-11-25 20:10:26');
INSERT INTO `sys_role_menu` VALUES (173, 3, 15, 0, 0, 10000, '2022-11-25 20:10:26', 10000, '2022-11-25 20:10:26');
INSERT INTO `sys_role_menu` VALUES (174, 3, 16, 0, 0, 10000, '2022-11-25 20:10:26', 10000, '2022-11-25 20:10:26');
INSERT INTO `sys_role_menu` VALUES (175, 3, 17, 0, 0, 10000, '2022-11-25 20:10:26', 10000, '2022-11-25 20:10:26');
INSERT INTO `sys_role_menu` VALUES (176, 3, 23, 0, 0, 10000, '2022-11-25 20:10:26', 10000, '2022-11-25 20:10:26');
INSERT INTO `sys_role_menu` VALUES (177, 3, 24, 0, 0, 10000, '2022-11-25 20:10:26', 10000, '2022-11-25 20:10:26');
INSERT INTO `sys_role_menu` VALUES (178, 3, 25, 0, 0, 10000, '2022-11-25 20:10:26', 10000, '2022-11-25 20:10:26');
INSERT INTO `sys_role_menu` VALUES (179, 3, 26, 0, 1, 10000, '2022-11-25 20:10:26', 10000, '2022-11-25 20:10:26');
INSERT INTO `sys_role_menu` VALUES (180, 3, 27, 0, 0, 10000, '2022-11-25 20:10:26', 10000, '2022-11-25 20:10:26');
INSERT INTO `sys_role_menu` VALUES (181, 3, 26, 0, 0, 10000, '2022-11-26 12:07:15', 10000, '2022-11-26 12:07:15');
INSERT INTO `sys_role_menu` VALUES (182, 3, 58, 0, 0, 10000, '2022-11-26 12:10:00', 10000, '2022-11-26 12:10:00');
INSERT INTO `sys_role_menu` VALUES (183, 3, 59, 0, 0, 10000, '2022-11-26 12:10:00', 10000, '2022-11-26 12:10:00');
INSERT INTO `sys_role_menu` VALUES (184, 3, 60, 0, 0, 10000, '2022-11-26 12:10:00', 10000, '2022-11-26 12:10:00');

-- ----------------------------
-- Table structure for sys_user
-- ----------------------------
DROP TABLE IF EXISTS `sys_user`;
CREATE TABLE `sys_user`  (
  `id` bigint(20) NOT NULL AUTO_INCREMENT COMMENT 'id',
  `username` varchar(50) CHARACTER SET utf8mb4 COLLATE utf8mb4_0900_ai_ci NOT NULL COMMENT '用户名',
  `password` varchar(100) CHARACTER SET utf8mb4 COLLATE utf8mb4_0900_ai_ci NULL DEFAULT NULL COMMENT '密码',
  `real_name` varchar(50) CHARACTER SET utf8mb4 COLLATE utf8mb4_0900_ai_ci NULL DEFAULT NULL COMMENT '姓名',
  `avatar` varchar(200) CHARACTER SET utf8mb4 COLLATE utf8mb4_0900_ai_ci NULL DEFAULT NULL COMMENT '头像',
  `gender` tinyint(4) NULL DEFAULT NULL COMMENT '性别   0：男   1：女   2：未知',
  `email` varchar(100) CHARACTER SET utf8mb4 COLLATE utf8mb4_0900_ai_ci NULL DEFAULT NULL COMMENT '邮箱',
  `mobile` varchar(20) CHARACTER SET utf8mb4 COLLATE utf8mb4_0900_ai_ci NULL DEFAULT NULL COMMENT '手机号',
  `org_id` bigint(20) NULL DEFAULT NULL COMMENT '机构ID',
  `super_admin` tinyint(4) NULL DEFAULT NULL COMMENT '超级管理员   0：否   1：是',
  `status` tinyint(4) NULL DEFAULT NULL COMMENT '状态  0：停用   1：正常',
  `version` int(11) NULL DEFAULT NULL COMMENT '版本号',
  `deleted` tinyint(4) NULL DEFAULT NULL COMMENT '删除标识  0：正常   1：已删除',
  `creator` bigint(20) NULL DEFAULT NULL COMMENT '创建者',
  `create_time` datetime(0) NULL DEFAULT NULL COMMENT '创建时间',
  `updater` bigint(20) NULL DEFAULT NULL COMMENT '更新者',
  `update_time` datetime(0) NULL DEFAULT NULL COMMENT '更新时间',
  PRIMARY KEY (`id`) USING BTREE
) ENGINE = InnoDB AUTO_INCREMENT = 10003 CHARACTER SET = utf8mb4 COLLATE = utf8mb4_0900_ai_ci COMMENT = '用户管理' ROW_FORMAT = Dynamic;

-- ----------------------------
-- Records of sys_user
-- ----------------------------
INSERT INTO `sys_user` VALUES (10000, 'admin', '{bcrypt}$2a$10$mW/yJPHjyueQ1g26WNBz0uxVPa0GQdJO1fFZmqdkqgMTGnyszlXxu', 'admin', 'https://www.zrxlh.top/wp-content/uploads/2020/03/cropped-20150917091836_dFNP4-1.jpeg', 0, '985134801@qq.com', '13042238929', NULL, 1, 1, 0, 0, 10000, '2022-09-27 11:01:26', 10000, '2022-09-27 11:01:26');
INSERT INTO `sys_user` VALUES (10001, '测试用户', '{bcrypt}$2a$10$fbYBagGEe60fcaRzKHKDSOOdiQPlHgHGsDzE2WmnoRD5bR8oEiUxy', '测试用户', NULL, 0, '', '13677677652', 1, 0, 1, 0, 0, 10000, '2022-10-08 11:17:16', 10000, '2022-11-25 21:43:23');
INSERT INTO `sys_user` VALUES (10002, '测试用户2', '{bcrypt}$2a$10$5w1wYQMhPdmPDjr9bRGob.IfHYQjTEc3TvytvjKShtA5lUH2mUuRK', '测试用户2', NULL, 0, '', '13566566565', 1, 0, 1, 0, 0, 10000, '2022-10-08 16:37:20', 10000, '2022-10-08 16:37:20');

-- ----------------------------
-- Table structure for sys_user_post
-- ----------------------------
DROP TABLE IF EXISTS `sys_user_post`;
CREATE TABLE `sys_user_post`  (
  `id` bigint(20) NOT NULL AUTO_INCREMENT COMMENT 'id',
  `user_id` bigint(20) NULL DEFAULT NULL COMMENT '用户ID',
  `post_id` bigint(20) NULL DEFAULT NULL COMMENT '岗位ID',
  `version` int(11) NULL DEFAULT NULL COMMENT '版本号',
  `deleted` tinyint(4) NULL DEFAULT NULL COMMENT '删除标识  0：正常   1：已删除',
  `creator` bigint(20) NULL DEFAULT NULL COMMENT '创建者',
  `create_time` datetime(0) NULL DEFAULT NULL COMMENT '创建时间',
  `updater` bigint(20) NULL DEFAULT NULL COMMENT '更新者',
  `update_time` datetime(0) NULL DEFAULT NULL COMMENT '更新时间',
  PRIMARY KEY (`id`) USING BTREE,
  INDEX `idx_user_id`(`user_id`) USING BTREE,
  INDEX `idx_post_id`(`post_id`) USING BTREE
) ENGINE = InnoDB AUTO_INCREMENT = 2 CHARACTER SET = utf8mb4 COLLATE = utf8mb4_0900_ai_ci COMMENT = '用户岗位关系' ROW_FORMAT = Dynamic;

-- ----------------------------
-- Records of sys_user_post
-- ----------------------------
INSERT INTO `sys_user_post` VALUES (1, 10001, 1, 0, 0, 10000, '2022-10-08 11:17:16', 10000, '2022-10-08 11:17:16');
INSERT INTO `sys_user_post` VALUES (2, 10002, 1, 0, 0, 10000, '2022-10-08 16:37:20', 10000, '2022-10-08 16:37:20');

-- ----------------------------
-- Table structure for sys_user_role
-- ----------------------------
DROP TABLE IF EXISTS `sys_user_role`;
CREATE TABLE `sys_user_role`  (
  `id` bigint(20) NOT NULL AUTO_INCREMENT COMMENT 'id',
  `role_id` bigint(20) NULL DEFAULT NULL COMMENT '角色ID',
  `user_id` bigint(20) NULL DEFAULT NULL COMMENT '用户ID',
  `version` int(11) NULL DEFAULT NULL COMMENT '版本号',
  `deleted` tinyint(4) NULL DEFAULT NULL COMMENT '删除标识  0：正常   1：已删除',
  `creator` bigint(20) NULL DEFAULT NULL COMMENT '创建者',
  `create_time` datetime(0) NULL DEFAULT NULL COMMENT '创建时间',
  `updater` bigint(20) NULL DEFAULT NULL COMMENT '更新者',
  `update_time` datetime(0) NULL DEFAULT NULL COMMENT '更新时间',
  PRIMARY KEY (`id`) USING BTREE,
  INDEX `idx_role_id`(`role_id`) USING BTREE,
  INDEX `idx_user_id`(`user_id`) USING BTREE
) ENGINE = InnoDB AUTO_INCREMENT = 6 CHARACTER SET = utf8mb4 COLLATE = utf8mb4_0900_ai_ci COMMENT = '用户角色关系' ROW_FORMAT = Dynamic;

-- ----------------------------
-- Records of sys_user_role
-- ----------------------------
INSERT INTO `sys_user_role` VALUES (1, 1, 10001, 0, 1, 10000, '2022-10-08 11:17:16', 10000, '2022-10-08 11:17:16');
INSERT INTO `sys_user_role` VALUES (2, 1, 10002, 0, 1, 10000, '2022-10-08 16:37:20', 10000, '2022-10-08 16:37:20');
INSERT INTO `sys_user_role` VALUES (3, 3, 10001, 0, 1, 10000, '2022-11-25 21:43:23', 10000, '2022-11-25 21:43:23');
INSERT INTO `sys_user_role` VALUES (4, 3, 10001, 0, 1, 10001, '2022-11-26 13:04:21', 10001, '2022-11-26 13:04:21');
INSERT INTO `sys_user_role` VALUES (5, 3, 10001, 0, 0, 10001, '2022-11-26 13:04:40', 10001, '2022-11-26 13:04:40');

SET FOREIGN_KEY_CHECKS = 1;
